-- phpMyAdmin SQL Dump
-- version 5.1.1
-- https://www.phpmyadmin.net/
--
-- Host: 127.0.0.1
-- Generation Time: May 21, 2022 at 05:52 AM
-- Server version: 10.4.21-MariaDB
-- PHP Version: 7.4.25

SET SQL_MODE = "NO_AUTO_VALUE_ON_ZERO";
START TRANSACTION;
SET time_zone = "+00:00";


/*!40101 SET @OLD_CHARACTER_SET_CLIENT=@@CHARACTER_SET_CLIENT */;
/*!40101 SET @OLD_CHARACTER_SET_RESULTS=@@CHARACTER_SET_RESULTS */;
/*!40101 SET @OLD_COLLATION_CONNECTION=@@COLLATION_CONNECTION */;
/*!40101 SET NAMES utf8mb4 */;

--
-- Database: `school`
--

-- --------------------------------------------------------

--
-- Table structure for table `classes`
--

CREATE TABLE `classes` (
  `id` int(11) NOT NULL,
  `name` varchar(100) NOT NULL,
  `statusId` int(11) NOT NULL,
  `createdAt` bigint(20) NOT NULL,
  `updatedAt` bigint(20) NOT NULL,
  `deletedAt` bigint(20) NOT NULL
) ENGINE=InnoDB DEFAULT CHARSET=utf8;

--
-- Dumping data for table `classes`
--

INSERT INTO `classes` (`id`, `name`, `statusId`, `createdAt`, `updatedAt`, `deletedAt`) VALUES
(1, 'X', 1, 1653104868, 1653104868, 0),
(2, 'XI', 1, 1653104868, 1653104868, 0),
(3, 'XII', 1, 1653104868, 1653104868, 0);

-- --------------------------------------------------------

--
-- Table structure for table `departments`
--

CREATE TABLE `departments` (
  `id` int(11) NOT NULL,
  `name` varchar(100) NOT NULL,
  `statusId` int(11) NOT NULL,
  `createdAt` bigint(20) NOT NULL,
  `updatedAt` bigint(20) NOT NULL,
  `deletedAt` bigint(20) NOT NULL
) ENGINE=InnoDB DEFAULT CHARSET=utf8;

--
-- Dumping data for table `departments`
--

INSERT INTO `departments` (`id`, `name`, `statusId`, `createdAt`, `updatedAt`, `deletedAt`) VALUES
(1, 'IPA', 1, 1653104868, 1653104868, 0),
(2, 'IPS', 1, 1653104868, 1653104868, 0);

-- --------------------------------------------------------

--
-- Table structure for table `educationlevels`
--

CREATE TABLE `educationlevels` (
  `id` int(11) NOT NULL,
  `name` varchar(100) NOT NULL,
  `statusId` int(11) NOT NULL,
  `createdAt` bigint(20) NOT NULL,
  `updatedAt` bigint(20) NOT NULL,
  `deletedAt` bigint(20) NOT NULL
) ENGINE=InnoDB DEFAULT CHARSET=utf8;

--
-- Dumping data for table `educationlevels`
--

INSERT INTO `educationlevels` (`id`, `name`, `statusId`, `createdAt`, `updatedAt`, `deletedAt`) VALUES
(1, 'Taman kanak-kanak', 1, 1653104868, 1653104868, 0),
(2, 'Sekolah dasar', 1, 1653104868, 1653104868, 0),
(3, 'Sekolah menengah pertama', 1, 1653104868, 1653104868, 0),
(4, 'Sekolah menengah atas', 1, 1653104868, 1653104868, 0),
(5, 'D1', 1, 1653104868, 1653104868, 0),
(6, 'D2', 1, 1653104868, 1653104868, 0),
(7, 'D3', 1, 1653104868, 1653104868, 0),
(8, 'S1', 1, 1653104868, 1653104868, 0),
(9, 'S2', 1, 1653104868, 1653104868, 0),
(10, 'S3', 1, 1653104868, 1653104868, 0);

-- --------------------------------------------------------

--
-- Table structure for table `employees`
--

CREATE TABLE `employees` (
  `id` int(11) NOT NULL,
  `name` varchar(100) NOT NULL,
  `statusId` int(11) NOT NULL,
  `createdAt` bigint(20) NOT NULL,
  `updatedAt` bigint(20) NOT NULL,
  `deletedAt` bigint(20) NOT NULL
) ENGINE=InnoDB DEFAULT CHARSET=utf8;

--
-- Dumping data for table `employees`
--

INSERT INTO `employees` (`id`, `name`, `statusId`, `createdAt`, `updatedAt`, `deletedAt`) VALUES
(1, 'ALMARHUM', 1, 1653104868, 1653104868, 0),
(2, 'BANGUNAAN', 1, 1653104868, 1653104868, 0),
(3, 'BECAK', 1, 1653104868, 1653104868, 0),
(4, 'BURUH', 1, 1653104868, 1653104868, 0),
(5, 'DAGANG', 1, 1653104868, 1653104868, 0),
(6, 'GURU', 1, 1653104868, 1653104868, 0),
(7, 'GURU HONORER', 1, 1653104868, 1653104868, 0),
(8, 'IRT', 1, 1653104868, 1653104868, 0),
(9, 'KANTIN', 1, 1653104868, 1653104868, 0),
(10, 'KARYAWAN HONORER', 1, 1653104868, 1653104868, 0),
(11, 'NELAYAN', 1, 1653104868, 1653104868, 0),
(12, 'PEDAGANG', 1, 1653104868, 1653104868, 0),
(13, 'PEGAWAI DAERAH', 1, 1653104868, 1653104868, 0),
(14, 'PEGAWAI SWASTA', 1, 1653104868, 1653104868, 0),
(15, 'PENSIUNAN', 1, 1653104868, 1653104868, 0),
(16, 'PENSIUNAN PNS', 1, 1653104868, 1653104868, 0),
(17, 'PERAWAT', 1, 1653104868, 1653104868, 0),
(18, 'PERIKANAN', 1, 1653104868, 1653104868, 0),
(19, 'PETANI', 1, 1653104868, 1653104868, 0),
(20, 'PJS', 1, 1653104868, 1653104868, 0),
(21, 'PNS', 1, 1653104868, 1653104868, 0),
(22, 'SOPIR', 1, 1653104868, 1653104868, 0),
(23, 'SWASTA', 1, 1653104868, 1653104868, 0),
(24, 'TANI', 1, 1653104868, 1653104868, 0),
(25, 'TIDAK BEKERJA', 1, 1653104868, 1653104868, 0),
(26, 'TUKANG BATU', 1, 1653104868, 1653104868, 0);

-- --------------------------------------------------------

--
-- Table structure for table `exams`
--

CREATE TABLE `exams` (
  `id` int(11) NOT NULL,
  `classId` int(11) NOT NULL,
  `subjectId` int(11) NOT NULL,
  `question` text DEFAULT NULL,
  `questionImage` varchar(50) DEFAULT NULL,
  `show` enum('both','text','image') NOT NULL,
  `a` text NOT NULL,
  `b` text NOT NULL,
  `c` text NOT NULL,
  `d` text NOT NULL,
  `e` text NOT NULL,
  `point` int(3) NOT NULL,
  `answer` char(1) NOT NULL,
  `statusId` int(11) NOT NULL,
  `semesterId` int(11) NOT NULL,
  `createdAt` bigint(20) NOT NULL,
  `updatedAt` bigint(20) NOT NULL,
  `deletedAt` bigint(20) NOT NULL
) ENGINE=InnoDB DEFAULT CHARSET=utf8;

-- --------------------------------------------------------

--
-- Table structure for table `groups`
--

CREATE TABLE `groups` (
  `id` int(11) NOT NULL,
  `name` varchar(100) NOT NULL,
  `statusId` int(11) NOT NULL,
  `createdAt` bigint(20) NOT NULL,
  `updatedAt` bigint(20) NOT NULL,
  `deletedAt` bigint(20) NOT NULL
) ENGINE=InnoDB DEFAULT CHARSET=utf8;

--
-- Dumping data for table `groups`
--

INSERT INTO `groups` (`id`, `name`, `statusId`, `createdAt`, `updatedAt`, `deletedAt`) VALUES
(1, 'a', 1, 1653104868, 1653104868, 0),
(2, 'b', 1, 1653104868, 1653104868, 0),
(3, 'c', 1, 1653104868, 1653104868, 0),
(4, 'd', 1, 1653104868, 1653104868, 0);

-- --------------------------------------------------------

--
-- Table structure for table `hoomrooms`
--

CREATE TABLE `hoomrooms` (
  `id` int(11) NOT NULL,
  `roomId` int(11) NOT NULL,
  `classId` int(11) NOT NULL,
  `teacherId` int(11) NOT NULL,
  `duration` int(3) NOT NULL,
  `statusId` int(11) NOT NULL,
  `createdAt` bigint(20) NOT NULL,
  `updatedAt` bigint(20) NOT NULL,
  `deletedAt` bigint(20) NOT NULL
) ENGINE=InnoDB DEFAULT CHARSET=utf8;

--
-- Dumping data for table `hoomrooms`
--

INSERT INTO `hoomrooms` (`id`, `roomId`, `classId`, `teacherId`, `duration`, `statusId`, `createdAt`, `updatedAt`, `deletedAt`) VALUES
(1, 1, 1, 63, 6, 1, 1653104988, 1653104988, 0),
(2, 2, 1, 9, 6, 1, 1653104988, 1653104988, 0),
(3, 3, 1, 10, 6, 1, 1653104988, 1653104988, 0),
(4, 4, 1, 61, 6, 1, 1653104988, 1653104988, 0),
(5, 5, 1, 11, 6, 1, 1653104988, 1653104988, 0),
(6, 6, 1, 60, 6, 1, 1653104988, 1653104988, 0),
(7, 7, 1, 12, 6, 1, 1653104988, 1653104988, 0),
(8, 1, 2, 13, 6, 1, 1653104988, 1653104988, 0),
(9, 2, 2, 14, 6, 1, 1653104988, 1653104988, 0),
(10, 3, 2, 15, 6, 1, 1653104988, 1653104988, 0),
(11, 4, 2, 65, 6, 1, 1653104988, 1653104988, 0),
(12, 5, 2, 16, 6, 1, 1653104988, 1653104988, 0),
(13, 6, 2, 17, 6, 1, 1653104988, 1653104988, 0),
(14, 7, 2, 18, 6, 1, 1653104988, 1653104988, 0),
(15, 1, 3, 19, 6, 1, 1653104988, 1653104988, 0),
(16, 2, 3, 20, 6, 1, 1653104988, 1653104988, 0),
(17, 3, 3, 21, 6, 1, 1653104988, 1653104988, 0),
(18, 4, 3, 22, 6, 1, 1653104988, 1653104988, 0),
(19, 5, 3, 23, 6, 1, 1653104988, 1653104988, 0),
(20, 6, 3, 24, 6, 1, 1653104988, 1653104988, 0),
(21, 7, 3, 64, 6, 1, 1653104988, 1653104988, 0);

-- --------------------------------------------------------

--
-- Table structure for table `majors`
--

CREATE TABLE `majors` (
  `id` int(11) NOT NULL,
  `name` varchar(100) NOT NULL,
  `statusId` int(11) NOT NULL,
  `createdAt` bigint(20) NOT NULL,
  `updatedAt` bigint(20) NOT NULL,
  `deletedAt` bigint(20) NOT NULL
) ENGINE=InnoDB DEFAULT CHARSET=utf8;

--
-- Dumping data for table `majors`
--

INSERT INTO `majors` (`id`, `name`, `statusId`, `createdAt`, `updatedAt`, `deletedAt`) VALUES
(1, 'Biologi', 1, 1653104868, 1653104868, 0),
(2, 'PKn', 1, 1653104868, 1653104868, 0),
(3, 'Sosiologi', 1, 1653104868, 1653104868, 0),
(4, 'Ekonomi', 1, 1653104868, 1653104868, 0),
(5, 'B. Indonesia', 1, 1653104868, 1653104868, 0),
(6, 'Kimia', 1, 1653104868, 1653104868, 0),
(7, 'TIA', 1, 1653104868, 1653104868, 0),
(8, 'Fiqih', 1, 1653104868, 1653104868, 0),
(9, 'Penjaskes', 1, 1653104868, 1653104868, 0),
(10, 'B. Inggris', 1, 1653104868, 1653104868, 0),
(11, 'B. Arab', 1, 1653104868, 1653104868, 0),
(12, 'BK', 1, 1653104868, 1653104868, 0),
(13, 'Fisika', 1, 1653104868, 1653104868, 0),
(14, 'PAI', 1, 1653104868, 1653104868, 0),
(15, 'Sejarah', 1, 1653104868, 1653104868, 0),
(16, 'Matematika', 1, 1653104868, 1653104868, 0),
(17, 'IPA', 1, 1653104868, 1653104868, 0),
(18, 'Perdagangan', 1, 1653104868, 1653104868, 0);

-- --------------------------------------------------------

--
-- Table structure for table `migrations`
--

CREATE TABLE `migrations` (
  `id` bigint(20) UNSIGNED NOT NULL,
  `version` varchar(255) NOT NULL,
  `class` varchar(255) NOT NULL,
  `group` varchar(255) NOT NULL,
  `namespace` varchar(255) NOT NULL,
  `time` int(11) NOT NULL,
  `batch` int(11) UNSIGNED NOT NULL
) ENGINE=InnoDB DEFAULT CHARSET=utf8;

--
-- Dumping data for table `migrations`
--

INSERT INTO `migrations` (`id`, `version`, `class`, `group`, `namespace`, `time`, `batch`) VALUES
(73, '20220501100499', 'App\\Database\\Migrations\\Status', 'default', 'App', 1653104866, 1),
(74, '20220501100500', 'App\\Database\\Migrations\\Employee', 'default', 'App', 1653104866, 1),
(75, '20220501100501', 'App\\Database\\Migrations\\Classs', 'default', 'App', 1653104866, 1),
(76, '20220501100502', 'App\\Database\\Migrations\\Departments', 'default', 'App', 1653104866, 1),
(77, '20220501100503', 'App\\Database\\Migrations\\Rooms', 'default', 'App', 1653104866, 1),
(78, '20220501100504', 'App\\Database\\Migrations\\Privileges', 'default', 'App', 1653104866, 1),
(79, '20220501100505', 'App\\Database\\Migrations\\Subject', 'default', 'App', 1653104866, 1),
(80, '20220501100508', 'App\\Database\\Migrations\\Semester', 'default', 'App', 1653104866, 1),
(81, '20220501100509', 'App\\Database\\Migrations\\Exams', 'default', 'App', 1653104866, 1),
(82, '20220501100512', 'App\\Database\\Migrations\\Scheduleexams', 'default', 'App', 1653104866, 1),
(83, '20220501100513', 'App\\Database\\Migrations\\SubjectDepartements', 'default', 'App', 1653104866, 1),
(84, '20220514052802', 'App\\Database\\Migrations\\Ranks', 'default', 'App', 1653104866, 1),
(85, '20220514053450', 'App\\Database\\Migrations\\Groups', 'default', 'App', 1653104866, 1),
(86, '20220514141410', 'App\\Database\\Migrations\\EducationLevels', 'default', 'App', 1653104866, 1),
(87, '20220515040435', 'App\\Database\\Migrations\\Majors', 'default', 'App', 1653104866, 1),
(88, '20220515041546', 'App\\Database\\Migrations\\Schools', 'default', 'App', 1653104866, 1),
(89, '20220515041547', 'App\\Database\\Migrations\\Teachers', 'default', 'App', 1653104866, 1),
(90, '20220515041548', 'App\\Database\\Migrations\\Hoomrooms', 'default', 'App', 1653104867, 1),
(91, '20220515041549', 'App\\Database\\Migrations\\SubjectTeacher', 'default', 'App', 1653104867, 1),
(92, '20220515041550', 'App\\Database\\Migrations\\Tasks', 'default', 'App', 1653104867, 1),
(93, '20220515041551', 'App\\Database\\Migrations\\TeacherTasks', 'default', 'App', 1653104867, 1),
(94, '20220515041552', 'App\\Database\\Migrations\\Students', 'default', 'App', 1653104867, 1),
(95, '20220515041553', 'App\\Database\\Migrations\\Resultexams', 'default', 'App', 1653104867, 1),
(96, '20220515041554', 'App\\Database\\Migrations\\ReportStudent', 'default', 'App', 1653104867, 1);

-- --------------------------------------------------------

--
-- Table structure for table `privileges`
--

CREATE TABLE `privileges` (
  `id` int(11) NOT NULL,
  `name` varchar(50) NOT NULL,
  `statusId` int(11) NOT NULL,
  `createdAt` bigint(20) NOT NULL,
  `updatedAt` bigint(20) NOT NULL,
  `deletedAt` bigint(20) NOT NULL
) ENGINE=InnoDB DEFAULT CHARSET=utf8;

--
-- Dumping data for table `privileges`
--

INSERT INTO `privileges` (`id`, `name`, `statusId`, `createdAt`, `updatedAt`, `deletedAt`) VALUES
(1, 'superadmin', 1, 1653104868, 1653104868, 0),
(2, 'headmaster', 1, 1653104868, 1653104868, 0),
(3, 'admin', 1, 1653104868, 1653104868, 0),
(4, 'editor', 1, 1653104868, 1653104868, 0),
(5, 'teacher', 1, 1653104868, 1653104868, 0),
(6, 'student', 1, 1653104868, 1653104868, 0),
(7, 'new', 1, 1653104868, 1653104868, 0),
(8, 'alumni', 1, 1653104868, 1653104868, 0);

-- --------------------------------------------------------

--
-- Table structure for table `ranks`
--

CREATE TABLE `ranks` (
  `id` int(11) NOT NULL,
  `name` varchar(100) NOT NULL,
  `statusId` int(11) NOT NULL,
  `createdAt` bigint(20) NOT NULL,
  `updatedAt` bigint(20) NOT NULL,
  `deletedAt` bigint(20) NOT NULL
) ENGINE=InnoDB DEFAULT CHARSET=utf8;

--
-- Dumping data for table `ranks`
--

INSERT INTO `ranks` (`id`, `name`, `statusId`, `createdAt`, `updatedAt`, `deletedAt`) VALUES
(1, 'I', 1, 1653104868, 1653104868, 0),
(2, 'II', 1, 1653104868, 1653104868, 0),
(3, 'III', 1, 1653104868, 1653104868, 0),
(4, 'IV', 1, 1653104868, 1653104868, 0);

-- --------------------------------------------------------

--
-- Table structure for table `reportstudents`
--

CREATE TABLE `reportstudents` (
  `id` int(11) NOT NULL,
  `roomId` int(11) NOT NULL,
  `classId` int(11) NOT NULL,
  `semesterId` int(11) NOT NULL,
  `subjectId` int(11) NOT NULL,
  `point` int(11) NOT NULL,
  `createdAt` bigint(20) NOT NULL,
  `updatedAt` bigint(20) NOT NULL,
  `deletedAt` bigint(20) NOT NULL
) ENGINE=InnoDB DEFAULT CHARSET=utf8;

-- --------------------------------------------------------

--
-- Table structure for table `resultexams`
--

CREATE TABLE `resultexams` (
  `id` int(11) NOT NULL,
  `studentId` int(11) NOT NULL,
  `examId` int(11) NOT NULL,
  `choise` varchar(1) NOT NULL,
  `semesterId` int(11) NOT NULL,
  `statusId` int(11) NOT NULL,
  `createdAt` bigint(20) NOT NULL,
  `updatedAt` bigint(20) NOT NULL,
  `deletedAt` bigint(20) NOT NULL
) ENGINE=InnoDB DEFAULT CHARSET=utf8;

-- --------------------------------------------------------

--
-- Table structure for table `rooms`
--

CREATE TABLE `rooms` (
  `id` int(11) NOT NULL,
  `name` varchar(100) NOT NULL,
  `statusId` int(11) NOT NULL,
  `departmentId` int(1) NOT NULL,
  `createdAt` bigint(20) NOT NULL,
  `updatedAt` bigint(20) NOT NULL,
  `deletedAt` bigint(20) NOT NULL
) ENGINE=InnoDB DEFAULT CHARSET=utf8;

--
-- Dumping data for table `rooms`
--

INSERT INTO `rooms` (`id`, `name`, `statusId`, `departmentId`, `createdAt`, `updatedAt`, `deletedAt`) VALUES
(1, 'IPA 1', 1, 1, 1653104868, 1653104868, 0),
(2, 'IPA 2', 1, 1, 1653104868, 1653104868, 0),
(3, 'IPA 3', 1, 1, 1653104868, 1653104868, 0),
(4, 'IPA 4', 1, 1, 1653104868, 1653104868, 0),
(5, 'IPS 1', 1, 2, 1653104868, 1653104868, 0),
(6, 'IPS 2', 1, 2, 1653104868, 1653104868, 0),
(7, 'IPS 3', 1, 2, 1653104868, 1653104868, 0);

-- --------------------------------------------------------

--
-- Table structure for table `scheduleexams`
--

CREATE TABLE `scheduleexams` (
  `id` bigint(11) NOT NULL,
  `subjectId` int(11) NOT NULL,
  `classId` int(11) NOT NULL,
  `semesterId` int(11) NOT NULL,
  `start` bigint(20) NOT NULL,
  `end` bigint(20) NOT NULL,
  `statusId` int(11) NOT NULL,
  `createdAt` bigint(20) NOT NULL,
  `updatedAt` bigint(20) NOT NULL,
  `deletedAt` bigint(20) NOT NULL
) ENGINE=InnoDB DEFAULT CHARSET=utf8;

-- --------------------------------------------------------

--
-- Table structure for table `schools`
--

CREATE TABLE `schools` (
  `id` int(11) NOT NULL,
  `name` varchar(255) NOT NULL,
  `npsn` varchar(255) DEFAULT NULL,
  `address` varchar(255) DEFAULT NULL,
  `statusId` int(11) NOT NULL,
  `createdAt` bigint(20) NOT NULL,
  `updatedAt` bigint(20) NOT NULL,
  `deletedAt` bigint(20) NOT NULL
) ENGINE=InnoDB DEFAULT CHARSET=utf8;

--
-- Dumping data for table `schools`
--

INSERT INTO `schools` (`id`, `name`, `npsn`, `address`, `statusId`, `createdAt`, `updatedAt`, `deletedAt`) VALUES
(1, 'SMPN 24 TAKENGON', ' 10102273', 'JLN. TAKENGON-BLANG KEJEREN KM. 75,5 KP. OWAQ KEC. LINGE KAB. ACEH TENGAH', 1, 1653104904, 1653104904, 0),
(2, 'SMPN 26 TAKENGON', ' 10107510', 'REJE PAYUNG', 1, 1653104904, 1653104904, 0),
(3, 'SMPN 30 TAKENGON', ' 10110649', 'DUSUN JERATA KAMPUNG LUMUT', 1, 1653104904, 1653104904, 0),
(4, 'SMPN 39 TAKENGON', ' 10101010', 'DUSUN GENTENG, KAMPUNG PANTAN NANGKA', 1, 1653104904, 1653104904, 0),
(5, 'SMPN 40 TAKENGON', ' 69774762', 'JLN. ISAQ-JAGONG', 1, 1653104904, 1653104904, 0),
(6, 'SMPN 8 TAKENGON', ' 10102252', 'ISAQ', 1, 1653104904, 1653104904, 0),
(7, 'SMPN 27 TAKENGON', ' 10107505', 'JLN. NOSAR BINTANG', 1, 1653104904, 1653104904, 0),
(8, 'SMPN 29 TAKENGON', ' 10110648', 'SERULE', 1, 1653104904, 1653104904, 0),
(9, 'SMPN 9 TAKENGON', ' 10102253', 'JLN. BINTANG SERULE', 1, 1653104904, 1653104904, 0),
(10, 'SMPS TERPADU AL-HASANIYAH', ' 69938369', 'JL. TAKENGON - BINTANG', 1, 1653104904, 1653104904, 0),
(11, 'MTSN 6 ACEH TENGAH', ' 10114338', 'JL. BINTANG-SERULE KUALA II', 1, 1653104904, 1653104904, 0),
(12, 'MTSS MI YARUL ULUM AL-AZIZIYAH', ' 69881577', 'BINTANG-SERULE', 1, 1653104904, 1653104904, 0),
(13, 'SMP TERPADU AL-AZHAR TAKENGON', ' 69888572', 'JL. TAKENGON - BLANG KEJEREN KM. 10', 1, 1653104904, 1653104904, 0),
(14, 'SMPN 14 TAKENGON', ' 10102257', 'JL. TAKENGON - ISAQ KM. 11 KEDELAH, KEC. PEGASING', 1, 1653104904, 1653104904, 0),
(15, 'SMPN 31 TAKENGON', ' 10107813', 'JL.BLANG PAYA KP.WIH ILANG', 1, 1653104904, 1653104904, 0),
(16, 'SMPN 43 TAKENGON', ' 69875575', 'KAMPUNG ARUL BADAK', 1, 1653104904, 1653104904, 0),
(17, 'SMPN 5 TAKENGON', ' 10102251', 'JLN TAKENGON ISAQ', 1, 1653104904, 1653104904, 0),
(18, 'MTS DARUL AMAL', ' 69975779', 'JL. TAKENGON-ISAK KAMPUNG URING PEGASING', 1, 1653104904, 1653104904, 0),
(19, 'MTSN 3 ACEH TENGAH', ' 10114347', 'JL. TAKENGON ISAQ KM 6.5 BLANG BEBANGKA', 1, 1653104904, 1653104904, 0),
(20, 'MTSS GELELUNGI', ' 69881578', 'GELELUNGI', 1, 1653104904, 1653104904, 0),
(21, 'SMP BUDI DHARMA', ' 10107509', 'JLN MESS TIME RUANG', 1, 1653104904, 1653104904, 0),
(22, 'SMP IT CENDEKIA TAKENGON', ' 69990330', 'JL.PERTAMINA, KP.LEMAH BURBANA', 1, 1653104904, 1653104904, 0),
(23, 'SMP IT MUHAMMADIYAH TAKENGON', ' 70006276', 'JL.TGK PAYA-TANSARIL, MESJID TAKWA PAYA ILANG', 1, 1653104904, 1653104904, 0),
(24, 'SMPN 10 TAKENGON', ' 10102186', 'JLN. TAN SARIL BEBESEN', 1, 1653104904, 1653104904, 0),
(25, 'SMPN 11 TAKENGON', ' 10102242', 'ATU TULU', 1, 1653104904, 1653104904, 0),
(26, 'SMPN 41 TAKENGON', ' 69774765', 'UMANG', 1, 1653104904, 1653104904, 0),
(27, 'SMPS 1001 TAKENGON', ' 10102256', 'BUNTUL GELENGANG', 1, 1653104904, 1653104904, 0),
(28, 'MAQAMAM MAHMUDA', ' 69963441', 'BUNTUL GELENGANG', 1, 1653104904, 1653104904, 0),
(29, 'MTS LELABU BEBESEN YAYASAN JAMA` PENGULU BALUHEN', ' 69994144', 'JALAN SP. IV-BLANG GELE KAMPUNG LELABU', 1, 1653104904, 1653104904, 0),
(30, 'MTS TAHFIDZUL QUR\'AN AL AZZAM', ' 70014199', 'JL. LEMAH BURBANA NO. 30 A', 1, 1653104904, 1653104904, 0),
(31, 'MTSS DARUL MUKHLISIN', ' 10114336', 'BURJIMET', 1, 1653104904, 1653104904, 0),
(32, 'MTSS IKHWANUL YAQIN', ' 10114337', 'JL. LINTANG LR. SARA DATU', 1, 1653104904, 1653104904, 0),
(33, 'MTSS ULUMUL QUR AN', ' 69881576', 'JLN. PINTU NANGKA NO,1 BEBESEN', 1, 1653104904, 1653104904, 0),
(34, 'SMPN 18 TAKENGON', ' 10102294', 'WIHNI DURIN', 1, 1653104904, 1653104904, 0),
(35, 'SMPN 23 TAKENGON', ' 10102295', 'DESA BURNI BIUS', 1, 1653104904, 1653104904, 0),
(36, 'SMPN 3 TAKENGON', ' 10102189', 'ANGKUP', 1, 1653104904, 1653104904, 0),
(37, 'SMPN 34 TAKENGON', ' 10111926', 'JLN. REMBELE', 1, 1653104904, 1653104904, 0),
(38, 'MTS DARUL MUJAHADAH AL WALIYYAH', ' 69975780', 'JL. ANGKUP-BLANG MANCUNG', 1, 1653104904, 1653104904, 0),
(39, 'MTSN 4 ACEH TENGAH', ' 10114350', 'JL. ANGKUP ALUR KUMER', 1, 1653104904, 1653104904, 0),
(40, 'MTSS ARUL KUMER', ' 10114351', 'ARUL KUMER', 1, 1653104904, 1653104904, 0),
(41, 'SMPN 42 TAKENGON', ' 69876829', 'KAMPUNG SEGENE BALIK', 1, 1653104904, 1653104904, 0),
(42, 'SMPN 7 TAKENGON', ' 10102190', 'RATAWALI', 1, 1653104904, 1653104904, 0),
(43, 'MTSN 5 ACEH TENGAH', ' 10114344', 'JLN TAKENGON - LUKUB SABUN RATAWALI', 1, 1653104904, 1653104904, 0),
(44, 'SMP ZAHRATUL AZHAR', ' 70024527', 'JL.CANG DURI-BLANG MANCUNG, KP.CANG DURI, KECAMATAN KETOL', 1, 1653104904, 1653104904, 0),
(45, 'SMPN 12 TAKENGON', ' 10102244', 'JALAN SIMPANG BALIK - BLANG MANCUNG', 1, 1653104904, 1653104904, 0),
(46, 'SMPN 21 TAKENGON', ' 10102246', 'PONDOK BALIK', 1, 1653104904, 1653104904, 0),
(47, 'SMPN 32 TAKENGON', ' 10111924', 'KEKUYANG', 1, 1653104904, 1653104904, 0),
(48, 'SMPN 36 TAKENGON', ' 10111928', 'KARANG AMPAR', 1, 1653104904, 1653104904, 0),
(49, 'SMPN 37 TAKENGON', ' 10112961', 'JALAN TENGAH', 1, 1653104904, 1653104904, 0),
(50, 'SMPN 44 TAKENGON', ' 70012264', 'JL. BELANG MANCUNG - SEREMPAH', 1, 1653104904, 1653104904, 0),
(51, 'SMPN 15 TAKENGON', ' 10102270', 'JLN. ANGKUP BETUNG', 1, 1653104904, 1653104904, 0),
(52, 'SMPN 33 TAKENGON', ' 10111925', 'BERAWANG RAMUNG', 1, 1653104904, 1653104904, 0),
(53, 'SMPN 35 TAKENGON', ' 10111927', 'TANOH DEPET', 1, 1653104904, 1653104904, 0),
(54, 'SMPN 13 TAKENGON', ' 10102272', 'JL.PANCA DERMA KEBAYAKAN', 1, 1653104904, 1653104904, 0),
(55, 'SMPN 6 TAKENGON', ' 10102269', 'JLN. TAKENGON - BIREUEN UJUNG TEMETAS', 1, 1653104904, 1653104904, 0),
(56, 'MTSN 2 ACEH TENGAH', ' 10114341', 'JL. UJUNG TEMETAS', 1, 1653104904, 1653104904, 0),
(57, 'MTSS AR-RAHMAN', ' 69788266', 'JL. PAYA TUMPI I', 1, 1653104904, 1653104904, 0),
(58, 'MTSS KEBAYAKAN', ' 10114342', 'KEBAYAKAN', 1, 1653104904, 1653104904, 0),
(59, 'SMPIT AZ ZAHRA', ' 69953709', 'DESA ASIR ASIR', 1, 1653104904, 1653104904, 0),
(60, 'SMPN 1 TAKENGON', ' 10102188', 'JLN.KARTINI NO.01 TAKENGON, KEC. LUT TAWAR', 1, 1653104904, 1653104904, 0),
(61, 'SMPN 2 TAKENGON', ' 10102182', 'JLN. LAUT TAWAR TAKENGON', 1, 1653104904, 1653104904, 0),
(62, 'SMPN 22 TAKENGON', ' 10107507', 'JLN.TAKENGON - LUT TAWAR', 1, 1653104904, 1653104904, 0),
(63, 'SMPN 4 TAKENGON', ' 10102274', 'JALAN LAUT TAWAR NO. 15 TAKENGON', 1, 1653104904, 1653104904, 0),
(64, 'MTSN 1 ACEH TENGAH', ' 10114346', 'JL. LAUT TAWAR TAKENGON', 1, 1653104904, 1653104904, 0),
(65, 'SMPN 20 TAKENGON', ' 10102241', 'JLN. POROS TAKENGON- JAGONG', 1, 1653104904, 1653104904, 0),
(66, 'MTSS ATU LINTANG', ' 69788267', 'JLN. TAKENGON-JAGONG ATU LINTANG', 1, 1653104904, 1653104904, 0),
(67, 'SMPN 16 TAKENGON', ' 10102245', 'JALAN KIHAJAR DEWANTARA', 1, 1653104904, 1653104904, 0),
(68, 'SMPN 25 TAKENGON', ' 10102271', 'GEGARANG', 1, 1653104904, 1653104904, 0),
(69, 'AL HUDA', ' 69995566', 'JL. AMAN DIMOT DUSUN BUKIT TEMAS', 1, 1653104904, 1653104904, 0),
(70, 'MTSN 7 ACEH TENGAH', ' 10114340', 'JL WIH EMPAN NO 3 JEGET AYU', 1, 1653104904, 1653104904, 0),
(71, 'SMPN 17 TAKENGON', ' 10102184', 'JLN. BIES PENENTANAN', 1, 1653104904, 1653104904, 0),
(72, 'AL-UMMAH', ' 69963442', 'JLN. TAKENGON-ANGKUP, SP. III BIES-ARUL LATONG', 1, 1653104904, 1653104904, 0),
(73, 'SMPN 19 TAKENGON', ' 10102258', 'DALING RUSIP', 1, 1653104904, 1653104904, 0),
(74, 'SMPN 28 TAKENGON', ' 10110647', 'DESA TANJUNG', 1, 1653104904, 1653104904, 0),
(75, 'SMPN 38 TAKENGON', ' 10112962', 'JL. PILAR WIH KIRI', 1, 1653104904, 1653104904, 0),
(76, 'MTSS PILAR RUSIP', ' 10114348', 'JLN.ANGKUP-PILAR PANTAN TENGAH', 1, 1653104904, 1653104904, 0),
(77, 'SMP NEGERI 2 TIMANG GAJAH', ' 10105165', 'JLN. TAKENGON - BIREUEN', 1, 1653104904, 1653104904, 0),
(78, 'SMP NEGERI 3 TIMANG GAJAH', ' 10105167', 'JLN. SP. LAYANG - TUNYANG', 1, 1653104904, 1653104904, 0),
(79, 'SMP NEGERI 4 TIMANG GAJAH', ' 10107264', 'JLN. TAKENGON BIREUN', 1, 1653104904, 1653104904, 0),
(80, 'SMP NEGERI 7 SATU ATAP PANTAN KEMUNING', ' 69725907', 'DESA PANTAN KEMUNING', 1, 1653104904, 1653104904, 0),
(81, 'SMP NEGERI 8 SATU ATAP CEKAL', ' 69725913', 'DESA CEKAL', 1, 1653104904, 1653104904, 0),
(82, 'SMP SWASTA DARUL IMAN', ' 69969253', 'KULEM PARA KANIS', 1, 1653104904, 1653104904, 0),
(83, 'MTSN 3 BENER MERIAH', ' 10114157', 'LAMPAHAN', 1, 1653104904, 1653104904, 0),
(84, 'MTSS BLANG RONGKA', ' 10114158', 'BLANG RONGKA', 1, 1653104904, 1653104904, 0),
(85, 'MTSS RAUDHATUL ULUM', ' 10114159', 'SIMPANG BALIK KENINE', 1, 1653104904, 1653104904, 0),
(86, 'SMP NEGERI 1 BUKIT', ' 10105158', 'JLN. MASJID BABUSSALAM SIMPANG TIGA REDELONG', 1, 1653104904, 1653104904, 0),
(87, 'SMP NEGERI 2 BUKIT', ' 10105164', 'BALE SIMPANG TIGA', 1, 1653104904, 1653104904, 0),
(88, 'SMP NEGERI 3 BUKIT', ' 10107260', 'PONDOK SAYUR', 1, 1653104904, 1653104904, 0),
(89, 'SMP NEGERI 4 BUKIT', ' 10110747', 'JLN. TERITIT PONDOK BARU', 1, 1653104904, 1653104904, 0),
(90, 'SMP NEGERI 5 BUKIT', ' 10110754', 'JLN LAPANGAN PACUAN KUDA', 1, 1653104904, 1653104904, 0),
(91, 'SMP TERPADU BUSTANUL ARIFIN', ' 10107269', 'PONDOK SAYUR', 1, 1653104904, 1653104904, 0),
(92, 'SMP TERPADU EL BUSTANY', ' 69912266', 'JLN KKA REMBELE KEC BUKIT KAB BENER MERIAH', 1, 1653104904, 1653104904, 0),
(93, 'SMP TERPADU SEUMAYOEN NUSANTARA', ' 10111605', 'REJE GURU', 1, 1653104904, 1653104904, 0),
(94, 'SMPS BLANG PANAS', ' 10107266', 'BLANG PANAS', 1, 1653104904, 1653104904, 0),
(95, 'MTSN 1 BENER MERIAH', ' 10114151', 'JLN. BALE ATU - SIMPANG TIGA', 1, 1653104904, 1653104904, 0),
(96, 'MTSS AN-NUR', ' 60728748', 'TINGKEM ASLI', 1, 1653104904, 1653104904, 0),
(97, 'SMP IT ALFATIH', ' 70009424', 'JALAN PONDOK BARU-BLANG JORONG', 1, 1653104904, 1653104904, 0),
(98, 'SMP M 13 JANARATA', ' 10105155', 'JANARATA', 1, 1653104904, 1653104904, 0),
(99, 'SMP NEGERI 1 BANDAR', ' 10105157', 'JALAN PURNAMA NO 144', 1, 1653104904, 1653104904, 0),
(100, 'SMP NEGERI 2 BANDAR', ' 10105160', 'BLANG JORONG', 1, 1653104904, 1653104904, 0),
(101, 'SMP NEGERI 3 BANDAR', ' 10105170', 'HAKIM WIH ILANG', 1, 1653104904, 1653104904, 0),
(102, 'SMP NEGERI 4 BANDAR', ' 10107263', 'JALAN KALA TENANG - PONDOK ULUNG', 1, 1653104904, 1653104904, 0),
(103, 'SMP NEGERI 5 BANDAR', ' 10110755', 'BLANG PULO', 1, 1653104904, 1653104904, 0),
(104, 'SMP NEGERI 6 SATU ATAP BANDAR', ' 10111941', 'BATHIN BANDAR JAYA', 1, 1653104904, 1653104904, 0),
(105, 'SMP NEGERI JANARATA', ' 10105169', 'JALAN PONDOK BARU - REDELONG', 1, 1653104904, 1653104904, 0),
(106, 'SMP SWASTA TERPADU HAQQUL MUBIN', ' 69725893', 'JL WONOSARI-TANSARAN BIDIN', 1, 1653104904, 1653104904, 0),
(107, 'SMP TERPADU BABUSSALAM', ' 69982309', 'KAMPUNG PUJA MULIA', 1, 1653104904, 1653104904, 0),
(108, 'MTSN 2 BENER MERIAH', ' 10114149', 'JLN. DJAMALUDDIN', 1, 1653104904, 1653104904, 0),
(109, 'SMP NEGERI 1 PERMATA', ' 10105163', 'BUNTUL KEMUMU', 1, 1653104904, 1653104904, 0),
(110, 'SMP NEGERI 2 PERMATA', ' 10105179', 'JL. JELOBOK-TEMAS MUMANANG', 1, 1653104904, 1653104904, 0),
(111, 'SMP NEGERI 3 PERMATA', ' 10107261', 'JLN. KKA-BALE MUSARA', 1, 1653104904, 1653104904, 0),
(112, 'SMP NEGERI 4 SATU ATAP PERMATA', ' 10107265', 'SENI ANTARA', 1, 1653104904, 1653104904, 0),
(113, 'SMP NEGERI 5 SATU ATAP PERMATA', ' 69725894', 'JL SUKA MAKMUR', 1, 1653104904, 1653104904, 0),
(114, 'SMP NEGERI 6 SATU ATAP PERMATA', ' 10112958', 'KAMPUNG WIH TENANG TOA', 1, 1653104904, 1653104904, 0),
(115, 'SMP NEGERI SATAP DATARAN DIANA', ' 69880232', 'BAKONGEN BARU', 1, 1653104904, 1653104904, 0),
(116, 'SMP TERPADU BUSTANUL ULUM', ' 10107256', 'JL KKA SP.SEPEDEN BUNTUL KEMUMU', 1, 1653104904, 1653104904, 0),
(117, 'SMP TERPADU TAUTHIATUL JANNAH', ' 69969249', 'KAMPUN UNING SEJUK - WIH TENANG TOA', 1, 1653104904, 1653104904, 0),
(118, 'MTS KHAZANATUL HIKAM', ' 70028343', 'JLN KKA-BINTANG PERMATA', 1, 1653104904, 1653104904, 0),
(119, 'MTS NURUL HUDA', ' 69977134', 'JL. KKA BALE PEDMATA-BUNTUL KM 56', 1, 1653104904, 1653104904, 0),
(120, 'MTSS PULO TIGE', ' 10114152', 'DARUL AMAN', 1, 1653104904, 1653104904, 0),
(121, 'MTSS WIH TENANG UKEN', ' 10114153', 'WIH TENANG UKEN', 1, 1653104904, 1653104904, 0),
(122, 'SMP NEGERI 1 PINTU RIME GAYO', ' 10105162', 'ARUL GADING', 1, 1653104904, 1653104904, 0),
(123, 'SMP NEGERI 2 PINTU RIME GAYO', ' 10105168', 'JLN. TAKENGON - BIREUEN', 1, 1653104904, 1653104904, 0),
(124, 'SMP NEGERI 3 PINTU RIME GAYO', ' 10110748', 'JLN. TUGU RIMBA RAYA', 1, 1653104904, 1653104904, 0),
(125, 'SMP NEGERI 4 PINTU RIME GAYO', ' 10110749', 'JLN. ULU NARON', 1, 1653104904, 1653104904, 0),
(126, 'SMP NEGERI 5 SATU ATAP PANCAR JELOBOK', ' 69725914', 'PANCAR JELOBOK', 1, 1653104904, 1653104904, 0),
(127, 'SMPN 3 SATU ATAP PINTU RIME GAYO', ' 10110751', 'BLANG LANCANG', 1, 1653104904, 1653104904, 0),
(128, 'MTSS AL-MUBARAK', ' 60728747', 'RIMBA RAYA', 1, 1653104904, 1653104904, 0),
(129, 'MTSS BLANG RAKAL', ' 10114156', 'BLANG RAKAL', 1, 1653104904, 1653104904, 0),
(130, 'MTSS DARUSSAADAH', ' 10114155', 'SINGAH MULO', 1, 1653104904, 1653104904, 0),
(131, 'MTSS NURUL ISLAM', ' 10114154', 'BLANG RAKAL', 1, 1653104904, 1653104904, 0),
(132, 'SMP IT AL AZHAR PANTE RAYA', ' 69990269', 'PANTE RAYA', 1, 1653104904, 1653104904, 0),
(133, 'SMP MUHAMMADIYAH 11 TERITIT', ' 10107259', 'SIMPANG TERITIT', 1, 1653104904, 1653104904, 0),
(134, 'SMP NEGERI 1 WIH PESAM', ' 10105161', 'JLN. TAKENGON - BIREUEN', 1, 1653104904, 1653104904, 0),
(135, 'SMP NEGERI 2 WIH PESAM', ' 10105166', 'JLN. BANDARA REMBELE', 1, 1653104904, 1653104904, 0),
(136, 'SMP NEGERI 3 WIH PESAM', ' 10107262', 'JALAN SIMPANG BALIK - BLANG MANCUNG', 1, 1653104904, 1653104904, 0),
(137, 'AHLUSSUNNAH WAL JAMAAH', ' 69895043', 'JL BLANG MANCUNG LORONG PESANTREN KEBUN BARU', 1, 1653104904, 1653104904, 0),
(138, 'MTSN 4 BENER MERIAH', ' 10114160', 'JLN. SYUHADA - BENER MULIE', 1, 1653104904, 1653104904, 0),
(139, 'MTSS SUKARAMAI ATAS', ' 10114161', 'JL. TAKENGON - BIREUEN SIMPANG SUKA RAME', 1, 1653104904, 1653104904, 0),
(140, 'SMP NEGERI 1 SYIAH UTAMA', ' 10107268', 'JLN.PONDOK BARU -SAMAR KILANG KAMPUNG PASIR PUTIH KECAMATAN SYIAH UTAMA', 1, 1653104904, 1653104904, 0),
(141, 'SMP NEGERI 3 RUSIP', ' 69760697', 'RUSIP', 1, 1653104904, 1653104904, 0),
(142, 'SMP SWASTA DARUSSAADAH', ' 10107267', 'JLN. RAMBUNG - SIMPANG KALA TENANG', 1, 1653104904, 1653104904, 0),
(143, 'SMP TERPADU DARUL HASANAH', ' 69989234', 'KAMPUNG BENER KELIPAH SELATAN, KECAMATAN BENER KELIPAH', 1, 1653104904, 1653104904, 0),
(144, 'SMPS TERPADU MADINATUT THULABAH AL AZIZIYAH', ' 69980614', 'BENER KELIPAH SELATAN', 1, 1653104904, 1653104904, 0),
(145, 'MTSS PERMATA', ' 10114150', 'BENER KELIPAH UTARA', 1, 1653104904, 1653104904, 0),
(146, 'SMP NEGERI 2 SYIAH UTAMA', ' 10110756', 'SIMPANG RENGGALI', 1, 1653104904, 1653104904, 0),
(147, 'SMP NEGERI 3 SATU ATAP SYIAH UTAMA', ' 10110753', 'GUNUNG SAYANG', 1, 1653104904, 1653104904, 0),
(148, 'SMP NEGERI 4 SATU ATAP CEMPARAM', ' 69725892', 'CEMPARAM', 1, 1653104904, 1653104904, 0),
(149, 'SMP NEGERI 5 SATU ATAP WIH RESAP', ' 69725878', 'KAMPUNG PINTU WIH RESAP KEC, MESIDAH KAB, BENER MERIAH', 1, 1653104904, 1653104904, 0),
(150, 'SMP NEGERI 1 TIMANG GAJAH', ' 10105159', 'RERONGA', 1, 1653104904, 1653104904, 0),
(151, 'SMP NEGERI 5 TIMANG GAJAH', ' 10110750', 'MERIAH JAYA', 1, 1653104904, 1653104904, 0),
(152, 'SMP NEGERI 6 TIMANG GAJAH', ' 10105156', 'TIMANG GAJAH', 1, 1653104904, 1653104904, 0),
(153, 'FKIP', NULL, NULL, 1, 1653104904, 1653104904, 0),
(154, 'HABIB ALBY BANDA ACEH', NULL, NULL, 1, 1653104904, 1653104904, 0),
(155, 'IAIN', NULL, NULL, 1, 1653104904, 1653104904, 0),
(156, 'STAI', NULL, NULL, 1, 1653104904, 1653104904, 0),
(157, 'STAIN', NULL, NULL, 1, 1653104904, 1653104904, 0),
(158, 'STKIP', NULL, NULL, 1, 1653104904, 1653104904, 0),
(159, 'UNJ', NULL, NULL, 1, 1653104904, 1653104904, 0),
(160, 'UNSYIAH', NULL, NULL, 1, 1653104904, 1653104904, 0),
(161, 'USU', NULL, NULL, 1, 1653104904, 1653104904, 0),
(162, 'PONPES TAHFIZHUL QURAN DARUL QOLAM', NULL, NULL, 1, 1653104904, 1653104904, 0),
(163, 'PESANTREN TERPADU AL MUSLIM', NULL, NULL, 1, 1653104904, 1653104904, 0),
(164, 'PESANTREN RAUDATUL ULUM', NULL, NULL, 1, 1653104904, 1653104904, 0),
(165, 'PESANTREN NURUL ISLAM', NULL, NULL, 1, 1653104904, 1653104904, 0),
(166, 'PESANTREN MODERN MISBAHUL ULUM', NULL, NULL, 1, 1653104904, 1653104904, 0),
(167, 'PESANTREN MODERN DARUL IHSAN MEDAN', NULL, NULL, 1, 1653104904, 1653104904, 0),
(168, 'PESANTREN MODERN AZ ZAHRAH', NULL, NULL, 1, 1653104904, 1653104904, 0),
(169, 'PESANTREN INSAN QUR\'ANI ACEH BESAR', NULL, NULL, 1, 1653104904, 1653104904, 0),
(170, 'PESANTREN AZZAHRA', NULL, NULL, 1, 1653104904, 1653104904, 0),
(171, 'PESANTREN AL KAUSAR', NULL, NULL, 1, 1653104904, 1653104904, 0),
(172, 'PESANT SYAMSUTDIN RIAU', NULL, NULL, 1, 1653104904, 1653104904, 0),
(173, 'PES DARUL ULUM PEUREULAK', NULL, NULL, 1, 1653104904, 1653104904, 0),
(174, 'NURUL ISLAM RAKAL', NULL, NULL, 1, 1653104904, 1653104904, 0),
(175, 'MTsS ULUMUL QURAN', NULL, NULL, 1, 1653104904, 1653104904, 0),
(176, 'MTsS ULUMUDDIN', NULL, NULL, 1, 1653104904, 1653104904, 0),
(177, 'MTsS SYAMSUDDUHA', NULL, NULL, 1, 1653104904, 1653104904, 0),
(178, 'MTSS LELABU', NULL, NULL, 1, 1653104904, 1653104904, 0),
(179, 'MTsS IKHWANUL YAKIN', NULL, NULL, 1, 1653104904, 1653104904, 0),
(180, 'MTsS IHYAAUSUNNAH', NULL, NULL, 1, 1653104904, 1653104904, 0),
(181, 'MTsS DAYAH JEUMALA AMAL', NULL, NULL, 1, 1653104904, 1653104904, 0),
(182, 'MTsS DAMORA YAPENA LHOKSEUMAWE', NULL, NULL, 1, 1653104904, 1653104904, 0),
(183, 'MTsS ASWAJA', NULL, NULL, 1, 1653104904, 1653104904, 0),
(184, 'MTsS AR RAHMAN', NULL, NULL, 1, 1653104904, 1653104904, 0),
(185, 'MTSS ALMUSLIMUN', NULL, NULL, 1, 1653104904, 1653104904, 0),
(186, 'MTsS AL UMMAH', NULL, NULL, 1, 1653104904, 1653104904, 0),
(187, 'MTsS AL MUSLIM MATANG', NULL, NULL, 1, 1653104904, 1653104904, 0),
(188, 'MTSs AL MUSLIM', NULL, NULL, 1, 1653104904, 1653104904, 0),
(189, 'MTSS AL KIMANAH', NULL, NULL, 1, 1653104904, 1653104904, 0),
(190, 'MTsS AHLUSSUNNAH WALJAMAAH', NULL, NULL, 1, 1653104904, 1653104904, 0),
(191, 'MTsN ULUMUL QURAN', NULL, NULL, 1, 1653104904, 1653104904, 0),
(192, 'MTsN TANJUNG BALAI', NULL, NULL, 1, 1653104904, 1653104904, 0),
(193, 'MTs TABIB AL MUALIMIN AL ISLAMY MEDAN', NULL, NULL, 1, 1653104904, 1653104904, 0),
(194, 'MTs INSAN QURANI', NULL, NULL, 1, 1653104904, 1653104904, 0),
(195, 'MTs DARUL MUKLISIN', NULL, NULL, 1, 1653104904, 1653104904, 0),
(196, 'MTs AZ ZAHRA', NULL, NULL, 1, 1653104904, 1653104904, 0),
(197, 'MTs AL MUSLIM', NULL, NULL, 1, 1653104904, 1653104904, 0),
(198, 'MTs 28', NULL, NULL, 1, 1653104904, 1653104904, 0),
(199, 'DAYAH MODERN ARUN', NULL, NULL, 1, 1653104904, 1653104904, 0),
(200, 'DARUL ULUM AL WALIYAH', NULL, NULL, 1, 1653104904, 1653104904, 0),
(201, 'DARUL MUKLISIN', NULL, NULL, 1, 1653104904, 1653104904, 0),
(202, 'BUSTANUL ARIFIN', NULL, NULL, 1, 1653104904, 1653104904, 0),
(203, 'SMPS HARAPN UMAT', NULL, NULL, 1, 1653104904, 1653104904, 0),
(204, 'SMPS BENIH BANGSA', NULL, NULL, 1, 1653104904, 1653104904, 0),
(205, 'SMPS 1001', NULL, NULL, 1, 1653104904, 1653104904, 0),
(206, 'SMPN UNGGUL PONDOK MODERN', NULL, NULL, 1, 1653104904, 1653104904, 0),
(207, 'SMPN PERISAI KUTACANE', NULL, NULL, 1, 1653104904, 1653104904, 0),
(208, 'SMP TERPADU SEMAYOEN NUSANTARA', NULL, NULL, 1, 1653104904, 1653104904, 0),
(209, 'SMP SWASTA GALIH AGUNG', NULL, NULL, 1, 1653104904, 1653104904, 0),
(210, 'SMP MUHAMMADIYAH 05', NULL, NULL, 1, 1653104904, 1653104904, 0),
(211, 'SMP BUSTANUL ARIFIN', NULL, NULL, 1, 1653104904, 1653104904, 0),
(212, 'SMP BUDI DARMA', NULL, NULL, 1, 1653104904, 1653104904, 0),
(213, 'PSNTREN SMSUL DUHA', NULL, NULL, 1, 1653104904, 1653104904, 0),
(214, 'PSNTREN BUSTANUL A', NULL, NULL, 1, 1653104904, 1653104904, 0),
(215, 'MTsS ULUMUDDIN LHOKSEUMAWE', NULL, NULL, 1, 1653104904, 1653104904, 0),
(216, 'MTsS LHOKSEUMAWE', NULL, NULL, 1, 1653104904, 1653104904, 0);

-- --------------------------------------------------------

--
-- Table structure for table `semesters`
--

CREATE TABLE `semesters` (
  `id` int(11) NOT NULL,
  `name` varchar(100) NOT NULL,
  `statusId` int(11) NOT NULL,
  `createdAt` bigint(20) NOT NULL,
  `updatedAt` bigint(20) NOT NULL,
  `deletedAt` bigint(20) NOT NULL
) ENGINE=InnoDB DEFAULT CHARSET=utf8;

--
-- Dumping data for table `semesters`
--

INSERT INTO `semesters` (`id`, `name`, `statusId`, `createdAt`, `updatedAt`, `deletedAt`) VALUES
(1, 'Semester 1', 1, 1653104868, 1653104868, 0),
(2, 'Tengah Semester 1', 1, 1653104868, 1653104868, 0),
(3, 'Semester 2', 1, 1653104868, 1653104868, 0),
(4, 'Tengah Semester 2', 1, 1653104868, 1653104868, 0);

-- --------------------------------------------------------

--
-- Table structure for table `statuss`
--

CREATE TABLE `statuss` (
  `id` int(11) NOT NULL,
  `name` varchar(100) NOT NULL,
  `createdAt` bigint(20) NOT NULL,
  `updatedAt` bigint(20) NOT NULL,
  `deletedAt` bigint(20) NOT NULL
) ENGINE=InnoDB DEFAULT CHARSET=utf8;

--
-- Dumping data for table `statuss`
--

INSERT INTO `statuss` (`id`, `name`, `createdAt`, `updatedAt`, `deletedAt`) VALUES
(1, 'Active', 1653104868, 1653104868, 0),
(2, 'Not Active', 1653104868, 1653104868, 0);

-- --------------------------------------------------------

--
-- Table structure for table `students`
--

CREATE TABLE `students` (
  `id` int(11) NOT NULL,
  `email` varchar(255) NOT NULL,
  `name` varchar(100) NOT NULL,
  `classId` int(11) DEFAULT NULL,
  `roomId` int(11) DEFAULT NULL,
  `gender` varchar(1) NOT NULL,
  `placeOfBirth` varchar(50) DEFAULT NULL,
  `dayOfBirth` date DEFAULT NULL,
  `nis` varchar(10) DEFAULT NULL,
  `nisn` varchar(15) DEFAULT NULL,
  `noKk` varchar(20) DEFAULT NULL,
  `nik` varchar(20) DEFAULT NULL,
  `numberOfSiblings` int(3) DEFAULT NULL,
  `fromOfSiblings` int(3) DEFAULT NULL,
  `orphan` varchar(15) DEFAULT NULL,
  `schoolId` int(11) NOT NULL,
  `address` varchar(50) DEFAULT NULL,
  `fatherNik` varchar(20) DEFAULT NULL,
  `fatherName` varchar(50) DEFAULT NULL,
  `fatherEmployeeId` int(50) DEFAULT NULL,
  `fatherSchoolId` int(11) DEFAULT NULL,
  `fatherincome` int(11) DEFAULT NULL,
  `motherNik` varchar(20) DEFAULT NULL,
  `motherName` varchar(50) DEFAULT NULL,
  `motherEmployeeId` int(50) DEFAULT NULL,
  `motherSchoolId` int(11) DEFAULT NULL,
  `motherincome` int(11) DEFAULT NULL,
  `image` varchar(50) DEFAULT NULL,
  `phone` varchar(15) DEFAULT NULL,
  `phoneFamily` varchar(15) DEFAULT NULL,
  `password` varchar(60) NOT NULL,
  `ipAddress` varchar(255) DEFAULT NULL,
  `about` varchar(255) DEFAULT NULL,
  `statusId` int(11) NOT NULL,
  `privilegeId` int(11) NOT NULL,
  `createdAt` bigint(20) NOT NULL,
  `updatedAt` bigint(20) NOT NULL,
  `deletedAt` bigint(20) NOT NULL
) ENGINE=InnoDB DEFAULT CHARSET=utf8;

--
-- Dumping data for table `students`
--

INSERT INTO `students` (`id`, `email`, `name`, `classId`, `roomId`, `gender`, `placeOfBirth`, `dayOfBirth`, `nis`, `nisn`, `noKk`, `nik`, `numberOfSiblings`, `fromOfSiblings`, `orphan`, `schoolId`, `address`, `fatherNik`, `fatherName`, `fatherEmployeeId`, `fatherSchoolId`, `fatherincome`, `motherNik`, `motherName`, `motherEmployeeId`, `motherSchoolId`, `motherincome`, `image`, `phone`, `phoneFamily`, `password`, `ipAddress`, `about`, `statusId`, `privilegeId`, `createdAt`, `updatedAt`, `deletedAt`) VALUES
(1, 'abyanmahsanmuhana9420@man.com', 'ABYAN MAHSAN MUHANA', 1, 1, 'L', 'ACEH TENGAH', '2006-08-24', '9420', '0061187947', '1104172906060065', '1104172408060001', 1, 2, NULL, 64, 'BOOM', NULL, 'ZULKIFLI, S.Pd.I', 22, NULL, NULL, NULL, 'SUSANA RITA, S.Pd.I', 22, NULL, NULL, NULL, NULL, '085277776974', '$2y$10$EXkUl.eYK.6P6XZsI/ZeX.4gGRBZz19.OVQePRjAYPZlAo1iZS19a', NULL, NULL, 1, 6, 1653105015, 1653105015, 0),
(2, 'aidilhadi9426@man.com', 'AIDIL HADI', 1, 1, 'L', 'TAKENGON', '2006-11-22', '9426', '0067265755', '1104030111120001', '1104032211060002', 1, NULL, 'YATIM', 64, 'TAN SARIL', NULL, '(ALM) H. MARNO', 23, NULL, NULL, NULL, 'NURMANIAH, S.Ag', 23, NULL, NULL, NULL, NULL, '085262594350', '$2y$10$irPHvoBxvp.MBwlo.RNFW.sritX7rVKULr8DS3tXob9Oix6JBi68m', NULL, NULL, 1, 6, 1653105015, 1653105015, 0),
(3, 'erwinmaulana9459@man.com', 'ERWIN MAULANA', 1, 1, 'L', 'TAKENGON', '2006-01-03', '9459', '0064460035', '1104012305060007', '1104030301060002', 10, 9, 'PIATU', 64, 'MONGAL', NULL, 'SOFYAN', 24, NULL, NULL, NULL, 'NUZILAH', 24, NULL, NULL, NULL, NULL, '085297542155', '$2y$10$BDbSaJ9cylD0HYKfFuOMleufMNULwbiVeX/ym4NCjGjoB3rEFyhRq', NULL, NULL, 1, 6, 1653105015, 1653105015, 0),
(4, 'futriyasmini9474@man.com', 'FUTRI YASMINI', 1, 1, 'L', 'ACEH TENGAH', '2006-06-19', '9474', '0062678533', '1104112201070010', '1104115906060002', 4, 4, NULL, 64, 'JONGOK BATHIN', NULL, 'ABD HAKIM', 1, NULL, NULL, NULL, 'RAUDAH', 1, NULL, NULL, NULL, NULL, '082210751487', '$2y$10$BJ8UokYEkP739aAeIIbWgev2TayPlyFJP3b/8inJ0pbqMW/rG2ZRm', NULL, NULL, 1, 6, 1653105015, 1653105015, 0),
(5, 'ikhsanzikri9486@man.com', 'IKHSAN ZIKRI', 1, 1, 'L', 'ACEH TENGAH', '2006-01-02', '9486', '0064664904', '1104030306060068', '1104030201060002', 2, 2, NULL, 64, 'BLANG GELE', NULL, 'DARISO', 2, NULL, NULL, NULL, 'KARYATUN', 2, NULL, NULL, NULL, NULL, '082361166739', '$2y$10$gnkezYOzZaunl883Dn44CuxJ45v2nHhAZz4oOoji5NIT752XKTvG.', NULL, NULL, 1, 6, 1653105016, 1653105016, 0),
(6, 'naufalfadhil9529@man.com', 'NAUFAL FADHIL', 1, 1, 'L', 'MONGAL', '2006-10-05', '9529', '0063730139', '1104030207060054', '1104030510060002', 3, 3, NULL, 64, 'MONGAL', NULL, 'KHALID, SH', 3, NULL, NULL, NULL, 'Dra. MASLINA', 3, NULL, NULL, NULL, NULL, '085260746280', '$2y$10$2cnSyzcvgvja9kO6Bv88IuOET4yHZv3sfOTxqwHbv1OOP/2mPtK.y', NULL, NULL, 1, 6, 1653105016, 1653105016, 0),
(7, 'niantahafidza9535@man.com', 'NIANTA HAFIDZA', 1, 1, 'P', 'ACEH TENGAH', '2006-05-22', '9535', '0064445647', '1104122504060001', '1104126205060001', 2, 2, NULL, 64, 'GELENGANG 1001', NULL, 'FAIZAL AZWAR', 4, NULL, NULL, NULL, 'FITRIANI', 4, NULL, NULL, NULL, NULL, '085370188661', '$2y$10$kgqowbARTjLon4ioJSf.j.QE2y6lrVtRfr3tOzKyyFEnXK0HYjqzW', NULL, NULL, 1, 6, 1653105016, 1653105016, 0),
(8, 'sismacantikaputri9585@man.com', 'SISMA CANTIKA PUTRI', 1, 1, 'P', 'BLANG GELE', '2005-11-30', '9585', '0062151666', '1104030506060043', '1104037011050002', 1, 4, NULL, 64, 'PENDERE', NULL, 'ISNADI', 5, NULL, NULL, NULL, 'SHANTY LR', 5, NULL, NULL, NULL, NULL, '085262687716', '$2y$10$A1tfN7F.rC8YSCe10uhpleAjuNHnkI/wf5dilUT4J/pP2LVNIGWsK', NULL, NULL, 1, 6, 1653105016, 1653105016, 0),
(9, 'ahmadqaismughitsulhaq9425@man.com', 'AHMAD QAIS MUGHITSULHAQ', 1, 1, 'L', 'TAKENGON', '2006-02-27', '9425', '0067997174', '1104172106060038', '1104172702060001', 1, 3, NULL, 63, 'PASAR BAWAH', NULL, 'IRWAN USMAN', 7, NULL, NULL, NULL, 'SARINI MUHAMMAD ALI', 7, NULL, NULL, NULL, NULL, '085275953695', '$2y$10$BanNGxtWG4S71xu6yOSyNulM7J5c7R4y4yE1P5Hacnyt/2R4JsihW', NULL, NULL, 1, 6, 1653105016, 1653105016, 0),
(10, 'fihadianfitra9468@man.com', 'FIHADIAN FITRA', 1, 1, 'L', 'TAKENGON', '2006-10-24', '9468', '0065176235', '1104031404060004', '1104032410060001', 1, NULL, NULL, 56, 'BLANG KOLAK I', NULL, 'KURNIA ARI', 5, NULL, NULL, NULL, 'EMA FARIANI, SE', 5, NULL, NULL, NULL, NULL, '085217225388', '$2y$10$/4CbN3T/DIq/qGiSnu6Jcudebz0ntKCC4u3Dv6jfeEGmCci5EoLEO', NULL, NULL, 1, 6, 1653105016, 1653105016, 0),
(11, 'duhaindrawansyah9457@man.com', 'DUHA INDRA WANSYAH', 1, 1, 'L', 'TAKENGON', '2005-12-15', '9457', '0058480248', '1104171611110006', '1104121512050002', 1, 2, NULL, 43, 'PANTAN JERIK', NULL, 'SUDIRMAN', 1, NULL, NULL, NULL, 'RAHMAYANA', 1, NULL, NULL, NULL, NULL, '085260753515', '$2y$10$UeK5tTKg9HRleYIWZAoFOeGGwSCDNb1A21S30QuFr4Hb1hxy4dVEm', NULL, NULL, 1, 6, 1653105016, 1653105016, 0),
(12, 'iqbalaimulhusni9489@man.com', 'IQBAL AIMUL HUSNI', 1, 1, 'L', 'ACEH TENGAH', '2006-02-13', '9489', '0063933905', '1104122602080090', '1104121302060001', 2, 2, NULL, 43, 'PANTAN SILE', NULL, 'HERI ALFANTO', 2, NULL, NULL, NULL, 'MUNTAKIAH', 2, NULL, NULL, NULL, NULL, '085370115025', '$2y$10$S5iqkjMF4S2l0a/G84em5O04vUvzmKs6Q9cHlWRLrRL9H/s7kGV.e', NULL, NULL, 1, 6, 1653105016, 1653105016, 0),
(13, 'maulandara9510@man.com', 'MAULAN DARA', 1, 1, 'P', 'WIHNI DURIN', '2006-06-01', '9510', '0063753832', '1104022301070002', '1104024106060002', 3, 2, NULL, 34, 'LEMAH BURBANA', NULL, 'MURTALA', 8, NULL, NULL, NULL, 'SYAMSINAR', 8, NULL, NULL, NULL, NULL, '085262583166', '$2y$10$AReRGbOMXY9EmGIrpOIkduHkr7GvLLqmiiuv9GRLb0wC33yh0VpiK', NULL, NULL, 1, 6, 1653105016, 1653105016, 0),
(14, 'nabilabibesmi9524@man.com', 'NABILA BIBESMI', 1, 1, 'P', 'TAKENGON', '2006-03-02', '9524', '3068531029', '1104110606060019', '1104114203060003', 3, 3, NULL, 28, 'KUTE LOT', NULL, 'MUSPIDA MY', 15, NULL, NULL, NULL, 'MEGAWATY MUSA', 15, NULL, NULL, NULL, NULL, '085275927424', '$2y$10$Fn4jEZoF9IqUA/ZgnP/4U.1Ch/bQZqWE6IMTSusnELahIlctac8Ie', NULL, NULL, 1, 6, 1653105016, 1653105016, 0),
(15, 'chainaramadana9449@man.com', 'CHAINA RAMADANA', 1, 1, 'P', 'TAKENGON', '2006-10-21', '9449', '0069733099', '1104111907060001', '1104116110060001', 5, 5, NULL, 22, 'GUNUNG BUKIT', NULL, 'CHAIRUDDIN', 2, NULL, NULL, NULL, 'SURYANI', 2, NULL, NULL, NULL, NULL, '082363132177', '$2y$10$QLFN22h0yrpELjTxKgps5uNxqvFOmfJem9ET1q2tyU/NfokuAeLay', NULL, NULL, 1, 6, 1653105016, 1653105016, 0),
(16, 'dimasoktavian9455@man.com', 'DIMAS OKTAVIAN', 1, 1, 'L', 'ACEH TENGAH', '2006-10-23', '9455', '11/21/176375', '1104072403110002', '1104072310060001', 1, 1, NULL, 19, 'BLANG BEBANGKA', NULL, 'SLAMET HARIADI', 4, NULL, NULL, NULL, 'ERMA YULIKA', 4, NULL, NULL, NULL, NULL, '085260907731', '$2y$10$bJ1VCHdb.QTerhvoqWwvYur.MjDuRDspKWpl4wIIfvsEtPBpcalxS', NULL, NULL, 1, 6, 1653105016, 1653105016, 0),
(17, 'fauzanalkhairi9466@man.com', 'FAUZAN AL KHAIRI', 1, 1, 'L', 'SIMPANG KELAPING', '2006-01-29', '9466', '0065806761', '1104070806060212', '1104072901060001', 2, 2, NULL, 19, 'SIMPANG KELAPING', NULL, 'ZULKARNAIN', 5, NULL, NULL, NULL, 'SYAHARA ERNI', 5, NULL, NULL, NULL, NULL, '082274366863', '$2y$10$l7zQ4Bi5CQwi/fFTi/gYb.4DWN7R/Fk4ShnN7NoUurdMgGixlWItG', NULL, NULL, 1, 6, 1653105016, 1653105016, 0),
(18, 'miftahulrifkimy9516@man.com', 'MIFTAHUL RIFKI MY', 1, 1, 'L', 'ACEH TENGAH', '2006-04-05', '9516', '0062817744', '1104172804060003', '1104170504060001', 2, 2, NULL, 19, 'TOWEREN', NULL, 'MUHAMMAD YAKUB', 6, NULL, NULL, NULL, 'HERMALINDA', 6, NULL, NULL, NULL, NULL, '082228896620', '$2y$10$TcCXwpBkv3srF.O29q9lQeQ4RGEvQa5WOaeVWp18UFahFDq2Vie6S', NULL, NULL, 1, 6, 1653105016, 1653105016, 0),
(19, 'relifwantona9548@man.com', 'RELIF WANTONA', 1, 1, 'L', 'ACEH TENGAH', '2006-06-30', '9548', '0066829016', '1104071406060058', '1104073005060001', 3, 2, 'PIATU', 19, 'SIMPANG KELAPING', NULL, 'ARMIA UMAR', 7, NULL, NULL, NULL, '(ALM) FARIDA', 7, NULL, NULL, NULL, NULL, '082362245288', '$2y$10$oryM3bMQAFt.GNFCfd5bvOTB0VcdrvAFSIuaMQi/O.ujspPQ.Bovq', NULL, NULL, 1, 6, 1653105016, 1653105016, 0),
(20, 'rendifebriandi9549@man.com', 'RENDI FEBRIANDI', 1, 1, 'L', 'ACEH TENGAH', '2006-02-24', '9549', '0067445405', '1104042105060005', '1104042402060001', 2, 2, NULL, 19, 'BIES PENENTANAN', NULL, 'SUGIONO', 8, NULL, NULL, NULL, 'SARIDAH', 8, NULL, NULL, NULL, NULL, '082276637239', '$2y$10$2JNXLAMbo5Uc8JQgCDFgduMQxj9bvvfnnxrHf2DN.VlM0snC5vY2S', NULL, NULL, 1, 6, 1653105016, 1653105016, 0),
(21, 'adehayati9421@man.com', 'ADE HAYATI', 1, 1, 'P', 'TAKENGON', '2006-04-21', '9421', '0067310797', '1104022802080032', '1104026104060001', 2, 2, NULL, 162, 'SANEHEN', NULL, 'RAHMATSYAH', 10, NULL, NULL, NULL, 'SARIPAH', 10, NULL, NULL, NULL, NULL, '085288130204', '$2y$10$k3nCJkdN/o.vf8aoFaSjDu9ZR7kNKYT2VKSDZ5OhyAxgNITepifz6', NULL, NULL, 1, 6, 1653105016, 1653105016, 0),
(22, 'wenihafizah9603@man.com', 'WENI HAFIZAH', 1, 1, 'P', 'TAKENGON', '2006-02-05', '9603', '0051467011', '1104171505060029', '1104174502060001', 1, 3, NULL, 64, 'PINANGAN', NULL, 'SALMANSYAH', 3, NULL, NULL, NULL, 'SUMIYATI', 3, NULL, NULL, NULL, NULL, '081311517606', '$2y$10$7kfaQQ1V.0f.GKCF.4t1SeORsVcPoeGeISsQcRb2vuD9rmtYsvIn2', NULL, NULL, 1, 6, 1653105016, 1653105016, 0),
(23, 'muhammadraoshah9518@man.com', 'MUHAMMAD RAOSHAH', 1, 1, 'L', 'MEDAN', '2006-04-04', '9518', '0063347998', '1207231509094224', '1207230404060008', 2, 2, NULL, 58, 'TERMINAL LAMA', NULL, 'AFFAN', 6, NULL, NULL, NULL, NULL, 6, NULL, NULL, NULL, NULL, '081289449317', '$2y$10$PKCcOS5IDHsXJX6BzU2UC.yvT0o/NbdV9bmtun7LUVkEyWSIZ2fZ.', NULL, NULL, 1, 6, 1653105016, 1653105016, 0),
(24, 'rezkimahara9552@man.com', 'REZKI MAHARA', 1, 1, 'L', 'ACEH TENGAH', '2006-04-16', '9552', '0045465354', '1104032406060002', '1104031604060001', 4, 4, NULL, 1, 'EMPUS TALU', NULL, 'ALI NURDIN, SP', 16, NULL, NULL, NULL, 'SITI LAIZAR, S.Pd', 16, NULL, NULL, NULL, NULL, '085275508684', '$2y$10$/5Jwiurh8OW6xNaPoYFTZ.lXOhMQgaVmaPA9UTNfIfbbQXXre3NxK', NULL, NULL, 1, 6, 1653105016, 1653105016, 0),
(25, 'shirathalfadhla9582@man.com', 'SHIRATHAL FADHLA', 1, 1, 'L', 'ACEH TENGAH', '2006-10-11', '9582', '0066374737', '1104030211110004', '1104111110060002', 1, 4, NULL, 1, 'TEN SARAN', NULL, 'WIN AKBAR, SH', 17, NULL, NULL, NULL, 'AHADIAH, S.Ag', 17, NULL, NULL, NULL, NULL, '082278555050', '$2y$10$oz1Y8BEMY8/UoqQ80mViwO6snNOAaEO0SLgUCVFLjqLfswTjp5be2', NULL, NULL, 1, 6, 1653105016, 1653105016, 0),
(26, 'ariyanaamelia9439@man.com', 'ARIYANA AMELIA', 1, 2, 'P', 'TAKENGON', '2005-11-19', '9439', '0049360169', '1104111606150004', '1117055911050001', 1, 3, NULL, 63, 'GUNUNG BUKIT', NULL, 'M JAFAR YS', 20, NULL, NULL, NULL, 'NURMAWATI', 20, NULL, NULL, NULL, NULL, '085373042925', '$2y$10$cngl.iGm.YlpapVpW2.Geuh8hOKjRKw00exohcvBg.oAfjTn4h3b2', NULL, NULL, 1, 6, 1653105016, 1653105016, 0),
(27, 'sinthiaatikah9584@man.com', 'SINTHIA ATIKAH', 1, 2, 'P', 'PONDOK BARU', '2006-04-11', '9584', '0068676907', '1117031104120003', '1117055104060002', 1, 3, NULL, 95, 'GUNUNG TERITIT', NULL, 'HALUAN YAMIN', 8, NULL, NULL, NULL, 'ENUNG SUNARTI', 8, NULL, NULL, NULL, NULL, '082284348576', '$2y$10$RRd5MZUoG8YADreDiao5..kapMuM4JAawq.MaiyyB2dSjp0me/ti6', NULL, NULL, 1, 6, 1653105017, 1653105017, 0),
(28, 'fatmawati9465@man.com', 'FATMAWATI', 1, 2, 'P', 'ACEH TENGAH', '2006-12-05', '9465', '0064837975', '1104031304060001', '1164031402700001', 2, 2, NULL, 64, 'SADONG JURU MUDI', NULL, 'MASHURI', 6, NULL, NULL, NULL, 'NURAINI MY', 6, NULL, NULL, NULL, NULL, '081345996090', '$2y$10$zEfz/B3foe/7/VFqnkQmbeWVUaAdLOnH2lAxEFb62NTvbyAcm596u', NULL, NULL, 1, 6, 1653105017, 1653105017, 0),
(29, 'futrimaharani9472@man.com', 'FUTRI MAHARANI', 1, 2, 'P', 'TAKENGON', '2006-02-14', '9472', '0083280737', '1104172101050756', '1104175402060002', 1, 4, 'YATIM', 64, 'TOWEREN', NULL, '(ALM) AMIRUDDIN', 7, NULL, NULL, NULL, 'FATMAWATI', 7, NULL, NULL, NULL, NULL, '082299097439', '$2y$10$VRSD5GjlgsB4jLrJcHVLVu5xaPeC9V/QNwaxBjQDVlmBJez.X.hzS', NULL, NULL, 1, 6, 1653105017, 1653105017, 0),
(30, 'iftinansyifa9485@man.com', 'IFTINAN SYIFA', 1, 2, 'P', 'ACEH TENGAH', '2006-07-17', '9485', '0068188945', '1104031803080020', '1104035707060001', 3, 3, NULL, 64, 'REJE BUKIT', NULL, 'MAHDI', 8, NULL, NULL, NULL, 'SULASTRI', 8, NULL, NULL, NULL, NULL, '082362823311', '$2y$10$PWDUyT.EaVGn6AizjGep/ujVRbRdigFZTYR9PAUwC46AmqIIGJSxS', NULL, NULL, 1, 6, 1653105017, 1653105017, 0),
(31, 'mdzakihabibi9504@man.com', 'M DZAKI HABIBI', 1, 2, 'L', 'TAKENGON', '2005-12-29', '9504', '0059914755', '1104032503080086', '1104032912050004', 1, NULL, NULL, 64, 'SIMPANG EMPAT', NULL, 'YUSRI HADI', 9, NULL, NULL, NULL, 'NENY HERNIWATY', 9, NULL, NULL, NULL, NULL, '082370697658', '$2y$10$Ndb.rN81uY8smsPW5ld8S.4hUDw81t0HW..RNE7vJ15dZ0/Hmk3DS', NULL, NULL, 1, 6, 1653105017, 1653105017, 0),
(32, 'naufalhibatullah9530@man.com', 'NAUFAL HIBATULLAH', 1, 2, 'L', 'MEDAN', '2006-01-01', '9530', '0068228899', '1104170702070001', '1104170101060003', 2, 3, NULL, 64, 'TETUNYUNG', NULL, 'WAHYU RINAL, S.Pt', 10, NULL, NULL, NULL, 'MAULINA, S.Pd', 10, NULL, NULL, NULL, NULL, '08126335951', '$2y$10$QTb5jg2G32W/bPbmK3Tpxe4qRW.SE9xuFJDYcg2sQBXxmJ8STRWiy', NULL, NULL, 1, 6, 1653105017, 1653105017, 0),
(33, 'riyanda9562@man.com', 'RIYANDA', 1, 2, 'L', 'ACEH TENGAH', '2006-01-25', '9562', '0062192185', '1104110411190001', '1104112501060001', 2, 3, 'YATIM PIATU', 64, 'KELUPAK MATA', NULL, '(ALM) NUR ASRI', 11, NULL, NULL, NULL, '(ALMH) SITI SARAH', 11, NULL, NULL, NULL, NULL, '082211362665', '$2y$10$N9zdYzqBnXsyRzPBtL/qX.IjPa.RceNBW22jA1yYaEiniOKa4iGda', NULL, NULL, 1, 6, 1653105017, 1653105017, 0),
(34, 'ashfiyanisa9441@man.com', 'ASHFIYA NISA', 1, 2, 'P', 'ACEH TENGAH', '2006-06-30', '9441', '0066227948', NULL, NULL, 1, 1, NULL, 63, 'LOT KALA', NULL, 'MIHADA', 8, NULL, NULL, NULL, 'MUNAWARAH', 8, NULL, NULL, NULL, NULL, '082280821691', '$2y$10$3/96Rk3cFjx/XN2jA4KQKOrEfEMw/XVcssNVd2RRglQAPA.VjQ8LK', NULL, NULL, 1, 6, 1653105017, 1653105017, 0),
(35, 'qhandiraalsagufrana9544@man.com', 'QHANDIRA ALSA GUFRANA', 1, 2, 'L', 'KP BALE', '2006-07-18', '9544', '0063397813', '1104172002070002', '1104171807060002', 1, 2, NULL, 60, 'BALE BAWAH', NULL, 'ZUMAL WINDI', 12, NULL, NULL, NULL, 'SADDIAH', 12, NULL, NULL, NULL, NULL, '085280627562', '$2y$10$fbX59.pfEvVZp9SGi2iCXOe1pxbF54kMNvc6QBu1aSBNJ/.ev8DLm', NULL, NULL, 1, 6, 1653105017, 1653105017, 0),
(36, 'rauzatulzannah9547@man.com', 'RAUZATUL ZANNAH', 1, 2, 'P', 'TAKENGON', '2006-05-09', '9547', '0064521465', '1104110810190001', '1104114905060001', 1, 1, NULL, 56, 'KELUPAK MATA', NULL, 'NASRUDDIN', 6, NULL, NULL, NULL, 'MAULIDA', 6, NULL, NULL, NULL, NULL, '081261863163', '$2y$10$QK6oBVRPx093PRFSmxk0AOrYiUz8hKbSMGBxgdl5EYRR9Haaufs3e', NULL, NULL, 1, 6, 1653105017, 1653105017, 0),
(37, 'rifarahman9557@man.com', 'RIFA RAHMAN', 1, 2, 'P', 'TAKENGON', '2005-11-11', '9557', '0059388537', '1104030405060018', '1104031111050001', 3, 6, NULL, 56, 'KALA KEMILI', NULL, 'ABDURRAHMAN', 7, NULL, NULL, NULL, 'IDA RIANI', 7, NULL, NULL, NULL, NULL, '085260425266', '$2y$10$EHid5cpYR.5kQGZkpK6jleh5eYJcbuOoLN7pM82U8IbVKf7JZcDiW', NULL, NULL, 1, 6, 1653105017, 1653105017, 0),
(38, 'rinidianti9561@man.com', 'RINI DIANTI', 1, 2, 'P', 'ACEH TENGAH', '2006-06-19', '9561', '0068941077', '1104031607060021', '1104036906060001', 1, 1, NULL, 56, 'DALING', NULL, 'JASMADI', 8, NULL, NULL, NULL, 'RASIDAH', 8, NULL, NULL, NULL, NULL, '082365840564', '$2y$10$JudUyxs2ugyfxkOyU24lEezZWL1z69hwWRC0nRYGW3oe3syUix89.', NULL, NULL, 1, 6, 1653105017, 1653105017, 0),
(39, 'nabilayanti9525@man.com', 'NABILA YANTI', 1, 2, 'P', 'PANTAN NAGKA', '2006-06-28', '9525', '0068216841', '1104012104090004', '1104016806060003', 1, 3, NULL, 4, 'PANTAN NANGKA', NULL, 'WAN GUNAWAN', 15, NULL, NULL, NULL, 'SAIYAH', 15, NULL, NULL, NULL, NULL, '082365388307', '$2y$10$qniYgp1N8C4PVBCzMqrPzulMyYdFBVMOdaEPGbvP3y2WPfsenCjuy', NULL, NULL, 1, 6, 1653105017, 1653105017, 0),
(40, 'gilanggemilang9477@man.com', 'GILANG GEMILANG', 1, 2, 'L', 'PEKAN BARU', '2006-03-06', '9477', '0061540790', '1104021206120002', '1104020603060003', 3, 3, NULL, 37, 'GENTING GERBANG', NULL, 'ROYMIN', 4, NULL, NULL, NULL, 'SRIWATI', 4, NULL, NULL, NULL, NULL, '082210774073', '$2y$10$hxibNyV6Rsp.ysOu1WkhW.Op1A/PlybDQJupfbmMxcylq5HeALw7u', NULL, NULL, 1, 6, 1653105017, 1653105017, 0),
(41, 'asnimulyani9442@man.com', 'ASNI MULYANI', 1, 2, 'P', 'JALUK', '2006-04-02', '9442', '0064225987', '1104101906060013', '1104104204060002', 2, 2, NULL, 34, 'JALUK', NULL, 'SUDIPJO', 9, NULL, NULL, NULL, 'JURAINI', 9, NULL, NULL, NULL, NULL, '082278254632', '$2y$10$byj/exmg3ZuTlzEuPk8PaOWv3tnmQ36IL4JbLrj654a7kazT5UyLi', NULL, NULL, 1, 6, 1653105017, 1653105017, 0),
(42, 'residianoktesya9551@man.com', 'RESI DIAN OKTESYA', 1, 2, 'P', 'ACEH TENGAH', '2005-10-09', '9551', '0057282237', '1104090706060059', '1104094910050001', 3, 2, NULL, 28, 'TAN SARIL', NULL, 'SUHAT SYAH', 16, NULL, NULL, NULL, 'NURAINI', 16, NULL, NULL, NULL, NULL, '082276129885', '$2y$10$bHpffowynjobo5t9YOfXpei6gtxFbbp.zHSbNxZ7BnwArmqg01Tgq', NULL, NULL, 1, 6, 1653105017, 1653105017, 0),
(43, 'bakri9446@man.com', 'BAKRI', 1, 2, 'L', 'TAKENGON', '2005-11-17', '9446', '0058505227', '1104070707060018', '1104071711050001', 2, 3, NULL, 19, 'KUNG', NULL, 'BURHANUDIN', 9, NULL, NULL, NULL, 'SALAWATI', 9, NULL, NULL, NULL, NULL, '082276043176', '$2y$10$K4H.dhr/aBfd9DfuiVaC8Oq9p5Eyl41KoFKyZnhGLpFYe8Lat2EEO', NULL, NULL, 1, 6, 1653105017, 1653105017, 0),
(44, 'rozaameliasahraini9567@man.com', 'ROZA AMELIA SAHRAINI', 1, 2, 'P', 'WIHLAH', '2006-11-25', '9567', '3067298729', '1104021203080010', '1104026511060001', 1, 2, NULL, 19, 'GELELUNGI', NULL, 'SAMSUL BAHARI', 10, NULL, NULL, NULL, 'MISRAINI', 10, NULL, NULL, NULL, NULL, '082275342378', '$2y$10$jN3kNxzqrYq0wFwfo4WEDOH0rdJc56BMeM9AqQr.IvfzvOeMoUguG', NULL, NULL, 1, 6, 1653105017, 1653105017, 0),
(45, 'firzairinululazmi9469@man.com', 'FIRZAIRIN ULUL AZMI', 1, 2, 'L', 'ACEH TENGAH', '2006-02-06', '9469', '0066269081', '1104102209140001', '1104104602060001', 3, 3, NULL, 162, 'JERATA KETOL', NULL, 'MISDI', 11, NULL, NULL, NULL, 'SITI AMINAH LUBIS', 11, NULL, NULL, NULL, NULL, '082274036120', '$2y$10$Q7Op9az8wjS1vNP4ZR0VHetUDS198L9nkXiojVdeHPG/UBummfhUa', NULL, NULL, 1, 6, 1653105017, 1653105017, 0),
(46, 'malanoviafitri9508@man.com', 'MALA NOVIA FITRI', 1, 2, 'P', 'TAKENGON', '2006-11-18', '9508', '0062834241', '1117050206060121', '1117055811060001', 5, 4, NULL, 108, 'KEBAYAKAN', NULL, 'AZHAR SALEH, SH', 22, NULL, NULL, NULL, 'YUS ERWANI', 22, NULL, NULL, NULL, NULL, '085372723559', '$2y$10$PXQzYtSezb.GLzJcQdFxWOTb7.yST9hGJNyWIPJ45dJwiykuo6Sea', NULL, NULL, 1, 6, 1653105017, 1653105017, 0),
(47, 'helsiherlinda9483@man.com', 'HELSI HERLINDA', 1, 2, 'P', 'WIH PESAM', '2006-01-27', '9483', '0061457205', '1104022306060042', '1104026701060001', 3, 3, NULL, 192, 'WIH PESAM', NULL, 'RAHMATSAYH', 19, NULL, NULL, NULL, 'YUSMA', 19, NULL, NULL, NULL, NULL, '085275462165', '$2y$10$BMbBw/zHrfX.jqV784kH3ujYrx4a8cVPcR.kTFlE16GLKCuWg9ype', NULL, NULL, 1, 6, 1653105017, 1653105017, 0),
(48, 'taufikhidayat9593@man.com', 'TAUFIK HIDAYAT', 1, 2, 'L', 'ACEH TENGAH', '2005-12-13', '9593', '0055503985', '1104042305060045', '1104041312050001', 1, 2, NULL, 192, 'BIES PENENTANAN', NULL, 'ARMADI', 20, NULL, NULL, NULL, 'NUNUNG INDRIANI', 20, NULL, NULL, NULL, NULL, '085370119608', '$2y$10$hMx3xQjPtmSFXZw5icTRFuAlwIP.j2wCDwYV1RFTATc7aI6jQWNca', NULL, NULL, 1, 6, 1653105018, 1653105018, 0),
(49, 'yunidarsam9607@man.com', 'YUNI DARSAM', 1, 2, 'P', 'REMBELE', '2006-05-08', '9607', '0063217312', '1117040205120002', '1117044806060002', 2, 1, NULL, 192, 'SUKAJADI', NULL, 'BUDIMAN', 21, NULL, NULL, NULL, 'MARLIAH', 21, NULL, NULL, NULL, NULL, 'tdk ada no hp', '$2y$10$JwOluF5VYIs8Bq8f1e4Q/uLUxMkGj7W43dnHPpnADzdLVEyaDzUHO', NULL, NULL, 1, 6, 1653105018, 1653105018, 0),
(50, 'arikasimehate9437@man.com', 'ARIKA SIMEHATE', 1, 2, 'P', 'ACEH TENGAH', '2006-03-03', '9437', '0064059428', '1104032401110001', '1104034303060001', 3, 4, NULL, 168, 'PENDERE', NULL, 'ERMANUDDINSYAH', 3, NULL, NULL, NULL, 'ZAINI APRINA', 3, NULL, NULL, NULL, NULL, '085275903875', '$2y$10$NOBK8XgJpBzkIrMv9KSBFOgV3cCieInA68ap1sZRJOfc7u2eQMqoy', NULL, NULL, 1, 6, 1653105018, 1653105018, 0),
(51, 'bilhaqqi9447@man.com', 'BILHAQQI', 1, 2, 'L', 'ACEH TENGAH', '2006-09-06', '9447', '3064554865', '1104031905060037', '1104030609060001', 3, 1, NULL, 64, 'KEBET', NULL, 'SALMAN', 4, NULL, NULL, NULL, 'JULIANTI', 4, NULL, NULL, NULL, NULL, '085362225971', '$2y$10$3jAKbRW5gnSD6s2us9bUH.y2HA.nFOyCOog3TcU4Lt6dO.DwLGURS', NULL, NULL, 1, 6, 1653105018, 1653105018, 0),
(52, 'mhdhaikal9515@man.com', 'MHD HAIKAL', 1, 2, 'L', 'TAKENGON', '2006-08-07', '9515', '0069903513', '1104031405120001', '1275010708060005', 1, 2, NULL, 64, 'UMAH OPAT', NULL, 'AYUB', 5, NULL, NULL, NULL, 'NUR MELI', 5, NULL, NULL, NULL, NULL, '085262256046', '$2y$10$jv3h2p/.y8WgZdv.bAtjju.2zXyt.57hoUjJO9sJTTH264zrRn9EG', NULL, NULL, 1, 6, 1653105018, 1653105018, 0),
(53, 'uswatunnazwa9599@man.com', 'USWATUN NAZWA', 1, 2, 'P', 'ACEH TENGAH', '2005-08-15', '9599', '0055513731', '1104121210060028', '1104125508050001', 2, 3, NULL, 64, 'WIH NONGKAL', NULL, 'M NAJIB', 6, NULL, NULL, NULL, 'MEGAWATI', 6, NULL, NULL, NULL, NULL, '082299498761', '$2y$10$E6iDlBHGbRN.kKKywcndsOaoSkcoLj8pVWhmdDsZ5jzTAN1UF1V3i', NULL, NULL, 1, 6, 1653105018, 1653105018, 0),
(54, 'ulfafitria9598@man.com', 'ULFA FITRIA', 1, 2, 'P', 'BLANG SENTANG', '2006-03-21', '9598', '0063694196', '1104172209140004', '1117036103060001', 1, 2, 'PIATU', 62, 'TOWEREN', NULL, 'YUSDA', 23, NULL, NULL, NULL, '(ALMH) AIDA FITRI', 23, NULL, NULL, NULL, NULL, 'tdk ada no hp', '$2y$10$m0AlS8xS9iV6w2kKXyjCEudhkHzLX9Sat4SzaaExzZtma6GPdnpFa', NULL, NULL, 1, 6, 1653105018, 1653105018, 0),
(55, 'dalilakhairy9452@man.com', 'DALILA KHAIRY', 1, 2, 'P', 'KEBAYAKAN', '2006-05-10', '9452', '0061533650', '1104112205060008', '1104115005060002', 3, 2, NULL, 56, 'TETUNYUNG', NULL, 'Drs. RISWAN BASRI', 10, NULL, NULL, NULL, 'JUBAIDAH, SE', 10, NULL, NULL, NULL, NULL, '085212729073', '$2y$10$/00.b98gBzDFKH7nv0m0h.NPoBegBb06zJTu/CSxOlzSdGXpC9Ak2', NULL, NULL, 1, 6, 1653105018, 1653105018, 0),
(56, 'naufalzahran9532@man.com', 'NAUFAL ZAHRAN', 1, 2, 'L', 'TAKENGON', '2006-05-09', '9532', '0064887230', '1104112101050474', '\'1104110905060001', 2, 2, NULL, 56, 'PINANGAN', NULL, 'IKHWAN JAYADI', 11, NULL, NULL, NULL, 'SRIATUN', 11, NULL, NULL, NULL, NULL, '085297032037', '$2y$10$7sdX9V9mGAUVf9GLsh5jVuNAvi.rT0EC6dyFoWEV7CvMcw7flOvza', NULL, NULL, 1, 6, 1653105018, 1653105018, 0),
(57, 'yuliarnia9606@man.com', 'YULI ARNIA', 1, 2, 'P', 'BUKIT PEPANYI', '2006-07-24', '9606', '0065317228', '1117041306060044', '1117046407060002', 2, 2, NULL, 43, 'BUKIT PEPANYI', NULL, 'SAIMUN', 19, NULL, NULL, NULL, 'SUPRIANI', 19, NULL, NULL, NULL, NULL, '082276072756', '$2y$10$u3v1BT9I16Rx3FJepz8Rsu.piXztn6KvI66uab4Ybq3hjgTJgJIUy', NULL, NULL, 1, 6, 1653105018, 1653105018, 0),
(58, 'syafauqbaharrafi9591@man.com', 'SYAFA UQBAH ARRAFI', 1, 2, 'P', 'SUKABUMI', '2006-03-06', '9591', '0063570138', '1104030402090002', '1104030603060002', 1, 3, NULL, 28, 'KUTE LOT', NULL, 'ERVAN ARDEDI SIHOMBING', 1, NULL, NULL, NULL, 'LILIS', 1, NULL, NULL, NULL, NULL, '085107109378', '$2y$10$Qi4Stzo/5yQadSzFhoM9jun4U7lqFEbzkGQdCI3oz6ejzsvJQ/w.y', NULL, NULL, 1, 6, 1653105018, 1653105018, 0),
(59, 'zahrinaizzatis9611@man.com', 'ZAHRINA IZZATI S', 1, 2, 'P', 'TAKENGON', '2006-07-30', '9611', '0068618501', '1104032604060049', '1104037007060004', 3, 4, NULL, 28, 'BEBESEN', NULL, 'SUKARMAN, SP', 2, NULL, NULL, NULL, 'TUMIASIH, S.Pt', 2, NULL, NULL, NULL, NULL, '085260705599', '$2y$10$uuBT/mN/C7fHwaRraDUYY.zu3XghJWX4jJLg/kxS4oZ9fXu9pmwNq', NULL, NULL, 1, 6, 1653105018, 1653105018, 0),
(60, 'kamisaaidafutri9498@man.com', 'KAMISA AIDA FUTRI', 1, 2, 'P', 'TAKENGON', '2006-01-12', '9498', '0064004584', '1104031905060206', '1104035201060002', 4, 3, NULL, 1, 'SADONG JURU MUDI', NULL, 'ALIMAN', 18, NULL, NULL, NULL, 'HERLINA', 18, NULL, NULL, NULL, NULL, '085296632829', '$2y$10$roNbKZR5oZooLTTq0zY.COShDxOaMxWlc3hyMMpVJX/j46JQvRXzW', NULL, NULL, 1, 6, 1653105018, 1653105018, 0),
(61, 'winteguhiwanrantoni9604@man.com', 'WIN TEGUH IWAN RANTONI', 1, 3, 'L', 'TAKENGON', '2005-11-21', '9604', '0057543909', '1104111906060040', '1104112111050001', 3, 4, NULL, 20, 'TIMANGAN GADING', NULL, 'JUNAIDI', 1, NULL, NULL, NULL, 'RASNAH', 1, NULL, NULL, NULL, NULL, '085275806945', '$2y$10$srW/.bG.tk//ZiSU0gBnXuSQG4C/tfViO1SFlfqnL4lSxkDM3AsWy', NULL, NULL, 1, 6, 1653105018, 1653105018, 0),
(62, 'rizkaanindra9563@man.com', 'RIZKA ANINDRA', 1, 3, 'L', 'TAKENGON', '2006-05-27', '9563', '0064011299', '1104030704060035', '1104032705060002', 2, 2, NULL, 65, 'BLANG KOLAK II', NULL, 'MUKHSININ, SE', 22, NULL, NULL, NULL, 'RADIYAH, S.Pd', 22, NULL, NULL, NULL, NULL, '082361148941', '$2y$10$WkW2fQ9hpdOhArxAnSQdWeb.Y4.nZPwRDJD7AzmFGshsf/SeZrxQi', NULL, NULL, 1, 6, 1653105018, 1653105018, 0),
(63, 'bungelusiana9448@man.com', 'BUNGE LUSIANA', 1, 3, 'P', 'MUPAKAT JADI', '2005-10-21', '9448', '0052068928', '1117031206060202', '1117036110050001', 2, 3, NULL, 95, 'MUPAKAT JADI', NULL, 'SUPRAITNO W', 9, NULL, NULL, NULL, 'ELI SAFITRI', 9, NULL, NULL, NULL, NULL, '081269104525', '$2y$10$4aV0nDewXNR0.dbN7EIUQuIlLJrFxa1uenCuv.gallJHBsdwVv14K', NULL, NULL, 1, 6, 1653105018, 1653105018, 0),
(64, 'jurfanajwa9495@man.com', 'JURFA NAJWA', 1, 3, 'P', 'TAKENGON', '2007-02-17', '9495', '0071410450', '1104110405060017', '1104115702070003', 3, 2, NULL, 64, 'NUNANG ANTARA', NULL, 'GAMA HUDI ST', 12, NULL, NULL, NULL, 'SUSRI JAYA, S.Pd, M.AP', 12, NULL, NULL, NULL, NULL, '082371444400', '$2y$10$SbLiHEtF/Wf3lE.v7Ce1HuUgFnm4iKOPKuFmB6liMIwExf//N.4hC', NULL, NULL, 1, 6, 1653105018, 1653105018, 0),
(65, 'lizanovriana9500@man.com', 'LIZA NOVRIANA', 1, 3, 'P', 'TAKENGON', '2006-11-02', '9500', '0061490169', '1104032707100001', '1104034211060001', 2, 2, NULL, 64, 'PENDERE', NULL, 'SABRI', 13, NULL, NULL, NULL, 'LISMA KARYAWATI', 13, NULL, NULL, NULL, NULL, '082283334367', '$2y$10$Gxg2bVUOrBheS.fIgWVyaOaLhsHyieww.XjhvoxD4cr7uPGrMmgYS', NULL, NULL, 1, 6, 1653105018, 1653105018, 0),
(66, 'pintasari9543@man.com', 'PINTA SARI', 1, 3, 'P', 'ACEH TENGAH', '2006-02-08', '9543', '0062715479', '1104022101055105', '1104024802060001', 1, 1, NULL, 64, 'SANEHEN', NULL, 'ABD RAJAK', 14, NULL, NULL, NULL, 'KASMAWATI', 14, NULL, NULL, NULL, NULL, '082272433903', '$2y$10$TTnpVBPTVtPv4evKME4N8u..Paz0LbS6VtbHp/D6v/3yf507jmSXS', NULL, NULL, 1, 6, 1653105018, 1653105018, 0),
(67, 'ridhajunita9553@man.com', 'RIDHA JUNITA', 1, 3, 'P', 'TAKENGON', '2005-12-01', '9553', '0058674070', '1104031805060141', '1104034712050001', 2, 2, NULL, 64, 'SIMPANG EMPAT', NULL, 'JUNAIDI', 15, NULL, NULL, NULL, 'AFNITA', 15, NULL, NULL, NULL, NULL, '081360084679', '$2y$10$aV3rCuql3Va0dLxNWEMj/OGFTej9s2D87sHUI52nSoFtJ8gJjFhIS', NULL, NULL, 1, 6, 1653105018, 1653105018, 0),
(68, 'selviaafriani9579@man.com', 'SELVIA AFRIANI', 1, 3, 'P', 'BINTANG', '2006-04-02', '9579', '0053962670', '1104031511110006', '1104074204050001', 2, 4, NULL, 64, 'GELENGANG 1001', NULL, 'SAPRIANDI', 16, NULL, NULL, NULL, 'SARAIYAH', 16, NULL, NULL, NULL, NULL, '085359277191', '$2y$10$ywhgks9VLrECyzAMJeMsSetoIB9yE2.RU.SQp0fNlFUqy97eJgkBK', NULL, NULL, 1, 6, 1653105018, 1653105018, 0),
(69, 'sofiaramadhani9586@man.com', 'SOFIA RAMADHANI', 1, 3, 'P', 'ACEH TENGAH', '2006-10-07', '9586', '0062104676', '1104031206060045', '1104034710060004', 1, 2, 'YATIM', 64, 'PENDERE', NULL, '(ALM) SELAMAT', 17, NULL, NULL, NULL, 'SANIDA', 17, NULL, NULL, NULL, NULL, '085276825808', '$2y$10$C6J0JVeiQlXHkkkwXGNXzuwo1H2VdwlnGntAqPM9oN25gwn9GJ8ly', NULL, NULL, 1, 6, 1653105018, 1653105018, 0),
(70, 'futrisalsabila9473@man.com', 'FUTRI SALSABILA', 1, 3, 'P', 'PENDERE', '2006-02-28', '9473', '0061351862', '1104036802060001', '1104031206060047', 2, 2, NULL, 63, 'PENDERE', NULL, 'ABD GAFUR', 9, NULL, NULL, NULL, 'NURAINI', 9, NULL, NULL, NULL, NULL, '085260371925', '$2y$10$u5Re/wI5xvvoFag2tQ6z4O6psvftDqtW/fx84B8Zr5R9E1bwTB1Lu', NULL, NULL, 1, 6, 1653105019, 1653105019, 0),
(71, 'mauzaismiadi9512@man.com', 'MAUZA ISMIADI', 1, 3, 'L', 'TAKENGON', '2006-06-24', '9512', '0069065460', '1104032505060110', '1104032406060001', 1, 2, NULL, 63, 'LEMAH BURBANA', NULL, 'SAFRAN', 10, NULL, NULL, NULL, 'ISNI MAULIDA', 10, NULL, NULL, NULL, NULL, '085260438190', '$2y$10$ohCfqOpzXEXiUwFlEDBEc.9xtfzjpvtyUB8ddWexFyKpcFfgMtZXy', NULL, NULL, 1, 6, 1653105019, 1653105019, 0),
(72, 'auradina9444@man.com', 'AURA DINA', 1, 3, 'P', 'ACEH TENGAH', '2006-08-27', '9444', '0065413499', '1104022401070010', '1104026708060001', 1, 2, NULL, 61, 'WIH PESAM', NULL, 'M DAUD MUNTHE', 21, NULL, NULL, NULL, 'HAJALINA WATI', 21, NULL, NULL, NULL, NULL, '082369204424', '$2y$10$GCwwdVBXLUAvMRS8wGoZs.0/p2brOLn12JnxmgrSQq.VrdaYchKNq', NULL, NULL, 1, 6, 1653105019, 1653105019, 0),
(73, 'mutiararamadhani9522@man.com', 'MUTIARA RAMADHANI', 1, 3, 'P', 'TAKENGON', '2006-09-23', '9522', '0067490461', '1104172012060002', '1104176309060001', 3, 3, NULL, 61, 'ASIRASIR', NULL, 'SYAHBUDDIN', 22, NULL, NULL, NULL, 'LELA YURNI', 22, NULL, NULL, NULL, NULL, '085296832468', '$2y$10$qex.iaKJyIDb02RSoZrlkOJaiyGc8of9YccjwFK/J4SD9mnZHZAFG', NULL, NULL, 1, 6, 1653105019, 1653105019, 0),
(74, 'rizkisyafitri9565@man.com', 'RIZKI SYAFITRI', 1, 3, 'P', 'PANTAN TENGAH', '2007-02-10', '9565', '0068145484', '1104052810100001', '1104055002070002', 1, 2, NULL, 56, 'TIMANGAN GADING', NULL, 'IDRIS', 9, NULL, NULL, NULL, 'SARIFAH', 9, NULL, NULL, NULL, NULL, '082368482037', '$2y$10$6R8U3PaeoNCgiPjJ/0H9Xe/l6wfZRw5ZYIubiqj6VuVfEqrL8MI2y', NULL, NULL, 1, 6, 1653105019, 1653105019, 0),
(75, 'melayunita9513@man.com', 'MELA YUNITA', 1, 3, 'P', 'ANGKUP', '2006-05-22', '9513', '0064392418', '1104020206060093', NULL, 2, 3, NULL, 39, 'PEPAYUNGEN ', NULL, 'ARMAYADI', 20, NULL, NULL, NULL, 'KASIMAH', 20, NULL, NULL, NULL, NULL, '082272518501', '$2y$10$c7jOPOf62zBPyEWlPUydqujhSkcvIXZthFwMDRowb4ppFlUW1sGVu', NULL, NULL, 1, 6, 1653105019, 1653105019, 0),
(76, 'rifdafriatin9558@man.com', 'RIFDA FRIATIN', 1, 3, 'L', 'ACEH TENGAH', '2005-09-29', '9558', '0059207732', '1104021210100006', '1104022808000001', 2, 2, NULL, 37, 'GENTING GERBANG', NULL, 'SUYITNO', 5, NULL, NULL, NULL, 'SANIAH S', 5, NULL, NULL, NULL, NULL, '085362876292', '$2y$10$VaFP9BED/N/tvcm4OAabHuBT.xxDxKfOc9ATgCL2c91UGJs6d4.PK', NULL, NULL, 1, 6, 1653105019, 1653105019, 0),
(77, 'sahraniputri9572@man.com', 'SAHRANI PUTRI', 1, 3, 'P', 'ACEH TENGAH', '2006-07-07', '9572', '0069336506', '1104040202080002', '1104044707060001', 2, 3, NULL, 19, 'UNING PEGANTUNGEN', NULL, 'SYAHDAN', 11, NULL, NULL, NULL, 'MAI SYARAH', 11, NULL, NULL, NULL, NULL, '082369903375', '$2y$10$Dl7C9o2YX1Tv.j/PId/e6e5Qc1VmKC7Arkl.uJBpWUvqg9AZAwrDq', NULL, NULL, 1, 6, 1653105019, 1653105019, 0),
(78, 'khairifikri9499@man.com', 'KHAIRI FIKRI', 1, 3, 'L', 'ACEH TENGAH', '2006-06-04', '9499', '0066394700', '1104071206060016', '1104070406060001', 1, 3, NULL, 162, 'TEBUK', NULL, 'SAPDIN', 12, NULL, NULL, NULL, 'RAFIAH', 12, NULL, NULL, NULL, NULL, '082289055381', '$2y$10$iKhYbPnuRtEdG0wRlLtff.mcqpZv4wvodAvJvMPG8NeXN3RQ5uSKq', NULL, NULL, 1, 6, 1653105019, 1653105019, 0),
(79, 'rifkirahmanhakim9560@man.com', 'RIFKI RAHMAN HAKIM', 1, 3, 'L', 'WIH PORAK', '2008-05-01', '9560', '0062280296', '1104022801090010', '1104020105080001', 2, 2, NULL, 11, 'DEDAMAR', NULL, 'AL ABRAR', 17, NULL, NULL, NULL, 'RAMDANI', 17, NULL, NULL, NULL, NULL, '082219434961', '$2y$10$nGle78kQN1s5rUyzcnfKpOd7GjFGuQeO7t9ZA6A.Qgu4bD0HjOATK', NULL, NULL, 1, 6, 1653105019, 1653105019, 0),
(80, 'novadiliza9540@man.com', 'NOVA DILIZA', 1, 3, 'P', 'ACEH TENGAH', '2006-03-30', '9540', '0061337730', '1117010510150002', '1117014305060001', 1, 3, NULL, 201, 'KUYUN', NULL, 'SUANDI SK', 9, NULL, NULL, NULL, 'ASMANI, S.Ag', 9, NULL, NULL, NULL, NULL, '082361420794', '$2y$10$UMba/DqbtGYGKxVIe4BJCe82CsNDpT3lujnTxriwfrMTJgescg2fa', NULL, NULL, 1, 6, 1653105019, 1653105019, 0),
(81, 'yogasetiawanadha9605@man.com', 'YOGA SETIAWAN ADHA', 1, 3, 'L', 'ACEH TENGAH', '2006-01-07', '9605', '0067904470', '1104110506060016', '1104110701060002', 3, 2, NULL, 197, 'KELUPAK MATA', NULL, 'SIR\'AN', 12, NULL, NULL, NULL, 'TURINI', 12, NULL, NULL, NULL, NULL, '082286785135', '$2y$10$yiRTBNZydSkG.YZG0J6Zu.Woj5fB1FrLWbmrMFAfK7X424aOUQEXW', NULL, NULL, 1, 6, 1653105019, 1653105019, 0),
(82, 'rendyafitrawan9550@man.com', 'RENDYA FITRAWAN', 1, 3, 'L', 'ACEH TENGAH', '2005-12-03', '9550', '0061979575', '1104040312050001', '1104040312050001', 2, 3, NULL, 192, 'BIES MULIE', NULL, 'SUMARDIAN S', 18, NULL, NULL, NULL, 'LASMINI JS', 18, NULL, NULL, NULL, NULL, '082365890880', '$2y$10$IIWdjTYazAvbmN1/D0LwyOHNhj1IPd1e0aMW/kZDBhHXFOfGvwws2', NULL, NULL, 1, 6, 1653105019, 1653105019, 0),
(83, 'sulastriulandari9588@man.com', 'SULASTRI ULANDARI', 1, 3, 'P', 'LINGE', '2006-08-01', '9588', NULL, '1104012903060009', '1104014108060002', 1, 3, NULL, 192, 'LING', NULL, 'ISKANDAR', 1, NULL, NULL, NULL, 'RUMAINI', 1, NULL, NULL, NULL, NULL, '082387411996', '$2y$10$SN0K23SJSEnSZPUFB6cLdeRssUt3RGRJlIOtL0U/XDwR60TPGsTga', NULL, NULL, 1, 6, 1653105019, 1653105019, 0),
(84, 'alpandi9432@man.com', 'ALPANDI', 1, 3, 'L', 'TAN SARIL', '2006-03-14', '9432', '0050483212', NULL, NULL, 4, 3, NULL, 168, 'TAN SARIL', NULL, 'ALIMSYAH', 7, NULL, NULL, NULL, 'ERNIYATI', 7, NULL, NULL, NULL, NULL, '085362464047', '$2y$10$heBqjM6QbiW0K1PF3tDq5Op.OIyBn8CxtsD8hKtHgzywYCfUKBNAu', NULL, NULL, 1, 6, 1653105019, 1653105019, 0),
(85, 'juspikaaradi9496@man.com', 'JUSPIKA ARADI', 1, 3, 'L', 'KUTE REJE', '2005-06-10', '9496', NULL, '1104012510100005', '1104011000050001', 1, 2, NULL, 162, 'KUTE REJE', NULL, 'ALI AMRAN', 13, NULL, NULL, NULL, 'SA\'INAH', 13, NULL, NULL, NULL, NULL, NULL, '$2y$10$FFNtvWSnNtUJAuZSUSie0Ox6GvSDlxhawxxzQwgufeN7QrcLsbHca', NULL, NULL, 1, 6, 1653105019, 1653105019, 0),
(86, 'hamdan9480@man.com', 'HAMDAN', 1, 3, 'L', 'ACEH TENGAH', '2005-12-22', '9480', '0056624252', '1104031905060094', '1104032212050002', 1, 1, NULL, 64, 'KEMILI', NULL, 'MAHDI PUTRA', 7, NULL, NULL, NULL, 'RUSDIANA', 7, NULL, NULL, NULL, NULL, '085362302373', '$2y$10$Vqhq9HWhqJRU1bwwDO.ToO0XI6Db.58RUQ6B4DXbeXraVBIV2kQ6y', NULL, NULL, 1, 6, 1653105019, 1653105019, 0),
(87, 'zaharadwearianti9609@man.com', 'ZAHARA DWE ARIANTI', 1, 3, 'P', 'TAKENGON', '2006-07-27', '9609', '0063837691', '1104030311110007', '1104016707060001', 2, 3, NULL, 64, 'SIMPANG EMPAT', NULL, 'EDDI SUSILO', 8, NULL, NULL, NULL, 'MURTATI, SRT.Keb', 8, NULL, NULL, NULL, NULL, '081362512703', '$2y$10$jcwEWBwgrWsfTiY9mX7BVugLwjefkArSTOX4j3ced7aUtCcGY5.3G', NULL, NULL, 1, 6, 1653105019, 1653105019, 0),
(88, 'zilfanakhairunnisa9613@man.com', 'ZILFANA KHAIRUN NISA', 1, 3, 'L', 'ACEH TENGAH', '2006-09-12', '9613', '0066358842', '1104031905060171', '1104035209060004', 2, 2, NULL, 64, 'KEMILI', NULL, 'FAIZAN', 9, NULL, NULL, NULL, 'MAINA SARI', 9, NULL, NULL, NULL, NULL, '085362686268', '$2y$10$eRccm3yLekjRwvJDQKDQ1OnGksXbYMihXBe4GG73XpBX5tP2nYYB2', NULL, NULL, 1, 6, 1653105019, 1653105019, 0),
(89, 'endangstaurina9617@man.com', 'ENDANG S TAURINA', 1, 3, 'P', 'KEMILI', '2005-10-10', '9617', '0055375914', '1104032505060044', '1104035010050002', 4, 4, NULL, 64, 'KEMILI', NULL, 'IDRIS', 10, NULL, NULL, NULL, 'DARMIATI', 10, NULL, NULL, NULL, NULL, '082273612732', '$2y$10$xr5UsLkOlLFg/Sgdz7ZdPO6ewJXcrm.EhVZ4RrE8n.9KwA5OByjo6', NULL, NULL, 1, 6, 1653105019, 1653105019, 0),
(90, 'naufalwaliyulhaq9531@man.com', 'NAUFAL WALIYUL HAQ', 1, 3, 'L', 'PANTE RAYA', '2006-06-26', '9531', '0062246966', '1104112102090002', '1104112102090002', 1, 2, NULL, 61, 'KUTE LOT', NULL, 'MUBAWARDI', 3, NULL, NULL, NULL, 'MUSDALIFAH', 3, NULL, NULL, NULL, NULL, '085275279173', '$2y$10$WjmVLjrAc6zOlOSDn6oE7.uuUM4qTbMAZV4BEZ6kQfZcryoY2e1Tq', NULL, NULL, 1, 6, 1653105019, 1653105019, 0),
(91, 'fitraariga9470@man.com', 'FITRA ARIGA', 1, 3, 'L', 'PINANGAN', '2005-10-29', '9470', '0054992348', '1104112101050178', '1104112910050002', 3, 2, NULL, 60, 'PINANGAN', NULL, 'JUNAIDI', 17, NULL, NULL, NULL, 'DEWI', 17, NULL, NULL, NULL, NULL, '082215030395', '$2y$10$REaamVV9pfipeQgI67DPXOUoBEWPAf7e/mAc3ttQiXYb70qaHtSYW', NULL, NULL, 1, 6, 1653105020, 1653105020, 0),
(92, 'jaharamurni9494@man.com', 'JAHARA MURNI', 1, 3, 'P', 'ACEH TENGAH', '2005-05-11', '9494', '0069940573', '1104022905060002', '1104026105060001', 1, 3, NULL, 39, 'GUNUNG SINGIT', NULL, 'BUDIAMAN', 13, NULL, NULL, NULL, 'ARMIATI', 13, NULL, NULL, NULL, NULL, '085262536186', '$2y$10$LROYB6gpMHWAhKgaC4FNk.Ee0ykbksfk4hVqyqvAzNVEP0lokurLG', NULL, NULL, 1, 6, 1653105020, 1653105020, 0),
(93, 'zahraniizzatis9610@man.com', 'ZAHRANI IZZATI S', 1, 3, 'P', 'TAKENGON', '2006-07-30', '9610', '0067144413', '1104032604060049', '1104037007060003', 4, 4, NULL, 28, 'BEBESEN', NULL, 'SUKARMAN, SP', 3, NULL, NULL, NULL, 'TUMIASIH, S.Pt', 3, NULL, NULL, NULL, NULL, '085260705599', '$2y$10$prpCAQ37/ybhPomjz6NLr.dbCHWa9WU55rC4JuOMAuxqJqBB9YW/e', NULL, NULL, 1, 6, 1653105020, 1653105020, 0),
(94, 'intannurhayati9488@man.com', 'INTAN NURHAYATI', 1, 3, 'P', NULL, NULL, '9488', NULL, NULL, NULL, NULL, NULL, NULL, 1, NULL, NULL, NULL, 19, NULL, NULL, NULL, NULL, 19, NULL, NULL, NULL, NULL, '082211851618', '$2y$10$jSMqB/osKDeDIMp60UndVONaGiUTBEPKH/f6EY2gaeLK0v3dx1iE2', NULL, NULL, 1, 6, 1653105020, 1653105020, 0),
(95, 'nadia9526@man.com', 'NADIA ', 1, 3, 'P', 'TAKENGON', '2006-06-11', '9526', '0062580801', '1104030511060003', '1104035106060002', 3, 4, NULL, 1, 'UMANG', NULL, 'KAMALUDDIN', 20, NULL, NULL, NULL, 'SULASTRI', 20, NULL, NULL, NULL, NULL, '085270057965', '$2y$10$ruRs5KJGTRcs6CaRYdIPaujgnkWjFarcVph4LEuEVqFVGMHEg9GIq', NULL, NULL, 1, 6, 1653105020, 1653105020, 0),
(96, 'amanda9434@man.com', 'AMANDA', 1, 4, 'P', 'MEDAN', '2006-08-13', '9434', '0064727190', '1271100501060033', '1271105308060005', 1, 2, NULL, 34, 'BALE ATU', NULL, 'BUDI HERMANTO', 15, NULL, NULL, NULL, 'NUR SYAMSI', 15, NULL, NULL, NULL, NULL, '085362111135', '$2y$10$UJZImvkgyznriIf1ZHFcvugtl50ttgBL2MAWn28v8FyHVEUrD4T.S', NULL, NULL, 1, 6, 1653105020, 1653105020, 0),
(97, 'sarahafriani9575@man.com', 'SARAH AFRIANI', 1, 4, 'P', 'TAKENGON', '2007-04-25', '9575', '0074061131', '1104021806060107', '1104026504070001', 4, 3, NULL, 46, 'WIHNI BAKONG', NULL, 'SARIPUDDIN', 3, NULL, NULL, NULL, 'REBIMAH', 3, NULL, NULL, NULL, NULL, '082237838313', '$2y$10$pPec7nTj7kInzPiyxBJafebh4YJvpLHUiuCeCHgo1QTI1gwcRGVg6', NULL, NULL, 1, 6, 1653105020, 1653105020, 0),
(98, 'haikalmahpenona9618@man.com', 'HAIKAL MAHPENONA', 1, 4, 'L', 'TAKENGON', '2005-08-26', '9618', NULL, '1104030806060133', '1104032608050003', 2, 2, NULL, 49, 'BLANG KOLAK II', NULL, 'ADINUL HAZMI', 6, NULL, NULL, NULL, 'HENNI SILVIA', 6, NULL, NULL, NULL, NULL, '081360066027', '$2y$10$w0Yb2VuWRrANSsuWjWFKseEmgGa7SD8m7JDgvzc1GvTtAA8xffzuK', NULL, NULL, 1, 6, 1653105020, 1653105020, 0),
(99, 'armadainipionafitri9440@man.com', 'ARMADAINI PIONA FITRI', 1, 4, 'P', 'KUTE LINTANG', '2006-09-30', '9440', '0066705875', '1104070806060187', '1104077009080001', 2, 2, NULL, 55, 'KUTE LINTANG', NULL, 'ARSADI', 12, NULL, NULL, NULL, 'ERVITAWATI', 12, NULL, NULL, NULL, NULL, '082369204607', '$2y$10$FGZLrgMnHzQnTnoqEp9gcOt1TP8BUD9PcPoxCtja8rzccVUZBeiau', NULL, NULL, 1, 6, 1653105020, 1653105020, 0),
(100, 'tirazahraassyifa9595@man.com', 'TIRA ZAHRA ASSYIFA', 1, 4, 'P', 'TAKENGON', '2006-02-23', '9595', '0086307266', NULL, NULL, 1, 3, NULL, 71, 'PEPAYUNGEN', NULL, 'HINDRA', 4, NULL, NULL, NULL, 'HIDAYATI', 4, NULL, NULL, NULL, NULL, '082360948565', '$2y$10$nW/.6HN0QQX2Rw9jDe0x1OJhmuaJOCh8PX8WYk/YWf2eRibx5flG2', NULL, NULL, 1, 6, 1653105020, 1653105020, 0),
(101, 'faziravalameysa9467@man.com', 'FAZIRA VALAMEYSA', 1, 4, 'P', 'ACEH TENGAH', '2008-07-08', '9467', '0066304527', '1104032805080012', '1104034606870002', 1, 2, NULL, 64, 'NUNANG ANTARA', NULL, 'MAIDI SURANTA', 18, NULL, NULL, NULL, 'YUNIMA FITRI', 18, NULL, NULL, NULL, NULL, '085273298016', '$2y$10$XNqtV4y.Lb8t0J2TcN.MIOgt6WGuahohTZtkxjK6sChz8g6mawUVC', NULL, NULL, 1, 6, 1653105020, 1653105020, 0),
(102, 'muhammadalfarisim9517@man.com', 'MUHAMMAD AL FARISI M', 1, 4, 'L', 'TAKENGON', '2006-09-21', '9517', '0063038621', '1104022804060015', '1104022109060001', 4, 4, NULL, 64, 'SANEHEN', NULL, 'MARDANI', 19, NULL, NULL, NULL, 'MAWARNI', 19, NULL, NULL, NULL, NULL, '081263602333', '$2y$10$m.hKh4OSt/PxuTswu8HCf.dh.OsITALTBgc04lSRpThS8itbcbWvq', NULL, NULL, 1, 6, 1653105020, 1653105020, 0),
(103, 'rizkankhalis9564@man.com', 'RIZKAN KHALIS', 1, 4, 'L', 'TAKENGON', '2006-01-26', '9564', '0061341857', '1104031006060072', '1104032601060002', 2, 1, NULL, 64, 'BLANG KOLAK II', NULL, 'RAMLI', 20, NULL, NULL, NULL, 'IMELDA RUAIDA', 20, NULL, NULL, NULL, NULL, '085275030750', '$2y$10$hGzX9LmrPU9eyQwKCx6tiuRokHRmy8pydMebDICLFSi5zOtkHEh8q', NULL, NULL, 1, 6, 1653105020, 1653105020, 0),
(104, 'sayumahara9577@man.com', 'SAYU MAHARA', 1, 4, 'P', 'ACEH TENGAH', '2007-01-16', '9577', '0076176497', '1104061709100014', '1104065601070002', 1, 2, NULL, 64, 'MAH BENGI', NULL, 'HAMDAN', 21, NULL, NULL, NULL, 'MAWAR DIANA', 21, NULL, NULL, NULL, NULL, '082269014531', '$2y$10$Fs904ALRSa6XvloALwgYIeo4CG5/RqeeRt/fNnD2vN5j3dsYS9gqq', NULL, NULL, 1, 6, 1653105020, 1653105020, 0),
(105, 'tomirizkilaoce9596@man.com', 'TOMI RIZKI LAOCE', 1, 4, 'L', 'ACEH TENGAH', '2007-02-11', '9596', '0079105290', NULL, NULL, 1, 2, NULL, 64, 'KALA KEMILI', NULL, 'SUGIHARTONO', 22, NULL, NULL, NULL, 'SUMIARTI', 22, NULL, NULL, NULL, NULL, '085265297879', '$2y$10$ReyMagSUzHD0WS7.lReFAODdeR.oBfHSV..nAMuOvezFxAAu9pGHK', NULL, NULL, 1, 6, 1653105020, 1653105020, 0),
(106, 'sawma9576@man.com', 'SAWMA', 1, 4, 'P', 'TOWEREN', '2006-02-28', '9576', '0061281952', '1104171404060002', '11041744120660001', 1, 2, NULL, 62, 'TOWERWN', NULL, 'SARKAWI', 20, NULL, NULL, NULL, 'AIDA FITRI', 20, NULL, NULL, NULL, NULL, '082286854594', '$2y$10$SWa/wubMNuSNL/ase23ESuLZkzPFxh/YpBu5VXO2QYR51z3MmW7wi', NULL, NULL, 1, 6, 1653105020, 1653105020, 0),
(107, 'semayang9580@man.com', 'SEMAYANG', 1, 4, 'P', 'ACEH TENGAH', '2006-06-23', '9580', '0068189296', '1104170806060073', '1104176306060001', 5, 4, NULL, 61, 'GUNUNG SUKU', NULL, 'AHMADA', 23, NULL, NULL, NULL, 'KAMALIAH', 23, NULL, NULL, NULL, NULL, '082363044034', '$2y$10$KRu7jEhf2l8F79CuyRtIxeicwpryasBFplXSzyMqQHihUa4.s0o82', NULL, NULL, 1, 6, 1653105020, 1653105020, 0),
(108, 'gayatrihajamunte9476@man.com', 'GAYATRI HAJA MUNTE', 1, 4, 'P', 'PURBALINGGA', '2006-01-10', '9476', '0063822359', '1104025001080002', '1104020308150000', 1, 1, NULL, 60, 'WIHNI BAKONG', NULL, 'SRI MULYONO', 13, NULL, NULL, NULL, 'MIKA FITRIANA MUNTE', 13, NULL, NULL, NULL, NULL, '085270200561', '$2y$10$08jQ7vR5btK2acMQ0CycaejGntqd6aj4a0IRaIsNsjseSjp21Z1B6', NULL, NULL, 1, 6, 1653105020, 1653105020, 0),
(109, 'mabralsetiawan9501@man.com', 'M ABRAL SETIAWAN', 1, 4, 'L', 'TAKENGON', '2005-08-26', '9501', '0065826297', '1104031812080002', '1104032608050002', 7, 6, NULL, 60, 'BLANG KOLAK II', NULL, 'RAMLI YK', 14, NULL, NULL, NULL, 'SULASTRI', 14, NULL, NULL, NULL, NULL, '082294260165', '$2y$10$8sPNxUd0vkjBrQHdSA2GeOgy3Cwzsf3hbYqm.3MlYnWt8tuYLb/KC', NULL, NULL, 1, 6, 1653105020, 1653105020, 0),
(110, 'alhadimy9431@man.com', 'ALHADI MY', 1, 4, 'L', 'TAMI DELEM', '2005-07-31', '9431', '0056911138', '1104110803080011', '1104113107050001', 2, 1, NULL, 56, 'TAMI DELEM', NULL, 'MAHMUDDIN', 10, NULL, NULL, NULL, 'YURIANA, S.Ag', 10, NULL, NULL, NULL, NULL, '082304039037', '$2y$10$C0pRhLwdAGRkg4QmJmOodOC.TuTg9xn49QdT4VUGKWlsWVntIi6Fu', NULL, NULL, 1, 6, 1653105020, 1653105020, 0),
(111, 'rahmadaini9546@man.com', 'RAHMADAINI', 1, 4, 'P', 'TAKENGON', '2005-10-11', '9546', '0059759498', '1104111801070006', '1104115110050003', 2, 2, NULL, 56, 'JONGOK BATHIN', NULL, 'M SALEH', 11, NULL, NULL, NULL, 'SRI HANDAYANI', 11, NULL, NULL, NULL, NULL, '082376652933', '$2y$10$/a606W1Nl04mzJjKPAH66Oloc681yHbpEkMSNG0CicE3KJpGjL/H6', NULL, NULL, 1, 6, 1653105020, 1653105020, 0),
(112, 'ridhawantuahmiko9554@man.com', 'RIDHAWAN TUAH MIKO', 1, 4, 'L', 'TAKENGON', '2006-06-19', '9554', '0066927552', '1104112904060023', '1104111906060001', 1, 1, NULL, 56, 'LOT KALA', NULL, 'IHWAN FITRA', 12, NULL, NULL, NULL, 'RUHAIDA', 12, NULL, NULL, NULL, NULL, '085361413189', '$2y$10$sl9GVOCzqd79qjTYuh5oZ.WjwG/PF6eNKupzvzMeAc1RU.k2V8qWO', NULL, NULL, 1, 6, 1653105020, 1653105020, 0),
(113, 'sulastri9587@man.com', 'SULASTRI', 1, 4, 'P', 'ARUL KUMER', '2004-02-14', '9587', '0049208742', '1104021408060045', '1104025402040003', 2, 1, NULL, 40, 'ARUL KUMER', NULL, 'M DAUD', 12, NULL, NULL, NULL, 'PATIMAH SAM', 12, NULL, NULL, NULL, NULL, '082267076722', '$2y$10$v9ji0Ne1U13p6cRteeshJOUP..bIHFC7i56vewJsIpQazvNuiWqhi', NULL, NULL, 1, 6, 1653105021, 1653105021, 0),
(114, 'dinahayati9456@man.com', 'DINA HAYATI', 1, 4, 'P', 'ARUL RELEM', '2006-10-10', '9456', '0066494896', '1117100311100010', '1117107011070001', 2, 2, 'YATIM', 34, 'ARUL RELEM', NULL, 'SAPARUDDIN', 10, NULL, NULL, NULL, 'ROSLAINI', 10, NULL, NULL, NULL, NULL, '085296744790', '$2y$10$myouEThM/M9xKWczV6mztebYaKhhMLg9OU8mDW1ZGOqnOmRUXAd.K', NULL, NULL, 1, 6, 1653105021, 1653105021, 0),
(115, 'nopiytasentiya9538@man.com', 'NOPIYTA SENTIYA', 1, 4, 'P', 'ARUL RELEM', '2006-03-25', '9538', '0066874607', '1104021206060057', '1104026503060001', 1, 2, NULL, 34, 'ARUL RELEM', NULL, 'ABD LATIF', 11, NULL, NULL, NULL, 'IDAWATI', 11, NULL, NULL, NULL, NULL, '081292016689', '$2y$10$Hh6EPdmpyTUpoDBrqcCgJemtVtEk66aL6OmCmeFZh8xVq3cZOgf4K', NULL, NULL, 1, 6, 1653105021, 1653105021, 0),
(116, 'sintapratama9583@man.com', 'SINTA PRATAMA', 1, 4, 'P', 'ARUL RELEM', '2006-02-04', '9583', '0064256794', '1104021206060141', '1104024402060003', 2, 1, 'YATIM', 34, 'ARUL RELEM', NULL, '(ALM) TAMRIN', 12, NULL, NULL, NULL, 'FARTI', 12, NULL, NULL, NULL, NULL, 'Tdk ada no hp', '$2y$10$fwDDp4HfDWUozKxzZrz7T.Oz1yKxQCTCWPRI83fFidmH0p8e/xS9S', NULL, NULL, 1, 6, 1653105021, 1653105021, 0),
(117, 'nazwa9534@man.com', 'NAZWA ', 1, 4, 'P', 'TAKENGON', '2006-06-06', '9534', '0066118340', '1104032101053906', '1104034606060002', 1, 2, NULL, 28, 'GELE LAH', NULL, 'ZULFIANSYAH', 17, NULL, NULL, NULL, 'FITRIANI', 17, NULL, NULL, NULL, NULL, '082329296533', '$2y$10$oJ.YFhDDWGHvkyrVXQTzcOi1wU3MGZngUzKrjHHXx6gJru54sqXuW', NULL, NULL, 1, 6, 1653105021, 1653105021, 0),
(118, 'aldofandika9430@man.com', 'ALDO FANDIKA', 1, 4, 'L', 'UNING', '2006-09-23', '9430', '0064900157', '1104072001090001', '1104072309060001', 1, 3, NULL, 19, 'UNING', NULL, 'EFENDI ARITA', 12, NULL, NULL, NULL, 'HASMINA', 12, NULL, NULL, NULL, NULL, '085277325634', '$2y$10$tYlpze4fJXh6vUzrHKyJTO6vjb427T6Bv6V7Jmzb.J5m3yx.e9.Mq', NULL, NULL, 1, 6, 1653105021, 1653105021, 0),
(119, 'rizkymaulana9566@man.com', 'RIZKY MAULANA', 1, 4, 'L', 'ARUL LATONG', '2006-04-07', '9566', '0066225630', '1104033001130011', '1104040704060002', 1, 2, NULL, 19, 'ARUL LATONG', NULL, 'ENDI', 13, NULL, NULL, NULL, 'HARLITA, S.Pd', 13, NULL, NULL, NULL, NULL, '082249412728', '$2y$10$UMo8U3K5pBK5fSvGjBoEIe6NYhuqDXi3MoNKRCD4B6kOWaqHsGBQm', NULL, NULL, 1, 6, 1653105021, 1653105021, 0),
(120, 'melina9514@man.com', 'MELINA', 1, 4, 'P', 'LINGE', '2006-06-04', '9514', '0064290090', '110413003060024', '1104014405000001', 3, 3, NULL, 197, 'LINGE', NULL, 'JEMALIN', 13, NULL, NULL, NULL, 'REBIATI', 13, NULL, NULL, NULL, NULL, '085324080349', '$2y$10$kdPckCR8FyU4ERJVl.Erre4a/oDSlVXiN/TdaQUjyQ.pb5UXMR882', NULL, NULL, 1, 6, 1653105021, 1653105021, 0),
(121, 'vadyaaknaakciella9600@man.com', 'VADYA AKNA AKCIELLA', 1, 4, 'P', 'ACEH TENGAH', '2006-07-17', '9600', '0064790505', '1104101904060016', '1104105703060001', 1, 2, NULL, 192, 'BLANG MANCUNG', NULL, 'EDI SUPRIATNO', 24, NULL, NULL, NULL, 'RATNA DEWI', 24, NULL, NULL, NULL, NULL, '082166033982', '$2y$10$Qu1IoDUIIDQb3vyoVT8gbO6YBA848QsLbXDo9/8zdv77FHgdQKtEa', NULL, NULL, 1, 6, 1653105021, 1653105021, 0),
(122, 'adekarina9422@man.com', 'ADE KARINA', 1, 4, 'P', 'ACEH TENGAH', '2004-06-03', '9422', '0045773869', '1104112005060019', '1104114306040002', 3, 4, NULL, 64, 'JONGOK BATHIN', NULL, 'ABD RAHMAN', 11, NULL, NULL, NULL, 'ASNISAR', 11, NULL, NULL, NULL, NULL, '082376071227', '$2y$10$dgqHVZUli0n7rV6Nqf/4y.8JpHBf4h7YH3XchIDjMzKV3cLhZUiCW', NULL, NULL, 1, 6, 1653105021, 1653105021, 0),
(123, 'rifkirahman9559@man.com', 'RIFKI RAHMAN', 1, 4, 'L', 'TAKENGON', '2006-12-08', '9559', '0062246820', '1104032606060006', '1104030812060001', 2, 3, NULL, 64, 'BURBIAH', NULL, 'PNS', 12, NULL, NULL, NULL, 'PARLAILAWATI', 12, NULL, NULL, NULL, NULL, '081362949429', '$2y$10$f5NiqXqZ1zON3iSq79oxJeRhQV5naMgWxQ8dpsh.Y0Qw.4tSXXS.C', NULL, NULL, 1, 6, 1653105021, 1653105021, 0),
(124, 'deniyusnita9454@man.com', 'DENI YUSNITA', 1, 4, 'P', 'PAYA REJE', '2005-12-18', '9454', '0051863114', '1104110906060036', '1104115812050001', 2, 1, NULL, 56, 'PAYA REJE', NULL, 'HUSNAN', 12, NULL, NULL, NULL, 'RUHDINI', 12, NULL, NULL, NULL, NULL, '085277442691', '$2y$10$EHY6gTu1rOV/lmq9EIAmyOI1hWiTnrLkRULkptYQhOkm2xKrVAVFK', NULL, NULL, 1, 6, 1653105021, 1653105021, 0),
(125, 'sultan9589@man.com', 'SULTAN', 1, 4, 'L', 'PINANGAN', '2006-06-26', '9589', '0066611230', '1104111212060004', '1104112606060001', 2, 1, NULL, 56, 'PINANGAN', NULL, 'ALMAWADDI', 13, NULL, NULL, NULL, 'WARHAMAH', 13, NULL, NULL, NULL, NULL, '082216150191', '$2y$10$68mL7Bn76X65eaOxMdd2X.9cfy727V2QhXrUnZEGFRh2m2coBP/iG', NULL, NULL, 1, 6, 1653105021, 1653105021, 0),
(126, 'ainulyakin9427@man.com', 'AINUL YAKIN', 1, 4, 'P', 'ACEH TENGAH', '2006-07-06', '9427', '0062933031', '1104122009060009', '1104124607060001', 2, 3, NULL, 43, 'PANTAN SILE', NULL, 'SAIBAN', 20, NULL, NULL, NULL, 'WAIJAH', 20, NULL, NULL, NULL, NULL, '082363687261', '$2y$10$hIQB6ERQ0q2787wa9wDAQuMtkpmiGIdGBQTI83kl/PNT15D0MI9pq', NULL, NULL, 1, 6, 1653105021, 1653105021, 0),
(127, 'vikkihafizulriski9602@man.com', 'VIKKI HAFIZUL RISKI', 1, 4, 'L', 'BUKIT SAMA', '2006-02-11', '9602', '0061778821', '1104110510100005', '1104111102060001', 2, 1, NULL, 43, 'BUKIT SAMA', NULL, 'RUSWANTO', 21, NULL, NULL, NULL, 'MAHYANA', 21, NULL, NULL, NULL, NULL, '082131276109', '$2y$10$kFQSHT6CkvRrv4L7jzw5.OZNnkm3BKTWTZNgCBrXoLKsoNxCQI8K6', NULL, NULL, 1, 6, 1653105021, 1653105021, 0),
(128, 'selpinasintiaputri9578@man.com', 'SELPINA SINTIA PUTRI', 1, 4, 'P', 'ACEH TENGAH', '2006-04-05', '9578', '0053433058', '1104120911200001', '1104124504060001', 1, NULL, NULL, 34, 'TAPAK MOGE', NULL, 'M ALI', 23, NULL, NULL, NULL, 'LELI YUNITA', 23, NULL, NULL, NULL, NULL, '085358869594', '$2y$10$rFy9S909.wLzAyRvb73iTugwrGETf39BmqV1siuIAr59Dmz8ZM34.', NULL, NULL, 1, 6, 1653105021, 1653105021, 0);
INSERT INTO `students` (`id`, `email`, `name`, `classId`, `roomId`, `gender`, `placeOfBirth`, `dayOfBirth`, `nis`, `nisn`, `noKk`, `nik`, `numberOfSiblings`, `fromOfSiblings`, `orphan`, `schoolId`, `address`, `fatherNik`, `fatherName`, `fatherEmployeeId`, `fatherSchoolId`, `fatherincome`, `motherNik`, `motherName`, `motherEmployeeId`, `motherSchoolId`, `motherincome`, `image`, `phone`, `phoneFamily`, `password`, `ipAddress`, `about`, `statusId`, `privilegeId`, `createdAt`, `updatedAt`, `deletedAt`) VALUES
(129, 'ridhoramadhan9556@man.com', 'RIDHO RAMADHAN', 1, 4, 'L', 'TEBUK', '2006-10-01', '9556', '0065459285', '1104072302210002', '1104030110060001', 2, 2, NULL, 24, 'BEBESEN', NULL, 'IBNU HAJAR', 13, NULL, NULL, NULL, 'ERES SELFI', 13, NULL, NULL, NULL, NULL, '085359918992', '$2y$10$OCTmtX8zyBCIf4dwMobjZeHh9d6y5SqP7sxbhajg7GgHR1OeNiT7m', NULL, NULL, 1, 6, 1653105021, 1653105021, 0),
(130, 'saharamulyadi9570@man.com', 'SAHARA MULYADI', 1, 4, 'L', 'BEBESEN', '2005-09-11', '9570', '0055457907', NULL, NULL, 1, NULL, 'YATIM PIATU', 24, 'BEBESEN', NULL, '(ALM) SUPANDI', 14, NULL, NULL, NULL, '(ALMH) NURMANI', 14, NULL, NULL, NULL, NULL, '085277680266', '$2y$10$IVtISdTUWWva8bxqbCS9BeWy3bd6wJ03IQmyeG5uA3l6B6MY3vSf6', NULL, NULL, 1, 6, 1653105021, 1653105021, 0),
(131, 'taufiqhidayat9594@man.com', 'TAUFIQ HIDAYAT', 1, 4, 'L', 'SERULE KAYU', '2005-12-26', '9594', '0053609479', '1117030206060083', '1117032612050001', 2, 1, NULL, 1, 'KUTE KERING', NULL, NULL, 21, NULL, NULL, NULL, NULL, 21, NULL, NULL, NULL, NULL, '085277969073', '$2y$10$pcjrffGXf2Q1ZtKdeAjpTe3hn61JvAVqrRUnvQGI0wRvfpCOGW3PK', NULL, NULL, 1, 6, 1653105021, 1653105021, 0),
(132, 'fadhlanridho9461@man.com', 'FADHLAN RIDHO', 1, 5, 'L', 'KABAN JAHE', '2006-04-22', '9461', '0047427984', '1104171212120004', '1207236412840007', 1, 2, NULL, 28, 'SP 4 BEBESEN', NULL, 'GUNAWAN', 9, NULL, NULL, NULL, 'JUNITA WATY', 9, NULL, NULL, NULL, NULL, '081377320577', '$2y$10$0Jj5KZdrZ2oA7oDGygHwsOwXP45gQO1DkjfrY1.H0Rd8895Oil7Ju', NULL, NULL, 1, 6, 1653105021, 1653105021, 0),
(133, 'gafuriakmal9475@man.com', 'GAFURI AKMAL', 1, 5, 'L', 'PONDOK BARU', '2006-06-17', '9475', '0061821613', '1104172112110001', '1104171706060004', 1, 3, NULL, 58, 'ASIRASIR', NULL, 'M YUSUF', 15, NULL, NULL, NULL, 'KHAIRANI', 15, NULL, NULL, NULL, NULL, '082249503008', '$2y$10$f9rUwb1Ymx5S0o5rsvxPaOFKfreYgRTBEocQEa0iBQNMShQ2uUT0q', NULL, NULL, 1, 6, 1653105021, 1653105021, 0),
(134, 'izatunnisa9493@man.com', 'IZATUNNISA', 1, 5, 'P', 'DEPOK', '2005-03-23', '9493', '0051851968', '3276070106100028', '3276076303050001', 4, 4, NULL, 62, 'BURBIAH', NULL, 'SAPRUDDIN', 19, NULL, NULL, NULL, 'ERNI YUNIAR', 19, NULL, NULL, NULL, NULL, '081314417899', '$2y$10$LwWXCfc/dRs0N658jF95vuNmGRkHnCzEaucRI62YW2SgMygP3B1Yy', NULL, NULL, 1, 6, 1653105022, 1653105022, 0),
(135, 'amanapernama9433@man.com', 'AMANA PERNAMA', 1, 5, 'L', 'KUTACANE', '2006-10-28', '9433', '3064948794', '1104031810130001', '1102042810060001', 2, 3, NULL, 74, 'KUTE LOT', NULL, 'SARMADI', 7, NULL, NULL, NULL, 'EFAWANI', 7, NULL, NULL, NULL, NULL, '081264737472', '$2y$10$tRlzjE.kwozxW0wXiy0ryOKHna5Y42nsWGL.9wducWTKfEH7B0rAC', NULL, NULL, 1, 6, 1653105022, 1653105022, 0),
(136, 'fadilhawari9462@man.com', 'FADIL HAWARI', 1, 5, 'L', 'KALA LENGKIO', '2005-12-08', '9462', '0053968532', '1104110502180001', '1104110812060001', 4, 3, 'YATIM', 58, 'KALA LENGKIO', NULL, '(ALM) AZHARIA', 4, NULL, NULL, NULL, 'AISYAH', 4, NULL, NULL, NULL, NULL, '085207421992', '$2y$10$w9PnW/iCEL4sctTth7nTuuz09ySWh2CK6Y/hFregWzCY/9cffxpVK', NULL, NULL, 1, 6, 1653105022, 1653105022, 0),
(137, 'hafidzulqiram9478@man.com', 'HAFIDZUL QIRAM', 1, 5, 'L', 'ACEH TENGAH', '2006-03-10', '9478', '0062139173', '1104070412060003', '1104031003060001', 1, 2, NULL, 56, 'KEMILI', NULL, 'JULIMAL', 13, NULL, NULL, NULL, 'RAHMAH IBRAHIM', 13, NULL, NULL, NULL, NULL, '085207472271', '$2y$10$Luzxsdy8UNLVvY/s6S4ggOOASNA/ZOsu.9WOp.wVpkAOWurNq57jy', NULL, NULL, 1, 6, 1653105022, 1653105022, 0),
(138, 'nafis9527@man.com', 'NAFIS ', 1, 5, 'L', 'ACEH TENGAH', '2006-03-30', '9527', '0068231086', '1104110909160001', '1104113003060002', 3, 3, 'YATIM', 56, 'BUKIT IWIH TAMI DELEM', NULL, '(ALM) SAKDAN', 14, NULL, NULL, NULL, 'SAKDIAH', 14, NULL, NULL, NULL, NULL, '082277825809', '$2y$10$PFU31AlWXQJrzt02QmEYyOz1P/rtlWZRQ5I7Js48B3rDNbMbt1F2.', NULL, NULL, 1, 6, 1653105022, 1653105022, 0),
(139, 'nafisah9528@man.com', 'NAFISAH', 1, 5, 'P', 'ACEH TENGAH', '2006-03-30', '9528', '0073142273', '1104110909160001', '1104117003060001', 4, 3, 'YATIM', 56, 'BUKIT IWIH TAMI DELEM', NULL, '(ALM) SAKDAN', 15, NULL, NULL, NULL, 'SAKDIAH', 15, NULL, NULL, NULL, NULL, '082277825809', '$2y$10$HGIFXOPamjnbFmQAn.z2V.si/dhqivd85vxmB4TSjRzRtpCXJpSa.', NULL, NULL, 1, 6, 1653105022, 1653105022, 0),
(140, 'naufalzahran9533@man.com', 'NAUFAL ZAHRAN', 1, 5, 'L', 'TAKENGON', '2005-07-04', '9533', '0059337491', '1104111902080001', '1104110407050001', 1, 1, NULL, 56, 'PINANGAN', NULL, 'ZIKRA PUTRA', 16, NULL, NULL, NULL, 'ZUYYINA, S.Pd.I, M.Pd', 16, NULL, NULL, NULL, NULL, '085270103960', '$2y$10$emEZgG5Xp3Odswd0sFyx2e3vzyKLxfBwcQP9M6W6f3SR0PSr3s4tW', NULL, NULL, 1, 6, 1653105022, 1653105022, 0),
(141, 'sahlandi9571@man.com', 'SAHLANDI', 1, 5, 'L', 'ACEH TENGAH', '2006-02-01', '9571', '3068214780', '1104022101055111', '1104020102060002', 5, 5, NULL, 56, 'SANEHEN', NULL, 'IRWANSYAH', 17, NULL, NULL, NULL, 'ROSITA', 17, NULL, NULL, NULL, NULL, '085232401207', '$2y$10$.EtsabjPktccT6YXTsLtmOcwOYiyMMzkQ4EpBgIlUayfySLtVcez6', NULL, NULL, 1, 6, 1653105022, 1653105022, 0),
(142, 'andikaranggayo9436@man.com', 'ANDIKA RANGGAYO', 1, 5, 'L', 'PANTAN NANGKA', '2006-01-24', '9436', '0068810722', '1104013001080013', '1104012401060001', 1, 3, NULL, 4, 'PANTAN NANGKA', NULL, 'SAMSUL BAHRI', 16, NULL, NULL, NULL, 'HAJIANTI', 16, NULL, NULL, NULL, NULL, '082219252191', '$2y$10$KEX4xWKCCLyBg1gNbjM8BurWdHiZ4jV6TuJJLPWYSYyo1ISrKvthW', NULL, NULL, 1, 6, 1653105022, 1653105022, 0),
(143, 'akmalhakim9429@man.com', 'AKMAL HAKIM', 1, 5, 'L', 'UNING NIKEN', '2005-12-12', '9429', '0058016738', '1104022905060020', '1104021212050001', 3, 2, NULL, 39, 'GUNUNG SINGIT', NULL, 'ABD HAMID', 21, NULL, NULL, NULL, 'YUSNI', 21, NULL, NULL, NULL, NULL, '085296129315', '$2y$10$TrLY/cmlWQ0Rb3BUEshzy.yeOOt6OCx.FAul.Bf96x29k38yAkMDy', NULL, NULL, 1, 6, 1653105022, 1653105022, 0),
(144, 'muthahari9521@man.com', 'MUTHA HARI', 1, 5, 'L', 'ACEH TENGAH', '2006-04-13', '9521', '0062360860', '1104020206060077', '1104021304060001', 1, 2, NULL, 39, 'PEPAYUNGEN ANGKUP', NULL, 'M YATIM', 22, NULL, NULL, NULL, 'MASNIAR', 22, NULL, NULL, NULL, NULL, '085296093705', '$2y$10$Ip0392WiuNC4pb13aLlH6eAaGLU/GVYFAXhI4jh4e18m4X9yB/J6i', NULL, NULL, 1, 6, 1653105022, 1653105022, 0),
(145, 'adityafazri9423@man.com', 'ADITYA FAZRI', 1, 5, 'L', 'ACEH TENGAH', '2006-08-06', '9423', '0064010526', '1104060402090012', '1104060608060001', 3, 4, NULL, 28, 'MERAH MUYANG', NULL, 'RUDI ASNANDAR', 18, NULL, NULL, NULL, 'YATMI', 18, NULL, NULL, NULL, NULL, '082276065813', '$2y$10$Gi/2SmNmd3UYF2zhgNnbd.V6rVnKYGQZlvZyI4kFx0bi7D.y7Vu/C', NULL, NULL, 1, 6, 1653105022, 1653105022, 0),
(146, 'darmansyah9453@man.com', 'DARMANSYAH', 1, 5, 'L', 'MEKAR MAJU', '2005-12-23', '9453', '0037706383', '1104051706060004', '1104052312050001', 2, 2, NULL, 28, 'MEKAR MAJU', NULL, 'AHMAD', 19, NULL, NULL, NULL, 'AMINAH', 19, NULL, NULL, NULL, NULL, '082228896700', '$2y$10$JgoTIRDrmtoZqqsbZwa9cOOsM489QKGDZjGhFugD.QU/QNilR5uQi', NULL, NULL, 1, 6, 1653105022, 1653105022, 0),
(147, 'mahfuza9507@man.com', 'MAHFUZA', 1, 5, 'L', 'UNING PEGANTUNGEN', '2006-03-01', '9507', '0066407615', '1104042705060019', '1104040103060003', 1, 1, NULL, 19, 'UNING PEGANTUNGEN', NULL, 'MURSAL', 14, NULL, NULL, NULL, 'LAILANI', 14, NULL, NULL, NULL, NULL, '085296959466', '$2y$10$dP78BwQxNEA3ZfE8pOpkGO6.nMtgFQjtpDVnRuniDQSL/CrPUQL.y', NULL, NULL, 1, 6, 1653105022, 1653105022, 0),
(148, 'serimahara9581@man.com', 'SERI MAHARA', 1, 5, 'P', 'KEKUYANG', '2005-11-01', '9581', '0053354957', '1104102101050199', '1104104111050001', 2, 4, NULL, 162, 'BUGE ARA', NULL, 'SUMAR JAYA', 13, NULL, NULL, NULL, 'JULIANA', 13, NULL, NULL, NULL, NULL, '082272757284', '$2y$10$3fWuB0Ml4WCWZre9ZWAfvu.u9i59pFjW5j6rTaVdNM1BJsQLt3D5u', NULL, NULL, 1, 6, 1653105022, 1653105022, 0),
(149, 'hardiramalianda9482@man.com', 'HARDI RAMALIANDA', 1, 5, 'L', 'LINUNG BULEN II', '2005-10-10', '9482', '0054903913', '1104080506060028', '1104081010050001', 3, 3, NULL, 11, 'LINUNG BULEN II', NULL, 'WAKTAR HUSIN', 18, NULL, NULL, NULL, 'ASMAWATI', 18, NULL, NULL, NULL, NULL, '085296828665', '$2y$10$jm1CvpGQj1ZD0.6mqmQkdeWEPsFp.bMESrRzJWVxFUN1ApK1vNMDu', NULL, NULL, 1, 6, 1653105022, 1653105022, 0),
(150, 'nipanikmah9536@man.com', 'NIPA NIKMAH', 1, 5, 'P', 'KELITU', '2006-05-23', '9536', '0069835227', '1104080706060030', '1104086305060001', 1, 1, NULL, 11, 'KELITU', NULL, 'KASDI', 19, NULL, NULL, NULL, 'SASMIRA', 19, NULL, NULL, NULL, NULL, '085296806835', '$2y$10$Jdb6NFHv7JA5W95J6GN5QeiedHatB4iVPMdcw7r6nr3rnu9GQbyxW', NULL, NULL, 1, 6, 1653105022, 1653105022, 0),
(151, 'santrimauliani9574@man.com', 'SANTRI MAULIANI', 1, 5, 'L', 'ACEH TENGAH', '2006-04-24', '9574', '0064153212', '1104102805060039', '1104106404060001', 2, 2, NULL, 202, 'SELUN KEC. KETOL', NULL, 'ZAIBULLAH', 8, NULL, NULL, NULL, 'ASRUN', 8, NULL, NULL, NULL, NULL, '085294645884', '$2y$10$qUcTQjZw4RgX9j08uzMqdOyyeqdzxmsn02pAp6TxCtXxKfe3bn.AO', NULL, NULL, 1, 6, 1653105022, 1653105022, 0),
(152, 'endangagustiayu9458@man.com', 'ENDANG AGUSTI AYU', 1, 5, 'P', 'WIH SAGI INDAH', '2005-08-14', '9458', '0052056110', '1104021507060011', '1104025408050001', 3, 3, NULL, 197, 'WIHNI BAKONG', NULL, 'SUANTO', 14, NULL, NULL, NULL, 'SASMITA', 14, NULL, NULL, NULL, NULL, '082285559367', '$2y$10$RKEZBYGWmn46PEWOroxejuL1pg0jyx/cCd0NT.BGEtJmI2YdiKWc.', NULL, NULL, 1, 6, 1653105022, 1653105022, 0),
(153, 'handika9481@man.com', 'HANDIKA', 1, 5, 'L', 'KELITU', '2005-12-17', '9481', NULL, '1104080606060044', '1104081712050001', 1, 2, NULL, 197, 'KELITU', NULL, 'DARMAWAN', 15, NULL, NULL, NULL, 'MARLINA', 15, NULL, NULL, NULL, NULL, '085277658085', '$2y$10$rXI9wAOca8nFCUHA4.y/c.wGZ.l2qLzDLt.6zV9amISXbTNPY4Lpm', NULL, NULL, 1, 6, 1653105022, 1653105022, 0),
(154, 'citraaprisyah9451@man.com', 'CITRA APRISYAH', 1, 5, 'P', 'TAKENGON', '2006-04-22', '9451', '0068947929', '1104031206060138', '1104036204060001', 1, 1, NULL, 168, 'BLANG KOLAK II', NULL, 'MISDI', 12, NULL, NULL, NULL, 'WIWIK DARMIATI', 12, NULL, NULL, NULL, NULL, '085271009720', '$2y$10$10HKNb.wOz/M0nPYA.tQpeEsUGeaejKxnj4t4umokpVnSKhabQJTa', NULL, NULL, 1, 6, 1653105022, 1653105022, 0),
(155, 'herisyahputra9484@man.com', 'HERI SYAHPUTRA', 1, 5, 'L', 'TAKENGON', '2006-05-11', '9484', '3067594902', '1104033010080002', '1104031105060002', 1, 2, NULL, 154, 'UMAH OPAT', NULL, 'SUTRIADI', 16, NULL, NULL, NULL, 'RINA MAYASARI', 16, NULL, NULL, NULL, NULL, '085277286756', '$2y$10$1c8O5IJS.nssuO9YqFpYqeTIshZSSW7nUa9eZNRRgBAiyRuDiXoqC', NULL, NULL, 1, 6, 1653105022, 1653105022, 0),
(156, 'andiarba9435@man.com', 'ANDI ARBA', 1, 5, 'L', 'ACEH TENGAH', '2006-11-29', '9435', '0065581880', '1104172802080009', '1104172911060002', 1, 3, NULL, 28, 'ASIRASIR', NULL, 'IRWANSYAH', 4, NULL, NULL, NULL, 'SRI KAYA', 4, NULL, NULL, NULL, NULL, '085215107472', '$2y$10$H4XWrEbwuLCwnwA9yWc//ugZicr5WwYSMgDYdh0/7h2EyBnXbTAYe', NULL, NULL, 1, 6, 1653105023, 1653105023, 0),
(157, 'mdikasakula9503@man.com', 'M DIKA SAKULA', 1, 5, 'L', 'GUNUNG SINGIT', '2005-12-16', '9503', '0054400693', '1104020408060001', '1104021612050001', 1, 1, NULL, 1, 'GUNUNG SINGIT', NULL, 'SUNARTO', 22, NULL, NULL, NULL, 'LINDA WATI', 22, NULL, NULL, NULL, NULL, '085373656436', '$2y$10$xERBdnUsNzP6jlIxiF6ne.brQ/3CekSa5KJ5kJPDvvQBh26q4.v1i', NULL, NULL, 1, 6, 1653105023, 1653105023, 0),
(158, 'muhammadfajar9615@man.com', 'MUHAMMAD FAJAR', 1, 6, 'L', 'BANDA ACEH', '2006-11-25', '9615', '0065745820', '1104031903080064', '1104032511060004', 1, 4, NULL, 24, 'KERAMAT MUPAKAT', NULL, 'ABDUL MUTALEB ALI', 5, NULL, NULL, NULL, 'FADIANA', 5, NULL, NULL, NULL, NULL, '082313640050', '$2y$10$DJhVt.kj8MzMqWZCU3i2y./qUkIlBZDczhLqgOsTuSNR1RQ6pGbzW', NULL, NULL, 1, 6, 1653105023, 1653105023, 0),
(159, 'mdanieldarmawan9502@man.com', 'M DANIEL DARMAWAN', 1, 6, 'L', 'ACEH TENGAH', '2006-01-04', '9502', '9/17/188293', '1104122201090001', '1104120401060002', 3, 2, NULL, 29, 'RATAWALI', NULL, 'SAMSUL BAHRI', 10, NULL, NULL, NULL, 'SUPARMI', 10, NULL, NULL, NULL, NULL, '085358450845', '$2y$10$4lwvEFK5Dvr9Qhawels8fuRWDbjQxqpwh0LzTiQSk5QzmGD9J.nEm', NULL, NULL, 1, 6, 1653105023, 1653105023, 0),
(160, 'nisarahmadani9537@man.com', 'NISA RAHMADANI', 1, 6, 'P', 'ACEH TENGAH', '2006-09-29', '9537', '0068453248', '1104052406060082', '1104056909060001', 1, 2, NULL, 73, 'ARUL PERIK', NULL, 'SUBHAN', 15, NULL, NULL, NULL, 'NURHALIMAH', 15, NULL, NULL, NULL, NULL, '085261273656', '$2y$10$m6NhWWiZQVL6MxQoGkNAluVUClouTKbdJ7NOmbeOmuDOlxcW3TmyS', NULL, NULL, 1, 6, 1653105023, 1653105023, 0),
(161, 'iwanmaulana9491@man.com', 'IWAN MAULANA', 1, 6, 'L', 'ACEH TENGAH', '2006-04-19', '9491', '0063714712', '1104172502080013', '1104171904060001', 3, 2, NULL, 64, 'ASIRASIR', NULL, 'SULTAN MAKMUR', 23, NULL, NULL, NULL, 'WAHYUNA', 23, NULL, NULL, NULL, NULL, '085262127297', '$2y$10$wxRgey8f.WWweseD2nEEOeGpHrDkvmohtPF7BvHmaa6p1NsIrGYlW', NULL, NULL, 1, 6, 1653105023, 1653105023, 0),
(162, 'susanpebriola9590@man.com', 'SUSAN PEBRIOLA', 1, 6, 'P', 'CALO BLANG GELE', '2006-02-22', '9590', '0061787613', '1104031601180001', '1104036202060004', 3, 4, 'YATIM', 63, 'KEMILI', NULL, '(ALM) SAIPULLAH', 11, NULL, NULL, NULL, 'SITI PATIMAH', 11, NULL, NULL, NULL, NULL, '085260979293', '$2y$10$GgLKIWAjNRRjQP3bCJLHcu9oesG2dGpRHHYtvIzIZKL8hfDRrIQGq', NULL, NULL, 1, 6, 1653105023, 1653105023, 0),
(163, 'syahrianmaulana9592@man.com', 'SYAHRIAN MAULANA', 1, 6, 'L', 'TAKENGON', '2006-11-27', '9592', '0063019205', '1104032508060022', '1104032711060002', 4, 3, NULL, 61, 'KALA KEMILI', NULL, 'RIDUAN', 24, NULL, NULL, NULL, 'SUSMAWATI', 24, NULL, NULL, NULL, NULL, '085260260114', '$2y$10$bEtX/GQf5JBbRDQsHdPz/eZL27smwmyCu/Wm/XP1hUgFWk0uBeH5S', NULL, NULL, 1, 6, 1653105023, 1653105023, 0),
(164, 'indahmahbengi9487@man.com', 'INDAH MAHBENGI', 1, 6, 'P', 'ACEH TENGAH', '2006-03-25', '9487', '0062599142', '11042009011400001', '110406503060001', 1, 1, 'YATIM', 60, 'UNING PEGANTUNGEN', NULL, '(ALM) MUZAKIR', 15, NULL, NULL, NULL, 'RAMDANI', 15, NULL, NULL, NULL, NULL, '085296955752', '$2y$10$CUJXw5ddEObRCIWXMOK67Ob8bmGKpf7M7dBt2/mS3EaP5lE/iKBRK', NULL, NULL, 1, 6, 1653105023, 1653105023, 0),
(165, 'ridhobanyubening9555@man.com', 'RIDHO BANYU BENING', 1, 6, 'L', 'TAKENGON', '2006-08-20', '9555', '0069575259', '1104032308060001', '1104032008060004', 1, NULL, NULL, 60, 'TAN SARIL', NULL, 'AZHAR', 16, NULL, NULL, NULL, 'SAMIYEM AISYAH, SE', 16, NULL, NULL, NULL, NULL, '085261333625', '$2y$10$NFVyV0IXMtuTYCtHgo0T9u2NMAuxwJyq0D4S6wJ.Y3l20JBCv5M0O', NULL, NULL, 1, 6, 1653105023, 1653105023, 0),
(166, 'auliadarmawan9443@man.com', 'AULIA DARMAWAN', 1, 6, 'L', 'ISAQ', '2006-06-17', '9443', '0066598609', '1104011512100016', '1104011706060001', 2, 3, NULL, 6, 'BLANG KOLAK II', NULL, 'ZULKIFLI', 24, NULL, NULL, NULL, 'TASMAYATI', 24, NULL, NULL, NULL, NULL, '085277824109', '$2y$10$naCb6XaTXedFaYmGN82y0ukkdr62oXyXGWkE0WDt9uGlFNC3ma296', NULL, NULL, 1, 6, 1653105023, 1653105023, 0),
(167, 'fadhilruzika9460@man.com', 'FADHIL RUZIKA', 1, 6, 'L', 'ACEH TENGAH', '2007-04-21', '9460', '0071403266', '1104030311080001', '1104032104070001', 3, 3, NULL, 56, 'KUTE LOT', NULL, 'AHMAD MARJAN, S.Ag', 18, NULL, NULL, NULL, 'WAHDINI, S.Pd.I', 18, NULL, NULL, NULL, NULL, '085260892569', '$2y$10$1ABjSClmVsFlt3Cjk7W6JOLJPlyVUoKOxE6/DuCrdpR5Wg4NPRaBK', NULL, NULL, 1, 6, 1653105023, 1653105023, 0),
(168, 'noufaldimulia9539@man.com', 'NOUFALDI MULIA', 1, 6, 'L', 'BEBESEN', '2006-03-20', '9539', '0063958263', '1104031705060075', '1104032003060002', 1, 2, NULL, 56, 'EMPUS TALU', NULL, 'MUSLIM', 19, NULL, NULL, NULL, 'NUR HASANAH', 19, NULL, NULL, NULL, NULL, '085296054820', '$2y$10$jXzgBB4IlWe509zefmekMuckjR3lwcdGNhzQn/bWC//A716BYGgTG', NULL, NULL, 1, 6, 1653105023, 1653105023, 0),
(169, 'zikriadha9612@man.com', 'ZIKRI ADHA', 1, 6, 'L', 'ACEH TENGAH', '2006-12-26', '9612', '0069677010', '1104122101050760', '1104122612060002', 3, 2, NULL, 43, 'RATAWALI', NULL, 'ADNAN', 3, NULL, NULL, NULL, 'MURNIATI', 3, NULL, NULL, NULL, NULL, '085260543957', '$2y$10$VFHNReeS8q1Mn8ESWN9R7ek.LN8/V4S7qYiKz66xbNTdgcMVlwtSy', NULL, NULL, 1, 6, 1653105023, 1653105023, 0),
(170, 'iyusdalilla9492@man.com', 'IYUS DALILLA', 1, 6, 'P', 'MUNGKR', '2006-10-02', '9492', '0063006657', '1104010604060004', '1104014210060001', 4, 5, NULL, 4, 'MUNGKUR', NULL, 'IRMANSYAH', 17, NULL, NULL, NULL, 'HADIJAH', 17, NULL, NULL, NULL, NULL, '082276069866', '$2y$10$1ePFIdT8mf.rqc7pLrdHP..qBDep8ye.liAIolza1FW22Oqth9ZTm', NULL, NULL, 1, 6, 1653105023, 1653105023, 0),
(171, 'arilbahgia9438@man.com', 'ARIL BAHGIA', 1, 6, 'L', 'ANGKUP', '2005-06-20', '9438', '0076217128', '1104020406100001', '1104021711060002', 1, 3, 'YATIM', 39, 'ANGKUP', NULL, '(ALM) JUANDI', 23, NULL, NULL, NULL, 'SAODAH', 23, NULL, NULL, NULL, NULL, '082185361049', '$2y$10$pCmrlW3P9AAucU54LRXa6ObuTLZmVi4oShWmU.HdUVRW7dD/PJByW', NULL, NULL, 1, 6, 1653105023, 1653105023, 0),
(172, 'mpatihadlan9506@man.com', 'M PATIH ADLAN', 1, 6, 'L', 'STABAT', '2005-08-16', '9506', '0054838672', '1104022905060010', '1104021609050002', 4, 3, NULL, 39, 'GUNUNG SINGIT', NULL, 'SAMURI', 24, NULL, NULL, NULL, 'AIDA WATI', 24, NULL, NULL, NULL, NULL, '085270434352', '$2y$10$TqnJHyTgBHWH87ikjHT/5O3x6HV04LmTtuJQesu2BajXlEj2S8p02', NULL, NULL, 1, 6, 1653105023, 1653105023, 0),
(173, 'tuahmiko9597@man.com', 'TUAH MIKO', 1, 6, 'L', 'DEDALU', '2006-07-05', '9597', '0061071583', '1104073112080008', '1104070507070001', 4, 3, NULL, 197, 'PANANGAN MATA', NULL, 'SULAIMAN', 16, NULL, NULL, NULL, 'ROHANI', 16, NULL, NULL, NULL, NULL, '082211413055', '$2y$10$inx.gELPgeXFAHC5RRM7qeOD3yV/RdpHYBeiB1BtRUvU7pJ/cEnG2', NULL, NULL, 1, 6, 1653105023, 1653105023, 0),
(174, 'syahrulnizam9620@man.com', 'SYAHRUL NIZAM', 1, 6, 'L', 'ACEH TENGAH', '2006-11-07', '9620', '0066553980', '1104170806060142', '1104170711060001', 1, 1, NULL, 64, 'KAMPUNG BARU', NULL, 'RUSLAN EFFENDI', 13, NULL, NULL, NULL, 'NURBAYANI', 13, NULL, NULL, NULL, NULL, '085270850011', '$2y$10$GGyTMP4v/Yyrhfa4eK5DnOu6ey0GjUvBxK4x/StxkpTkUN5tMQl3q', NULL, NULL, 1, 6, 1653105023, 1653105023, 0),
(175, 'vebinahani9601@man.com', 'VEBINA HANI', 1, 6, 'P', 'ACEH TENGAH', '2006-06-19', '9601', '0066034018', '1104102705060101', '1104105906060001', 1, 2, NULL, 46, 'PONDOK BALIK', NULL, 'DEDI SAPUTRA', 16, NULL, NULL, NULL, 'SUPRIANI', 16, NULL, NULL, NULL, NULL, '085288680564', '$2y$10$sNUgMwGRyf9nzZjPWZJ.IOASUFZkoAcmRClnxTy3Z6oIm/o9fPtEW', NULL, NULL, 1, 6, 1653105023, 1653105023, 0),
(176, 'fathulhakiki9464@man.com', 'FATHUL HAKIKI', 1, 6, 'L', 'ACEH TENGAH', '2005-12-02', '9464', '0052160610', '1104043112080001', '1104040212050001', 1, 1, NULL, 19, 'UNING NIKEN', NULL, 'MUSLIM', 18, NULL, NULL, NULL, 'ELVI RAHMANI', 18, NULL, NULL, NULL, NULL, '085277024455', '$2y$10$ws5EQcDY7zYEG9RA/BodPef3KZNizLuCpcbUQCbhHnc4tu9W/Ld3i', NULL, NULL, 1, 6, 1653105023, 1653105023, 0),
(177, 'chairulihsan9450@man.com', 'CHAIRUL IHSAN', 1, 6, 'L', 'PAMUE', '2005-05-21', '9450', '0058858410', '1104051006110004', '1104052105050002', 3, 4, NULL, 1, 'ARUL PERTIK', NULL, 'JAMALUDIN', 23, NULL, NULL, NULL, 'SITI RAMADHAN', 23, NULL, NULL, NULL, NULL, '082260036595', '$2y$10$lCLNhYFqjegg/YU6vCey.uZeRyWwC8AZyrynBHzVlrVlajdI8h4VG', NULL, NULL, 1, 6, 1653105023, 1653105023, 0),
(178, 'muliana9519@man.com', 'MULIANA', 1, 6, 'P', 'ACEH TENGAH', '2005-08-29', '9519', '0054683072', '1104021607140004', '1104026908050001', 2, 2, NULL, 1, 'GUNUNG SINGIT', NULL, 'USMAN B', 24, NULL, NULL, NULL, 'MIFTAHUL HAYATI', 24, NULL, NULL, NULL, NULL, '085243157329', '$2y$10$gcf.iPVo.SxMJ9oxo/gM8u0dvZ84kIHJ.oBJIhgzvTmDK.cgYdfTe', NULL, NULL, 1, 6, 1653105024, 1653105024, 0),
(179, 'rianrahmadani9619@man.com', 'RIAN RAHMADANI', 1, 6, 'L', 'TAKENGON', '2005-10-23', '9619', '0044526017', '1104032603080035', '1104032310050003', 5, 4, NULL, 1, 'KEMILI', NULL, 'YUSRI HARUN', 1, NULL, NULL, NULL, 'SUSILAWATI', 1, NULL, NULL, NULL, NULL, '085322673280', '$2y$10$PhiJuTl4lHyPkl79BcPqnOMWjPDpFRcUlIfKmVNHqEmDWWMKQEK8K', NULL, NULL, 1, 6, 1653105024, 1653105024, 0),
(180, 'mariyana9509@man.com', 'MARIYANA', 1, 7, 'P', 'ACEH TENGAH', '2005-04-30', '9509', '0056834500', '1104120307060024', '1104127004050001', 3, 3, NULL, 45, 'LUKUP SABUN TIMUR', NULL, 'ABU BAKAR', 2, NULL, NULL, NULL, 'ZUL QAIDAH', 2, NULL, NULL, NULL, NULL, '085373948517', '$2y$10$o5unl4VTNWq6NM2c5bKBxuChodR9dWejOnz0KDSRs58F2UL.bKXMa', NULL, NULL, 1, 6, 1653105024, 1653105024, 0),
(181, 'sahrimaulana9573@man.com', 'SAHRI MAULANA', 1, 7, 'L', 'PASAR PAGI LAMA', '2004-09-21', '9573', '0044526017', '1117021509140001', '1117022109040001', 2, 1, NULL, 61, 'PANCAR JELOBOK', NULL, 'SULAIMAN', 18, NULL, NULL, NULL, 'FAUZIAH MASDA', 18, NULL, NULL, NULL, NULL, NULL, '$2y$10$IU65pPScjEzPOKwJ/QNIP.hw/u4bcB4UEnxT1efi3rZYOu9e/Ew/a', NULL, NULL, 1, 6, 1653105024, 1653105024, 0),
(182, 'rozatulmeria9568@man.com', 'ROZATUL MERIA', 1, 7, 'P', 'PANTON LABU', '2006-03-21', '9568', '0062354459', '1104032211160004', '1108146401060002', 3, 2, 'YATIM', 67, 'BLANG KOLAK II', NULL, '(ALM) M NUR', 24, NULL, NULL, NULL, 'MARDIANA', 24, NULL, NULL, NULL, NULL, '082297455700', '$2y$10$ixpub1XUIYBzXDQxaYJ30.O6YzAKhj.hIQErMCWCFirV8sUlogDMq', NULL, NULL, 1, 6, 1653105024, 1653105024, 0),
(183, 'mnurassyfah9505@man.com', 'M NUR ASSYFAH', 1, 7, 'L', 'TAKENGON', '2006-01-21', '9505', '0064931241', '1104170310130001', '1104172101060001', 4, 3, NULL, 64, 'BOOM', NULL, 'BAHARUDDIN', 24, NULL, NULL, NULL, 'JUMIAH', 24, NULL, NULL, NULL, NULL, '082161484561', '$2y$10$jW8Ev3bdBWoKItJimj4mYOp0BQ266KH1YRMxYuVwGGTqzyQ8fPuJS', NULL, NULL, 1, 6, 1653105024, 1653105024, 0),
(184, 'munawir9520@man.com', 'MUNAWIR', 1, 7, 'L', 'SAMALANGA', '2006-06-03', '9520', '0065803119', '1104031701080002', '1104030306060002', 4, 3, NULL, 61, 'KEMILI', NULL, 'M YUNUS', 1, NULL, NULL, NULL, 'NURMAYATI', 1, NULL, NULL, NULL, NULL, '085260441177', '$2y$10$0AocccQeiK0kIN6FPAqm0.G/nOrL2H2KdhhP3G2FmcwiYKbt3c0qO', NULL, NULL, 1, 6, 1653105024, 1653105024, 0),
(185, 'ruhdiakbar9569@man.com', 'RUHDI AKBAR', 1, 7, 'L', 'KEMILI', '2006-04-04', '9569', '0069572708', '104032405060093', '1104030404060001', 3, 3, NULL, 61, 'KEMILI', NULL, 'HAJI AKBAR', 2, NULL, NULL, NULL, 'RUSDA', 2, NULL, NULL, NULL, NULL, '085275857506', '$2y$10$mhm/S3owTCth2QgWqw.RdedmcJyY6uPvbCneSN2snjeDiNKcDGRoi', NULL, NULL, 1, 6, 1653105024, 1653105024, 0),
(186, 'zuhrisimerala9614@man.com', 'ZUHRI SIMERALA', 1, 7, 'L', 'ACEH TENGAH', '2006-11-27', '9614', '0064341217', '1104171103090001', '1104172710000002', 2, 1, NULL, 61, 'RAWE', NULL, 'HASIMI', 3, NULL, NULL, NULL, 'ZURDIANA', 3, NULL, NULL, NULL, NULL, NULL, '$2y$10$OdNSiN.A5fQLfPY85ci8POJGuoMprrJAmidsI64EdWvJrspN/p4OS', NULL, NULL, 1, 6, 1653105024, 1653105024, 0),
(187, 'fakrimahtuahmiko9463@man.com', 'FAKRI MAHTUAH MIKO', 1, 7, 'L', 'ACEH TENGAH', '2005-11-27', '9463', '0053425535', '1104031410110002', '1104032711050003', 2, 3, NULL, 56, 'MONGAL', NULL, 'HARMAYA', 20, NULL, NULL, NULL, 'SUSILAWATI', 20, NULL, NULL, NULL, NULL, '085262818454', '$2y$10$UUHEk0XZd23lWlAxttPdp.Mi/69btwIWeyRWnc1PntB56jZ608QzK', NULL, NULL, 1, 6, 1653105024, 1653105024, 0),
(188, 'hairuddahri9479@man.com', 'HAIRUD DAHRI', 1, 7, 'P', 'ACEH TENGAH', '2005-10-04', '9479', '0055438152', '1104112012060005', '1104114410050001', 3, 3, NULL, 56, 'BUKIT IWIH TAMI DELEM', NULL, 'ALMINARYADI', 21, NULL, NULL, NULL, 'SALMIAH', 21, NULL, NULL, NULL, NULL, '082164816110', '$2y$10$swXi363sWIF9XfJNVuI2O.MQdh5LbYt/pGFZg/N3Ih23OtQUtONui', NULL, NULL, 1, 6, 1653105024, 1653105024, 0),
(189, 'maulana9511@man.com', 'MAULANA', 1, 7, 'L', 'ACEH TENGAH', '2006-07-09', '9511', '0066269540', '1104112101051623', '1104110807060002', 3, 2, NULL, 56, 'SIMPANG EMPAT', NULL, 'KHAIRUL', 22, NULL, NULL, NULL, 'MAHMANI, S.Pd', 22, NULL, NULL, NULL, NULL, '085276601227', '$2y$10$0KlXryVo098r6Jedbn/eTu0GQycE7Pxw5s.Ov.NypGB5nyvW4ZWDy', NULL, NULL, 1, 6, 1653105024, 1653105024, 0),
(190, 'muzakarah9523@man.com', 'MUZAKARAH', 1, 7, 'L', 'ACEH TENGAH', '2006-06-04', '9523', '0066387322', '1104070604060006', '1104070406060002', 2, 2, NULL, 56, 'MONGAL', NULL, 'JARKASI', 23, NULL, NULL, NULL, 'KURNIA SARI', 23, NULL, NULL, NULL, NULL, '082304081160', '$2y$10$xBYWp7zKPK8fnmnjt81m2eJ.k3tQY06j9bxMv2CeUdJBzM9I307CG', NULL, NULL, 1, 6, 1653105024, 1653105024, 0),
(191, 'olaafrianda9542@man.com', 'OLA AFRIANDA', 1, 7, 'L', 'TAKENGON', '2006-04-26', '9542', '0065255652', '\'1104032203080061', '1104032604060003', 5, 4, NULL, 56, 'KEMILI', NULL, 'HAMDANI', 24, NULL, NULL, NULL, 'SAMANIATI', 24, NULL, NULL, NULL, NULL, '085277500549', '$2y$10$nIkCwjJ.NFH/elNTlk0unuJbkeikJY23DlVbGuF.7HvnW5oRRQAg.', NULL, NULL, 1, 6, 1653105024, 1653105024, 0),
(192, 'rahmadtakbira9545@man.com', 'RAHMAD TAKBIRA', 1, 7, 'L', 'TAKENGON', '2005-11-18', '9545', '0056157628', '1104040803080003', '1104041811060002', 3, 3, NULL, 56, 'MONGAL', NULL, 'MURTHADA SENGEDA', 1, NULL, NULL, NULL, 'HASANAH', 1, NULL, NULL, NULL, NULL, '085261189759', '$2y$10$HZjah8862fYGgNC3xuHZWOF0pRulpuUl9x/WAhNcmksu3X91jgNl.', NULL, NULL, 1, 6, 1653105024, 1653105024, 0),
(193, 'fitrymulyani9471@man.com', 'FITRY MULYANI', 1, 7, 'P', 'KEKUYANG', '2006-06-21', '9471', '0068658011', '1104102101050241', '1104106106060001', 3, 3, NULL, 47, 'KEKUYANG', NULL, 'ABDUS SALAM', 22, NULL, NULL, NULL, 'JURAIDAH', 22, NULL, NULL, NULL, NULL, '085326836180', '$2y$10$z7Luov/EG.bD7o3l9PRiiOyuYnz.tLiy2GzrpZPnzMoB0y6nspuGq', NULL, NULL, 1, 6, 1653105024, 1653105024, 0),
(194, 'kadriansyah9497@man.com', 'KADRIANSYAH', 1, 7, 'L', 'ACEH TENGAH', '2006-09-09', '9497', '0069216641', '1104022005060004', '1104020909080002', 2, 2, NULL, 40, 'ARUL KUMER SELATAN', NULL, 'ABD KARIM', 13, NULL, NULL, NULL, 'MAISANI', 13, NULL, NULL, NULL, NULL, '082273428303', '$2y$10$eGpU1pIVSIM0NFYPmvqX9OsdoEFwtfgiBdVHP/45q6NEVonT4z6Em', NULL, NULL, 1, 6, 1653105024, 1653105024, 0),
(195, 'ainunmagfirah9428@man.com', 'AINUN MAGFIRAH', 1, 7, 'L', 'ACEH TENGAH', '2006-04-01', '9428', '0064179363', '1104102205070001', '1104104104060003', 3, 4, NULL, 34, 'SIMPANG JULI KETOL', NULL, 'M SALEH ARITONA', 13, NULL, NULL, NULL, 'HAMIDAH', 13, NULL, NULL, NULL, NULL, '085277696087', '$2y$10$wan4oExex1n2IT8DOqzAwOk/SF61l8zM.0cXgf3M4BnkzBB5V24Xe', NULL, NULL, 1, 6, 1653105024, 1653105024, 0),
(196, 'ahmadmauridsinaga9424@man.com', 'AHMAD MAURID SINAGA', 1, 7, 'L', 'TAKENGON', '2006-04-10', '9424', '0064079890', '1104031306060146', '1104036406090006', 5, 5, NULL, 24, 'PENDERE', NULL, 'PAIRIN SINAGA', 23, NULL, NULL, NULL, 'SALBIDARUNSYAH', 23, NULL, NULL, NULL, NULL, '082364760731', '$2y$10$V/yGcMFZ7uELBxBbqeswregJh5WqAhcXQENYXFO2E14cQ13h88y.q', NULL, NULL, 1, 6, 1653105024, 1653105024, 0),
(197, 'bahgie9445@man.com', 'BAHGIE', 1, 7, 'L', 'RAWE', '2007-02-19', '9445', '0076595221', '1104172101051044', '1104071902070002', 2, 2, NULL, 207, 'RAWE', NULL, 'DARMAWI', 23, NULL, NULL, NULL, 'YULIA RATINA', 23, NULL, NULL, NULL, NULL, '085372657470', '$2y$10$oRbQ7xnG3YCfNgqE2dU7FuclMWjQb7fIHp.2Y4sp6FH73S3sffpQy', NULL, NULL, 1, 6, 1653105024, 1653105024, 0),
(198, 'yusranariga9608@man.com', 'YUSRAN ARIGA', 1, 7, 'L', 'TAKENGON', '2006-01-27', '9608', '0066842775', '1104030511160001', '1104012701060001', 1, 2, NULL, 67, 'ASIRASIR ASIA', NULL, 'M RAJUDAN', 2, NULL, NULL, NULL, 'SYAFRIDA', 2, NULL, NULL, NULL, NULL, '082165894411', '$2y$10$ICSi7T6/5tR7W9WPtkwBoOibMyM4jF3.fPRWeJ.E.nK7/a50u3wwa', NULL, NULL, 1, 6, 1653105024, 1653105024, 0),
(199, 'barika9616@man.com', 'BARIKA', 1, 7, 'L', 'RAWE', '2006-09-18', '9616', '0067709903', '1104172101051056', '1104171809060002', 5, 4, NULL, 63, 'RAWE', NULL, 'TARMIZI', 22, NULL, NULL, NULL, 'SITI AMINAH', 22, NULL, NULL, NULL, NULL, '085359006369', '$2y$10$FFycCL/l910E0gT39B5Ca.wtnHcTARMBXB.PxVbSSPLTp46U5LZj2', NULL, NULL, 1, 6, 1653105025, 1653105025, 0),
(200, 'iqram9490@man.com', 'IQRAM', 1, 7, 'L', 'TAKENGON', '2006-01-26', '9490', '0036683321', '1104170202080012', '1104172601060001', 5, 4, NULL, 62, 'TOWEREN ANTARA', NULL, 'ALWIN', 24, NULL, NULL, NULL, 'YUSRA', 24, NULL, NULL, NULL, NULL, '082250919606', '$2y$10$C2V4ISPH1iFu/wws1lfA/eZX4NQmfT6txFerupCiQpSjD0fCjoIUC', NULL, NULL, 1, 6, 1653105025, 1653105025, 0),
(201, 'nurajabulfitriar9541@man.com', 'NUR AJABUL FITRI AR', 1, 7, 'P', NULL, NULL, '9541', NULL, NULL, NULL, NULL, NULL, NULL, 1, NULL, NULL, NULL, 2, NULL, NULL, NULL, NULL, 2, NULL, NULL, NULL, NULL, NULL, '$2y$10$TZshCOHxWf9hhz5bLVO8..WIskqcBL16OHfyOwqA25RoDBme7uiZO', NULL, NULL, 1, 6, 1653105025, 1653105025, 0),
(202, 'assakinahsiregar9227@man.com', 'ASSAKINAH SIREGAR', 2, 1, 'P', 'TAKENGON', '2005-05-18', '9227', '0051308739', '1104032111060002', '1104035805050003', 1, 2, NULL, 33, 'BLANG KOLAK II', NULL, 'ANSARI SIREGAR, MA', 14, NULL, NULL, NULL, 'HELMAWATI, AMG', 14, NULL, NULL, NULL, NULL, '085297253766', '$2y$10$j20Q4YJRLN/aGDJegDHLyeY9Zloeti6Xd72qaumTz7okAihQNzdKO', NULL, NULL, 1, 6, 1653105025, 1653105025, 0),
(203, 'aizalwafimf9212@man.com', 'AIZ  ALWAFI MF', 2, 1, 'L', 'TAKENGON', '2005-04-29', '9212', '0052088225', '1104172806060039', '1104032904050002', 1, 1, NULL, 37, 'NUNANG ANTARA', NULL, 'MARWAN, SE', 18, NULL, NULL, NULL, 'FITRI, SE', 18, NULL, NULL, NULL, NULL, NULL, '$2y$10$mYC0NIs1OpwNyB4zohCUKuqKCo4aAF5mIUOU8S/TIulxmeduOtXma', NULL, NULL, 1, 6, 1653105025, 1653105025, 0),
(204, 'dinaauliaramadhani9239@man.com', 'DINA AULIA RAMADHANI', 2, 1, 'P', 'ACEH TENGAH', '2005-07-25', '9239', '0052019429', '1104091906060088', '1104096507050001', 2, 1, NULL, 68, 'JLN LEMBAGA', NULL, 'EDY KAMSONO', 19, NULL, NULL, NULL, 'HASNAH', 19, NULL, NULL, NULL, NULL, '085275539424', '$2y$10$PSlYYuMKosaMZzQU00Yz3egs3Bm.QLNTKxur1.Mo3QyYneexe12yC', NULL, NULL, 1, 6, 1653105025, 1653105025, 0),
(205, 'sayyidatulkhusnulkhotimah9369@man.com', 'SAYYIDATUL KHUSNUL KHOTIMAH', 2, 1, 'P', 'TELEGE SARI', '2005-04-22', '9369', '0052019414', '1104090606060010', '1104096204050001', 2, 3, NULL, 68, 'TELEGE SARI', NULL, 'TURMUDI', 20, NULL, NULL, NULL, 'MUDAIMAH', 20, NULL, NULL, NULL, NULL, '085277852750', '$2y$10$Ll2B2O1b3Y2Uqs2bUKryQeLBwZqVyTXNr/c3/iKduqU257i0xfsQi', NULL, NULL, 1, 6, 1653105025, 1653105025, 0),
(206, 'almustaqim9213@man.com', 'ALMUSTAQIM', 2, 1, 'L', 'TAKENGON', '2005-01-16', '9213', '0057648813', '1104170411060019', '1104170411060019', 2, 2, NULL, 64, 'NUNANG ANTARA', NULL, 'DEDY AR', 1, NULL, NULL, NULL, 'DARMAWATI', 1, NULL, NULL, NULL, NULL, '082273715331', '$2y$10$3jXPYdCdAlt8.90/HUHJXuU6qRtBFGSpGFJSQ7fMT6A/wfsTmsNH.', NULL, NULL, 1, 6, 1653105025, 1653105025, 0),
(207, 'firanisyafriyana9253@man.com', 'FIRANI SYAFRIYANA', 2, 1, 'P', 'ACEH TENGAH', '2004-11-04', '9253', '0049657581', '1104031801070006', '1104034411040001', 1, 1, NULL, 64, 'KEMILI', NULL, 'SAFRUDDIN', 2, NULL, NULL, NULL, 'HASRINA', 2, NULL, NULL, NULL, NULL, '085260684747', '$2y$10$.FKWLpPVSKPbEQP0IcXXF.xPqZHKI6qzem57Fz9HvzX7n/dobopCG', NULL, NULL, 1, 6, 1653105025, 1653105025, 0),
(208, 'hadrinawati9257@man.com', 'HADRINAWATI', 2, 1, 'P', 'ACEH TENGAH', '2005-01-15', '9257', '0052031730', '1104032302110003', '1104035501050000', 2, 1, NULL, 64, 'KUTE LOT ', NULL, 'SADRI', 3, NULL, NULL, NULL, 'LINAWATI', 3, NULL, NULL, NULL, NULL, '085262363558', '$2y$10$ehqlw8getV.vQdXbQu04fOfjd8s9lsQVC11U2ezoviNqEO39jGRla', NULL, NULL, 1, 6, 1653105025, 1653105025, 0),
(209, 'himmahadzkiya9263@man.com', 'HIMMAH ADZKIYA', 2, 1, 'P', 'TAKENGON', '2005-12-18', '9263', '0057479748', '1104031609090002', '1104035812050002', 1, 1, NULL, 64, 'LEMAH BURBANA', NULL, 'SUFRIZAL', 4, NULL, NULL, NULL, 'RAIHANAH', 4, NULL, NULL, NULL, NULL, '082361806484', '$2y$10$hhTacHWWZyTxeUFCydA2ve9shuOxjXiFc0Nri05Jxmu7kHAnJuscy', NULL, NULL, 1, 6, 1653105025, 1653105025, 0),
(210, 'maitsanurulsaniyyah9289@man.com', 'MAITSA NURUL SANIYYAH', 2, 1, 'P', 'GARUT', '2005-05-14', '9289', '0058736828', '1104030905080012', '1104036405050003', 2, 1, NULL, 64, 'ASRAMA KOMPI', NULL, 'AGUSTIAR', 5, NULL, NULL, NULL, 'LITA MASLIAH', 5, NULL, NULL, NULL, NULL, '085359014600', '$2y$10$Ycs317mwFB/HZZLG.uxJNuY8XwYX8ibcmuO7DFhHEsnPVSVI49vm.', NULL, NULL, 1, 6, 1653105025, 1653105025, 0),
(211, 'naafilahridhaanggraini9312@man.com', 'NAAFILAH RIDHA ANGGRAINI', 2, 1, 'P', 'TAKENGON', '2005-08-21', '9312', '0054064604', '1104113105060022', '1104116108050002', 2, 2, NULL, 64, 'PAYA TUMPI BATU', NULL, 'SUDIANTO', 6, NULL, NULL, NULL, 'SERI KULIANI', 6, NULL, NULL, NULL, NULL, '085360849167', '$2y$10$Xt6c.e4AcUNAjCNw3EX.WeGDiLTVVbtC8z1np4343hgn/AnyiOyz6', NULL, NULL, 1, 6, 1653105025, 1653105025, 0),
(212, 'nabilapermai9310@man.com', 'NABILA PERMAI', 2, 1, 'P', 'TAKENGON', '2005-07-20', '9310', '0056521275', '1104032304080008', '1104036007050002', 2, 2, NULL, 64, 'TAN SARIL', NULL, 'MULYADI, M. Pd', 7, NULL, NULL, NULL, 'MURNI, SP', 7, NULL, NULL, NULL, NULL, '082267560201', '$2y$10$Y2tm7TgIpcSQDqLkKKz.a.mDmDH24ys9AZmOZXfIUsGtd/xuJRSh.', NULL, NULL, 1, 6, 1653105025, 1653105025, 0),
(213, 'naylafarizahusna9318@man.com', 'NAYLA FARIZA HUSNA', 2, 1, 'P', 'MEDAN', '2006-01-12', '9318', '0063071985', '1104172711080002', '1104175201060002', 1, 3, NULL, 64, 'BALE ATU', NULL, 'EPINALDI', 8, NULL, NULL, NULL, 'MAIMANAH', 8, NULL, NULL, NULL, NULL, '081377031081', '$2y$10$DEsuu6ogFIJBZARFLGMG1OF6le163nUWEpKjHZY0u80IQateD05fO', NULL, NULL, 1, 6, 1653105025, 1653105025, 0),
(214, 'ririyunita9352@man.com', 'RIRI YUNITA', 2, 1, 'P', 'BUKIT TINGGI', '2005-08-16', '9352', '0055649239', '1104172111080004', '1104175608050002', 1, 1, NULL, 64, 'MJM', NULL, 'RERI RINALDI', 9, NULL, NULL, NULL, 'YULFINAR', 9, NULL, NULL, NULL, NULL, '082246161605', '$2y$10$jAY9n.YUQTGNJuaZNJlYWuY33iFTZGBFUArYhnFldoXVW/036YDhu', NULL, NULL, 1, 6, 1653105025, 1653105025, 0),
(215, 'syifasalsabila9380@man.com', 'SYIFA SALSABILA', 2, 1, 'P', 'TAKENGON', '2005-05-15', '9380', '0053647568', '1104172101051640', '1104175505050002', 4, 3, NULL, 64, 'BUJANG ', NULL, 'RIDWANSYAH', 10, NULL, NULL, NULL, 'KEMALASARI', 10, NULL, NULL, NULL, NULL, '085349803981', '$2y$10$OI1AS3IUKC8YYkAIush67eIQmgMSFASJFusjt8N7WpZIM5TCK8Z/u', NULL, NULL, 1, 6, 1653105025, 1653105025, 0),
(216, 'ulfasalsabila9383@man.com', 'ULFA SALSABILA', 2, 1, 'P', 'TAKENGON', '2005-05-15', '9383', '0052606866', '1104172101051640', '1104175505050001', 3, 3, NULL, 64, 'BUJANG', NULL, 'RIDWANSYAH', 11, NULL, NULL, NULL, 'KEMALASARI', 11, NULL, NULL, NULL, NULL, '082350451937', '$2y$10$hNlFfmcXz4oDJ97/ulOl9eiNyuHgvNSJT.jymsyZPMKsokvPiTo9q', NULL, NULL, 1, 6, 1653105025, 1653105025, 0),
(217, 'nabila9307@man.com', 'NABILA  ', 2, 1, 'P', 'LENGA', '2005-02-12', '9307', '0052961696', '1104042305060194', '1104045905790001', 1, 1, NULL, 63, 'LENGA', NULL, 'HASIMI', 12, NULL, NULL, NULL, 'RATNA WIRDA', 12, NULL, NULL, NULL, NULL, '085362225553', '$2y$10$iwcz1C7TGF0uR3AH98MO6uDJNnDc1mCmdyyHc.hBgaFW3/OJsSmnm', NULL, NULL, 1, 6, 1653105025, 1653105025, 0),
(218, 'zahratululyas9396@man.com', 'ZAHRATUL ULYA S', 2, 1, 'P', 'TAKENGON', '2005-08-17', '9396', '0054904419', '1104031206060196', '1104035708050002', 3, 5, NULL, 63, 'BLANG KOLAK I', NULL, 'SALAHUDDIN', 13, NULL, NULL, NULL, 'NURLAILI', 13, NULL, NULL, NULL, NULL, '085277663972', '$2y$10$hIBRd/zOhjLgPwqDRu2ydO4Xc4IKd9np5AceX.7FRDqrycxbB06F6', NULL, NULL, 1, 6, 1653105025, 1653105025, 0),
(219, 'nabilakinanti9309@man.com', 'NABILA KINANTI', 2, 1, 'P', 'TAKENGON', '2005-07-10', '9309', '0057539019', '1104030806110001', '1104035007050003', 1, 2, NULL, 56, 'EMPUS TALU', NULL, 'RUSDIAN', 2, NULL, NULL, NULL, 'SABARIAH', 2, NULL, NULL, NULL, NULL, '085288537901', '$2y$10$3d.Mfqtkfv7ZciRGIyuOceeaDBqud.0XO0mfSKw52IOU5XTqOKZli', NULL, NULL, 1, 6, 1653105025, 1653105025, 0),
(220, 'nurmala9321@man.com', 'NURMALA', 2, 1, 'P', 'ALUR GELE', '2004-08-06', '9321', '0049419318', '1104022104060023', '1104024608040001', 3, 4, NULL, 39, 'ALUR GELE', NULL, 'BURHANUDDIN', 1, NULL, NULL, NULL, 'SAODAH', 1, NULL, NULL, NULL, NULL, '085277132696', '$2y$10$b9JXLDFdza5zFOLftWRKcOoUsDUpZsb4dDe2vE.L3AvSlWUiL4RUy', NULL, NULL, 1, 6, 1653105025, 1653105025, 0),
(221, 'rendyhidayatullah9345@man.com', 'RENDY HIDAYATULLAH', 2, 1, 'L', 'PURWODADI', '2005-03-27', '9345', '0056075012', '1104023005060008', '1207232703050003', 1, 1, NULL, 39, 'GUNUNG SINGIT', NULL, 'SUHERMANTO', 2, NULL, NULL, NULL, 'LINAWATI', 2, NULL, NULL, NULL, NULL, '085372037913', '$2y$10$qDQ6RZRopkLtjsewJTvHt.e/DaatQF.OnPxScQKu/GV3rUR9m0x1q', NULL, NULL, 1, 6, 1653105026, 1653105026, 0),
(222, 'umitatamara9384@man.com', 'UMITA TAMARA', 2, 1, 'P', 'TAKENGON', '2004-02-10', '9384', '0052329224', '1104082903100005', '1104085002040001', 3, 2, NULL, 19, 'KALA NAREH', NULL, 'TAMARSAH, SH', 15, NULL, NULL, NULL, 'HAJIMAH', 15, NULL, NULL, NULL, NULL, '085360947364', '$2y$10$shNmPXtDvZePLVRhOh32/.ymzWUGCnt81C.pjdrnwv9Zm6UZjxb96', NULL, NULL, 1, 6, 1653105026, 1653105026, 0),
(223, 'yolandarahmadani9391@man.com', 'YOLANDA RAHMADANI', 2, 1, 'P', 'UNING', '2005-10-12', '9391', '0059968347', '11040670403080001', '1104075210050002', 2, 2, NULL, 19, 'UNING', NULL, 'BUDIMAN', 16, NULL, NULL, NULL, 'HAMSIAH', 16, NULL, NULL, NULL, NULL, '085296659509', '$2y$10$gWcZ/P0fGH/edZTG4tTKt.kaqiO3lo8/ZPYGSzEnCs69eCStFU/J2', NULL, NULL, 1, 6, 1653105026, 1653105026, 0),
(224, 'fadliwanzikra9246@man.com', 'FADLI WAN ZIKRA', 2, 1, 'L', 'TAKENGON', '2005-05-29', '9246', '0052827011', '1104111602080014', '1104112905030001', 2, 3, NULL, 64, 'KUTE LOT', NULL, 'IKHWANSYAH, S. Pd. I', 14, NULL, NULL, NULL, 'JUNAINAH', 14, NULL, NULL, NULL, NULL, '085296814150', '$2y$10$IzgmlO0SeIID/ABatkgfSukz9ddEixNCwF4XLqtk3aCd5WocaEXRa', NULL, NULL, 1, 6, 1653105026, 1653105026, 0),
(225, 'rimanafisa9402@man.com', 'RIMA NAFISA', 2, 3, 'L', 'BENER MERIAH', '2005-09-02', '9402', '0051841436', '1104110305060003', '1104114209050001', 1, 2, NULL, 64, 'KUTE LOT', NULL, 'FAURIZA IMANUDDIN', 21, NULL, NULL, NULL, 'SITI MARLIAH', 21, NULL, NULL, NULL, NULL, '082378515654', '$2y$10$vg68EkD/292cFI2sv.ySouC16mYOTF9FBh76vz0OMWxMKn/.VOHa2', NULL, NULL, 1, 6, 1653105026, 1653105026, 0),
(226, 'nurulsinta9323@man.com', 'NURUL SINTA', 2, 3, 'L', 'BIES PENENTANAN', '2005-07-11', '9323', '0056241411', '1104041007070001', '1104045107050001', 1, 2, NULL, 71, 'BIES PENENTANAN', NULL, 'RAHMATSYAH', 17, NULL, NULL, NULL, 'IRAMAYA SOVA', 17, NULL, NULL, NULL, NULL, '081360062492', '$2y$10$Z7rPU5.JgX8VLpfFClPeRuZJV1FoBHe9tuaku6azbUa7gQX8W02g6', NULL, NULL, 1, 6, 1653105026, 1653105026, 0),
(227, 'mahbengi9285@man.com', 'MAH BENGI', 2, 3, 'L', 'NOSAR', '2005-05-27', '9285', '0059312104', '1104090602080048', '1104096705050001', 2, 1, NULL, 68, '1001 (SERIBU SATU)', NULL, 'ERWIN FITRADI', 21, NULL, NULL, NULL, 'RENI TAWATI', 21, NULL, NULL, NULL, NULL, '081265577070', '$2y$10$356q8yehttiGw9IBDrjcLupj3s1brsKC1VrCki751bVwqdmPkpnaO', NULL, NULL, 1, 6, 1653105026, 1653105026, 0),
(228, 'alyasyakira9218@man.com', 'ALYA SYAKIRA', 2, 3, 'L', 'TAKENGON', '2004-04-27', '9218', '0052115206', '1104172106060058', '1104176704040001', 3, 3, NULL, 64, 'PASAR BAWAH', NULL, 'M NUR NIAWI', 12, NULL, NULL, NULL, 'NARYATI', 12, NULL, NULL, NULL, NULL, '082276812506', '$2y$10$0UmoMDD1WtM41SKqtd7T.e/OKFVY6BWJkpjBMLW34M21hCEO6d2IS', NULL, NULL, 1, 6, 1653105026, 1653105026, 0),
(229, 'asyrafifuadipratama9228@man.com', 'ASYRAFI FUADI PRATAMA', 2, 3, 'L', 'BENER MERIAH', '2005-05-19', '9228', '0059604518', '1104030205170007', '1104031905050003', 1, NULL, NULL, 64, 'TEN SARAN', NULL, 'NASRUN, S. Ag', 13, NULL, NULL, NULL, 'YUSMINAR, SKM', 13, NULL, NULL, NULL, NULL, '085277789609', '$2y$10$bS75dljto0xGc07U/r1hXekxcDitEltt2gtzpzjKG0WnW/hEgY6qi', NULL, NULL, 1, 6, 1653105026, 1653105026, 0),
(230, 'awalulzikri9230@man.com', 'AWALUL ZIKRI', 2, 3, 'L', 'ACEH TENGAH', '2005-01-18', '9230', '0054424706', '1104030903200003', '1104031801050001', 5, 4, 'YATIM', 64, 'SADONG JURU MUDI', NULL, 'ANUAR S (ALM)', 14, NULL, NULL, NULL, 'KAMARIAH', 14, NULL, NULL, NULL, NULL, '085296030076', '$2y$10$LMeZroAPQuwZ5AF8uP4pneUqvvf1psfe/gajDNFgTiq9Fh50zh.3.', NULL, NULL, 1, 6, 1653105026, 1653105026, 0),
(231, 'bilqistinaarafah9233@man.com', 'BILQISTINA ARAFAH', 2, 3, 'P', 'ANGKUP', '2005-05-12', '9233', '0057233951', '1104170803080002', '1104175205050003', 1, 3, NULL, 64, 'WAQ TOWEREN', NULL, 'KASIM MIZAN', 15, NULL, NULL, NULL, 'RUMAINI', 15, NULL, NULL, NULL, NULL, '082276724620', '$2y$10$v/3piMngRABSdOFUm2YxdO7ARCM8mrHjfy0k7241Wpz5f3AKlv1By', NULL, NULL, 1, 6, 1653105026, 1653105026, 0),
(232, 'darimatulisda9236@man.com', 'DARIMATUL ISDA', 2, 3, 'P', 'DAYAH BIE', '2005-07-15', '9236', '0053971353', '1104032311100003', '1104035507050004', 1, 3, NULL, 64, 'KEMILI', NULL, 'SYAFRUDDIN IDRIS', 16, NULL, NULL, NULL, 'INDRA MUTIA', 16, NULL, NULL, NULL, NULL, '085362843559', '$2y$10$DxqHH6dRk7MWg0IE.lqTJ.mlaJzCaMf4UIOzL6mQw3WgYAfpfS09K', NULL, NULL, 1, 6, 1653105026, 1653105026, 0),
(233, 'elsawahyuni9243@man.com', 'ELSA WAHYUNI', 2, 3, 'P', 'BUKIT TINGGI', '2005-06-16', '9243', '0057519957', '1104170607120001', '1104175606050001', 2, 3, NULL, 64, 'BOOM', NULL, 'MARDHATILLAH', 17, NULL, NULL, NULL, 'SUF RAHAMI', 17, NULL, NULL, NULL, NULL, '085262703568', '$2y$10$pf7ahUttde5ivM2rjam/CO.CP6C.jJvCQHm9Ez/WXUtiduoYLm/p.', NULL, NULL, 1, 6, 1653105026, 1653105026, 0),
(234, 'fariswasim9250@man.com', 'FARIS WASIM', 2, 3, 'P', 'TAKENGON', '2005-05-04', '9250', '0054627733', '1104112201130001', '1104110505050001', 2, 3, 'PIATU', 64, 'MENDALE', NULL, 'ALKAVUN IRWAN', 18, NULL, NULL, NULL, 'AINUSSANIDA (ALM)', 18, NULL, NULL, NULL, NULL, '085296847638', '$2y$10$Zjuj9/0DJNFgFwJUuHqtBulLbwUglRuDn/TPop7D1H3ipdNgWr.oi', NULL, NULL, 1, 6, 1653105026, 1653105026, 0),
(235, 'hafizsariyandi9258@man.com', 'HAFIZ SARI YANDI', 2, 3, 'L', 'PAYA TUMPI', '2004-12-10', '9258', '0049403547', '1104110106060048', '1104111012040001', 3, 2, NULL, 64, 'PAYA TUMPI BARU', NULL, 'SAFRIDA, SH', 19, NULL, NULL, NULL, 'ZAINAH', 19, NULL, NULL, NULL, NULL, '082370332866', '$2y$10$4Sn3VVubaumoyzeG470u7e/UdJ24XHd3OdS7s50WzSvbhGzptY366', NULL, NULL, 1, 6, 1653105026, 1653105026, 0),
(236, 'miftahulhadi9291@man.com', 'MIFTAHUL HADI', 2, 3, 'P', 'KEBAYAKAN', '1967-05-16', '9291', '0056791001', '1104112904060008', '1104110608050001', 1, 1, NULL, 64, 'LOT KALA', NULL, 'RAMLAN', 20, NULL, NULL, NULL, 'EVA SUMARNI', 20, NULL, NULL, NULL, NULL, '085246221769', '$2y$10$a71C1Xc7ABczORfngvLL0OL5IAq3xqfBv4NNNC5VJLWO4g0Lkause', NULL, NULL, 1, 6, 1653105026, 1653105026, 0),
(237, 'najhan9315@man.com', 'NAJHAN', 2, 3, 'L', 'ACEH TENGAH', '2005-09-21', '9315', '0057953616', '1104032505060119', '1104032109050001', 2, 2, NULL, 64, 'KERAMAT MUPAKAT', NULL, 'SYAFARUDDIN', 21, NULL, NULL, NULL, 'NURHAYATI', 21, NULL, NULL, NULL, NULL, '085358582228', '$2y$10$npK5sbpwaoVxeH.wD.2houVMCPE9oXaCv4IOJ2xyx7lmR0SAznSOu', NULL, NULL, 1, 6, 1653105026, 1653105026, 0),
(238, 'rahmatsafriaji9331@man.com', 'RAHMAT SAFRIAJI', 2, 3, 'P', 'TAKENGON', '2005-01-12', '9331', '0052986596', '1104031006060066', '1104031201050002', 3, 2, NULL, 64, 'BLANG KOLAK I', NULL, 'RAMLAN EMKAS', 22, NULL, NULL, NULL, 'SANI SAHURI', 22, NULL, NULL, NULL, NULL, '085359334424', '$2y$10$9dv6mKHMuqPfFxAhST0Zee9kUm0SFrpnn41Xw/bcagO.RHDc631Dq', NULL, NULL, 1, 6, 1653105026, 1653105026, 0),
(239, 'rayyankemala9342@man.com', 'RAYYAN KEMALA', 2, 3, 'L', 'BEBESEN', '2005-12-08', '9342', '0059942377', '1104032703080037', '1104030812050006', 1, 1, NULL, 64, 'KEBET', NULL, 'ZULPANEDY', 23, NULL, NULL, NULL, 'AI  ROSITA', 23, NULL, NULL, NULL, NULL, '081377248159', '$2y$10$k1pXKiLL3OTikd.HaeTnTuZ2TXeFOdPayRUunz9sFVkVJ.rEjgG4.', NULL, NULL, 1, 6, 1653105026, 1653105026, 0),
(240, 'sarirahmadaini9366@man.com', 'SARI RAHMADAINI', 2, 3, 'P', 'TAKENGON', '2004-11-04', '9366', '0045697884', '1104041905060016', '1104044411040001', 2, 2, NULL, 64, 'LENGA', NULL, 'ASMADI', 24, NULL, NULL, NULL, 'HAMSIAH', 24, NULL, NULL, NULL, NULL, '085276649008', '$2y$10$dwISWv4LjD8jNDcpqc5qge6Sjkvf0AXNkHzBULViXkhCRc578FngS', NULL, NULL, 1, 6, 1653105026, 1653105026, 0),
(241, 'yulianaamara9392@man.com', 'YULIANA AMARA', 2, 3, 'L', 'KEBAYAKAN', '2005-07-01', '9392', '0051787918', '1104110805060107', '1104114107050004', 4, 4, NULL, 64, 'JLN PANCA DARMA', NULL, 'ABD RAHMAN', 1, NULL, NULL, NULL, 'AMLINA', 1, NULL, NULL, NULL, NULL, '082294466057', '$2y$10$UzXCvhLdwcO5/jZzP1tfkOKx/fHTiGpLXh1nyRZGnSYuHJt5TKiCa', NULL, NULL, 1, 6, 1653105026, 1653105026, 0),
(242, 'mharitsalsyifa9298@man.com', 'M HARITS AL SYIFA', 2, 3, 'L', 'TAKENGON', '2005-09-30', '9298', '0058467144', '1104031006060033', '1104033009050002', 2, 2, NULL, 63, 'KEMILI', NULL, 'RUDIYANTO', 14, NULL, NULL, NULL, 'RAHMAWATI', 14, NULL, NULL, NULL, NULL, '085270825009', '$2y$10$FgDPkfelx1htgZOF9xzDHuTHeIjvM07Iovh7E.kBfqMX4i.Y4mJY.', NULL, NULL, 1, 6, 1653105026, 1653105026, 0),
(243, 'misriadi9293@man.com', 'MISRIADI', 2, 3, 'L', 'TAKENGON', '2005-09-08', '9293', '0059338879', '1104170806060104', '1104172103100001', 3, 4, NULL, 63, 'GUNUNG SUKU RAWE', NULL, 'SAID HAMZAH, SE', 15, NULL, NULL, NULL, 'MASITAH', 15, NULL, NULL, NULL, NULL, '085288194447', '$2y$10$HwMdcO3ghbkHFFOPl7v6pOgzioRE1cpBzYaKEytx3qDNRUqYgTNvG', NULL, NULL, 1, 6, 1653105027, 1653105027, 0),
(244, 'ayufitri9231@man.com', 'AYU FITRI', 2, 3, 'L', 'ACEH TENGAH', '2005-07-26', '9231', '0057422362', '1104031011110001', '1104026607050001', 5, 4, NULL, 61, 'BLANG KOLAK II', NULL, 'ZULFIKRI', 4, NULL, NULL, NULL, 'MAULISEJATI', 4, NULL, NULL, NULL, NULL, '085216542631', '$2y$10$qw74JLrckSM8BO78J9oT8exdRFwTOsyHxgVUtOMqikp93rzJqyE6m', NULL, NULL, 1, 6, 1653105027, 1653105027, 0),
(245, 'yulianasimahbengi9393@man.com', 'YULIANA SIMAHBENGI', 2, 3, 'P', 'TAKENGON', '2004-08-05', '9393', '0040974511', '1104030606180006', '1104034508040002', 5, 4, NULL, 61, 'LINTANG KALA BENGI', NULL, '(ALM)', 5, NULL, NULL, NULL, 'SERI MUDA', 5, NULL, NULL, NULL, NULL, '085260540350', '$2y$10$tWXNKRKhTeu03PgLTFoZIemTDxApzP2eN/zAg9upl8rlt4UF9LCeK', NULL, NULL, 1, 6, 1653105027, 1653105027, 0),
(246, 'zaviraputri9397@man.com', 'ZAVIRA PUTRI', 2, 3, 'P', 'TAWARDI I', '2006-03-04', '9397', '0061608082', '1104172206060028', '1104174403060001', 4, 4, NULL, 61, 'TAWARDI I', NULL, 'ANDI HASAN', 6, NULL, NULL, NULL, 'SALAWATI', 6, NULL, NULL, NULL, NULL, '085372679510', '$2y$10$8CUanHciULg6VTV7DdKAmej9KHGkryq/XiauEWZVtsp2hEFALJXbW', NULL, NULL, 1, 6, 1653105027, 1653105027, 0),
(247, 'maysarahfadila9290@man.com', 'MAY SARAH FADILA', 2, 3, 'P', 'PENOSAN SEPAKAT', '2005-08-02', '9290', '0053425157', '1104110903150003', '1113094208050001', 1, 3, NULL, 56, 'UJUNG TEMETAS', NULL, 'ABU BAKAR SIDIK', 3, NULL, NULL, NULL, 'ERNI YUSNITA', 3, NULL, NULL, NULL, NULL, '085217241825', '$2y$10$YNvfp.ahIW4S/PqxV.qdUeoBL52M3nXt.lY28jGnWq3tAalhQ8da.', NULL, NULL, 1, 6, 1653105027, 1653105027, 0),
(248, 'ruhmi9359@man.com', 'RUHMI', 2, 3, 'L', 'TAKENGON', '2005-03-23', '9359', '0056903917', '1104031605060028', '1104036303050003', 4, 4, 'PIATU', 56, 'SIMPANG EMPAT', NULL, 'MUSTAWI', 4, NULL, NULL, NULL, 'ASNAINI (ALM)', 4, NULL, NULL, NULL, NULL, '085262667791', '$2y$10$IdymEwjMVhIfW0MbwOPnjugAB.tnq5F52xWjF/c96mc2mbjXmDWVu', NULL, NULL, 1, 6, 1653105027, 1653105027, 0),
(249, 'rizkyfakhrulrozi9355@man.com', 'RIZKY FAKHRUL ROZI', 2, 3, 'P', 'TANGERANG', '2005-05-20', '9355', '0052131623', '1104100502130001', '1104122005050022', 1, 1, NULL, 41, 'PONDOK BALEK', NULL, 'MUHAMMAD ASTAR FAUZI', 11, NULL, NULL, NULL, 'KASMIDA', 11, NULL, NULL, NULL, NULL, NULL, '$2y$10$WNmsl.4JXS.2SdgNzMcGcupnB.b9OqQyipTfpooKg3Hp0Bvu/DCwu', NULL, NULL, 1, 6, 1653105027, 1653105027, 0),
(250, 'ranggaterimejaya9340@man.com', 'RANGGA TERIMEJAYA', 2, 3, 'L', 'ANGKUP', '2005-05-14', '9340', '0059493251', '1104020709120003', '1104021405050001', 1, 3, NULL, 35, 'WIH PESAM', NULL, 'WASISNO', 6, NULL, NULL, NULL, 'SISMIRAYANA', 6, NULL, NULL, NULL, NULL, '085279310828', '$2y$10$ZlxyTRgfB0GZu1Qr6fTJheig7IYrhfCbAj3NAdx29gg1zs0ce6R3i', NULL, NULL, 1, 6, 1653105027, 1653105027, 0),
(251, 'ernafebiola9245@man.com', 'ERNA FEBIOLA', 2, 3, 'P', 'SANGATTA', '2005-02-11', '9245', '0052054356', '1104070203080001', '1104075102050001', 2, 4, NULL, 19, 'KAYU KUL', NULL, 'DINARSYAH', 17, NULL, NULL, NULL, 'ANA DIANA', 17, NULL, NULL, NULL, NULL, '085362509703', '$2y$10$OoD3vZT0/rCdBMIAEHgMS.Vt8YcxGs0s0mJiM22uVwF6tbTmahgNO', NULL, NULL, 1, 6, 1653105027, 1653105027, 0),
(252, 'sarina9368@man.com', 'SARINA', 2, 3, 'P', 'ACEH TENGAH', '2005-04-11', '9368', '0054669644', '1104040603080003', '1104045104050001', 3, 3, 'YATIM', 19, 'UNING NIKEN', NULL, 'JUNAIDI (ALM)', 18, NULL, NULL, NULL, 'JURAINI', 18, NULL, NULL, NULL, NULL, '085296911997', '$2y$10$Njb4lCOfGtJha1tzxSa8pe3cYmEPHJ6fCXgbb.oWWYVpOabbXFQyC', NULL, NULL, 1, 6, 1653105027, 1653105027, 0),
(253, 'syafrizal9376@man.com', 'SYAFRIZAL', 2, 3, 'P', 'UNING', '2005-10-11', '9376', '0057115255', '1104071506060117', '1104071110050001', 3, 3, NULL, 19, 'UNING', NULL, 'ALPIANDI', 19, NULL, NULL, NULL, 'SUSILAWATI', 19, NULL, NULL, NULL, NULL, '081263197276', '$2y$10$ClFJHSXXvS6rraR4.KGSoeB7.tnvxmD.D/0QnRjzSOFusYDRGPyii', NULL, NULL, 1, 6, 1653105027, 1653105027, 0),
(254, 'waliya9386@man.com', 'WALIYA', 2, 3, 'L', 'TANJUNG PURA', '2005-11-28', '9386', '0053023696', '1104011004060013', '1104092811050001', 2, 3, NULL, 19, 'KAYU KUL', NULL, 'AMRUNA MURDIN', 20, NULL, NULL, NULL, 'RAHMAYATI', 20, NULL, NULL, NULL, NULL, '085297598072', '$2y$10$.ej4wsZLZFfGgtkai0hb7uDznoaEBDz.VjVbY83mythS7v1dzGuzm', NULL, NULL, 1, 6, 1653105027, 1653105027, 0),
(255, 'aidilfitra9209@man.com', 'AIDIL FITRA', 2, 3, 'L', 'ACEH TENGAH', '2006-11-03', '9209', '0063686603', '1104071003060013', '1104070311060001', 2, 2, NULL, 17, 'JURUSEN', NULL, 'EDI HERMAWANSYAH', 5, NULL, NULL, NULL, 'SURYANI', 5, NULL, NULL, NULL, NULL, NULL, '$2y$10$9k.d5bOtcDRgW1i4dk9/4.vthG8DE55eLgcXL8Q4WDO5D1rnE3M4i', NULL, NULL, 1, 6, 1653105027, 1653105027, 0);
INSERT INTO `students` (`id`, `email`, `name`, `classId`, `roomId`, `gender`, `placeOfBirth`, `dayOfBirth`, `nis`, `nisn`, `noKk`, `nik`, `numberOfSiblings`, `fromOfSiblings`, `orphan`, `schoolId`, `address`, `fatherNik`, `fatherName`, `fatherEmployeeId`, `fatherSchoolId`, `fatherincome`, `motherNik`, `motherName`, `motherEmployeeId`, `motherSchoolId`, `motherincome`, `image`, `phone`, `phoneFamily`, `password`, `ipAddress`, `about`, `statusId`, `privilegeId`, `createdAt`, `updatedAt`, `deletedAt`) VALUES
(256, 'diyasalsabila9241@man.com', 'DIYA SALSABILA', 2, 3, 'P', 'TAKENGON', '2005-08-28', '9241', '0052538273', '1104070206060122', '1104076808050001', 4, 3, NULL, 17, 'KAYU KUL', NULL, 'GAZALI CIBRO', 6, NULL, NULL, NULL, 'SALFI SANADA', 6, NULL, NULL, NULL, NULL, '085288237394', '$2y$10$e2Do8ctxGGQFNtpJJ/oY6uCeK1yk4vA0lGvDK//sSly.A/vUPfXwG', NULL, NULL, 1, 6, 1653105027, 1653105027, 0),
(257, 'siskaramadhani9374@man.com', 'SISKA RAMADHANI', 2, 3, 'P', 'KELUPAK MATA', '2004-12-07', '9374', '0045800693', '1104110606060012', '1104114712040001', 4, 4, 'PIATU', 150, 'KELUPAK MATA', NULL, 'AHMAD HUSIN', 15, NULL, NULL, NULL, 'MUSDALIFAH (ALM)', 15, NULL, NULL, NULL, NULL, '082362068007', '$2y$10$rU9tzciALLPDMY74JAkn8.UyUHO5bLBpOBg9Gyv4q6skrghFYaTPW', NULL, NULL, 1, 6, 1653105027, 1653105027, 0),
(258, 'andriantawarnate9221@man.com', 'ANDRIAN TAWAR NATE', 2, 3, 'P', 'UNING BERSAH', '2005-02-28', '9221', '0053947777', '111703070600085', '1117032802050001', 2, 2, NULL, 95, 'UNING BERSAH', NULL, 'YUSRA', 20, NULL, NULL, NULL, 'LISNIDAINI', 20, NULL, NULL, NULL, NULL, '082277824433', '$2y$10$wCoDKukgFM40auCouN2Vx.ytrRu6.30eyTsURLiIjeLJJqHONQzEe', NULL, NULL, 1, 6, 1653105027, 1653105027, 0),
(259, 'fatwarezeki9252@man.com', 'FATWA REZEKI', 2, 3, 'L', 'ACEH TENGAH', '2005-08-21', '9252', '0052093780', '1104031106120002', '1104112108050001', 1, 2, NULL, 1, 'ULUNUWIH', NULL, 'ALHUDA BENSU', 3, NULL, NULL, NULL, 'MARLINA', 3, NULL, NULL, NULL, NULL, NULL, '$2y$10$acJyqRNEsNOM3HblUEc3nu6tpnmn6hG1mOpPcmniOvUJ29BUiUWCq', NULL, NULL, 1, 6, 1653105027, 1653105027, 0),
(260, 'lisaananda9281@man.com', 'LISA ANANDA', 2, 4, 'P', 'BIREUN', '2005-10-30', '9281', '0053130144', '1104171705060077', '1104177010050001', 2, 4, NULL, 25, 'TERMINAL ATAS', NULL, 'SA\'DAN', 6, NULL, NULL, NULL, 'NARWANA', 6, NULL, NULL, NULL, NULL, '085286644239', '$2y$10$MT4a1rwAcuR7oqWseIiDXOdlCMLMlaAMMbOhgJqhsT7m6Z.nZz4Sm', NULL, NULL, 1, 6, 1653105027, 1653105027, 0),
(261, 'muamarcardafi9295@man.com', 'MUAMAR CARDAFI', 2, 4, 'L', 'PIDIE', '2006-02-03', '9295', '0060113350', '1107110204080352', '1107110302060001', 1, 3, NULL, 26, 'SIMAPANG 5', NULL, 'MUSLEM ABU BAKAR', 7, NULL, NULL, NULL, 'DAHRIANI', 7, NULL, NULL, NULL, NULL, NULL, '$2y$10$rBQ9JM7ctjYbntvlrnRFqu45Hdj8z6vRL1xYc.kR38HKF.kNedAw.', NULL, NULL, 1, 6, 1653105027, 1653105027, 0),
(262, 'hamaliyufatar9260@man.com', 'HAMALI YUFATAR', 2, 4, 'L', 'ACEH TENGAH', '2005-01-22', '9260', '0052056970', '1104111201070001', '1104112201050002', 2, 1, NULL, 38, 'PAYA TUMPI I', NULL, 'ELFI ZAINI', 19, NULL, NULL, NULL, 'BALDAH NOVA, S. Pd', 19, NULL, NULL, NULL, NULL, '081360046371', '$2y$10$DjWelqT/tazBpl3mfiB0rere//9h8.E4jg2KTbAOTLKraadQaH7fi', NULL, NULL, 1, 6, 1653105027, 1653105027, 0),
(263, 'muliaardi9303@man.com', 'MULIA ARDI', 2, 4, 'L', 'TAKENGON', '2005-04-16', '9303', '0054769735', '1104112504180002', '1117031604050003', 2, 2, NULL, 39, 'KEBAYAKAN', NULL, 'HASRIL', 20, NULL, NULL, NULL, 'ZURIALITA', 20, NULL, NULL, NULL, NULL, '085261333557', '$2y$10$WhvF9m8OexLW1lrdxMFUzOfDUl2Wv6ro8Cxda6iohv29.ldzF.PsC', NULL, NULL, 1, 6, 1653105027, 1653105027, 0),
(264, 'anggunpurnama9223@man.com', 'ANGGUN PURNAMA', 2, 4, 'P', 'TAPAK MOGE', '2005-09-09', '9223', '0057646565', '1104122101050581', '1104124909050002', 2, 2, NULL, 40, 'BLANG KOLAK I', NULL, 'ARJUNA', 21, NULL, NULL, NULL, 'KAMARIAH', 21, NULL, NULL, NULL, NULL, '085260685386', '$2y$10$ZBw3GCBQ7f03AYAmb1BzwetkiYsVMGNqda3DzjF3KQyz7yFkTKRyW', NULL, NULL, 1, 6, 1653105027, 1653105027, 0),
(265, 'dwiauva9242@man.com', 'DWI AUVA', 2, 4, 'P', 'ACEH TENGAH', '2005-09-08', '9242', '0052031446', '1104040412070001', '1104044809050001', 2, 4, NULL, 57, 'SP LUKUP BADAK', NULL, 'ALMUNARA', 14, NULL, NULL, NULL, 'AIDA FITRINA', 14, NULL, NULL, NULL, NULL, '085289709003', '$2y$10$vt7zcD/KIRoMosvj.PxlzO355Sjdl9.aWJyeirf331jxfNjOT7Aeq', NULL, NULL, 1, 6, 1653105028, 1653105028, 0),
(266, 'khairulwahyudi9279@man.com', 'KHAIRUL WAHYUDI', 2, 4, 'L', 'TAKENGON', '2005-05-23', '9279', '0052538386', '1104071606060011', '1104072305050001', 4, 3, NULL, 69, 'UNING PEGASING', NULL, 'Ir. KHAIDIR, MM', 2, NULL, NULL, NULL, 'HASANAH', 2, NULL, NULL, NULL, NULL, '085296127478', '$2y$10$E.KClaBRD7kD7iyzdfArzeYPNxTj6avxZ06jbKMDyqIY6bL7QJcZS', NULL, NULL, 1, 6, 1653105028, 1653105028, 0),
(267, 'prisnaulanagustina9327@man.com', 'PRISNA ULAN AGUSTINA', 2, 4, 'P', 'TAKENGON', '2005-08-21', '9327', '0053530916', '1104032403080039', '1104036108050001', 2, 2, NULL, 72, 'JALAN LINTANG', NULL, 'RISIKA YANDI PUTRAS', 5, NULL, NULL, NULL, 'FITRI CHANDRA DEWI', 5, NULL, NULL, NULL, NULL, '085270411415', '$2y$10$ZWb1vNbWtOT9upOYe5U6SOUj.jq7EbSaNIpaY4WIlSW323wbGs4Om', NULL, NULL, 1, 6, 1653105028, 1653105028, 0),
(268, 'alfitramahendra9214@man.com', 'ALFITRA MAHENDRA', 2, 4, 'L', 'ACEH TENGAH', '2005-11-01', '9214', '0057957342', '1104072006060026', '1104070111050003', 3, 3, NULL, 64, 'ULU NUWIH', NULL, 'DAUDSYAH ARWI AR', 2, NULL, NULL, NULL, 'RAMADANI', 2, NULL, NULL, NULL, NULL, '081376221215', '$2y$10$njKyPyzz90RmlKAs.LooXeXzD2o3CzfteAHIa8e9mz/Qs52zFAYMC', NULL, NULL, 1, 6, 1653105028, 1653105028, 0),
(269, 'dheaafifah9237@man.com', 'DHEA AFIFAH', 2, 4, 'P', 'ACEH TENGAH', '2005-06-11', '9237', '0058348995', '1104171506060052', '1104175106050002', 3, 2, NULL, 64, 'BALE ATAS', NULL, 'SOFYAN', 3, NULL, NULL, NULL, 'YUSPAWATI', 3, NULL, NULL, NULL, NULL, '085294458480', '$2y$10$e39rvOnjH5JggLQzMhT1X.Gd6.hIbx.CEELwrHvRoGpkOcHs.5j9O', NULL, NULL, 1, 6, 1653105028, 1653105028, 0),
(270, 'miranggatuahmiko9292@man.com', 'MIRANGGA TUAHMIKO', 2, 4, 'L', 'ACEH TENGAH', '2005-09-29', '9292', '0052356660', '1104041905060067', '1104042909050001', 1, 2, NULL, 64, 'LENGA', NULL, 'ASKAR ZEK', 4, NULL, NULL, NULL, 'MILAWATI', 4, NULL, NULL, NULL, NULL, '085277785561', '$2y$10$flodY6SdjdkxBim/2iYRNOHLTERDt4ftXYTpjzVKbjd9qvhiaNKkG', NULL, NULL, 1, 6, 1653105028, 1653105028, 0),
(271, 'nabila9308@man.com', 'NABILA ', 2, 4, 'P', 'BLANG GELE', '2005-01-09', '9308', '0053403307', '1104030107060038', '1104034901050001', 2, 2, NULL, 64, 'MONGAL', NULL, 'RAMLAN', 5, NULL, NULL, NULL, 'NURHAYATI', 5, NULL, NULL, NULL, NULL, '082293746722', '$2y$10$alrFow2MU3EXcnUYYJC2web1osZqYFOsgdN3WlJFpUzW.q40uzmTS', NULL, NULL, 1, 6, 1653105028, 1653105028, 0),
(272, 'tarimahara9381@man.com', 'TARI MAHARA', 2, 4, 'P', 'TAKENGON', '2005-09-29', '9381', '0054287786', '1104036909050001', '110403690905001', 1, 2, NULL, 64, 'GERGUNG PENDERE SARIL', NULL, 'TARMIZI', 6, NULL, NULL, NULL, 'MARIANA', 6, NULL, NULL, NULL, NULL, '085270410649', '$2y$10$Wmq3D.7E36jOzOOCpWPSz.34t5zz.DkiyijFT9MOUdlbkDGR3Zx3.', NULL, NULL, 1, 6, 1653105028, 1653105028, 0),
(273, 'muliaandiki9302@man.com', 'MULIA ANDIKI', 2, 4, 'L', 'BLANG MERSA', '2005-04-15', '9302', '0059955452', '1104170905060052', '1104171504050001', 2, 1, NULL, 63, 'KUTE LOT', NULL, 'MUCHSIN', 16, NULL, NULL, NULL, 'SUSI ANDRIANI', 16, NULL, NULL, NULL, NULL, '081362990063', '$2y$10$ReRXdqlT3yapRyRuiqd2UuN6JDe3gQRMceMcverBx91hzqbvzlqKe', NULL, NULL, 1, 6, 1653105028, 1653105028, 0),
(274, 'erlina9244@man.com', 'ERLINA', 2, 4, 'P', 'ACEH TENGAH', '2005-09-19', '9244', '0053530773', '1104040806060072', '1104045909050001', 4, 4, NULL, 61, 'ARUL LATONG', NULL, 'RUSLI', 7, NULL, NULL, NULL, 'HARAINI', 7, NULL, NULL, NULL, NULL, '082216626021', '$2y$10$RMasG5/D1QBCWC2Et8QMpuhvaqXEWGpAqxo3rWWS15Dal.CDUApUq', NULL, NULL, 1, 6, 1653105028, 1653105028, 0),
(275, 'nathasyadindasaura9317@man.com', 'NATHASYA DINDA SAURA', 2, 4, 'P', 'SP. LAYANG', '2005-03-13', '9317', '0051958441', '1104171810170002', '1117015303050004', 2, 3, NULL, 61, 'HAKIM BALE BUJANG', NULL, 'JHONI SABDA', 8, NULL, NULL, NULL, 'ENA MARIANA', 8, NULL, NULL, NULL, NULL, '085277410580', '$2y$10$e4SzGxQ6i0YKz1hsDl89xe51h00rQHzDNQJzX.wWi9kYW5rC8/L4q', NULL, NULL, 1, 6, 1653105028, 1653105028, 0),
(276, 'irsaraudhatuljannah9271@man.com', 'IRSA RAUDHATUL JANNAH', 2, 4, 'P', 'ACEH TENGAH', '2005-03-25', '9271', '0059920121', '1104171805060040', '1104176503050001', 3, 3, NULL, 60, 'TETUNYUNG', NULL, 'ZUHARMAN', 17, NULL, NULL, NULL, 'IDA DARMAWI', 17, NULL, NULL, NULL, NULL, '082210708603', '$2y$10$/O6.OkIs769tfIUi.RDTYO6L9yfA2PJG1oiQRuchfO6GGJetjdCay', NULL, NULL, 1, 6, 1653105028, 1653105028, 0),
(277, 'agneswahyuningsih9207@man.com', 'AGNES WAHYU NINGSIH', 2, 4, 'P', 'TAKENGON', '2005-08-10', '9207', '0068914850', '1104031206060084', '1104035008050003', 6, 5, NULL, 56, 'BEBESEN', NULL, 'JANUS TAHAR LAOWO', 5, NULL, NULL, NULL, 'TAWHAR BR HUTASALUNG', 5, NULL, NULL, NULL, NULL, '082272727992', '$2y$10$/WEs4cZvj0ixKu/6UKh45u6dnyBSqaQ/ittr4pC87ch.XpmDDdq1q', NULL, NULL, 1, 6, 1653105028, 1653105028, 0),
(278, 'faizulazka9248@man.com', 'FAIZUL AZKA', 2, 4, 'L', 'SIGLI', '2005-07-18', '9248', '0052058863', '1104032308060051', '1104031807050001', 1, 4, NULL, 56, 'KALA KEMILI', NULL, 'AMRI EFFENDI', 6, NULL, NULL, NULL, 'MISNAYANTI', 6, NULL, NULL, NULL, NULL, '081360051030', '$2y$10$wSfZwFe8kICKLnbNJgjddefBhDGT8SWWXaQjN1GC6lAE4yA4AoNS6', NULL, NULL, 1, 6, 1653105028, 1653105028, 0),
(279, 'muhammadyusri9300@man.com', 'MUHAMMAD YUSRI', 2, 4, 'L', 'BUKIT PEPANYI', '2005-06-13', '9300', '0053842834', '1117041306060001', '1117041306050020', 2, 2, 'YATIM', 43, 'BUKIT PEPANYI', NULL, 'MUHIBUDIN (ALM)', 4, NULL, NULL, NULL, 'ASNIDAR', 4, NULL, NULL, NULL, NULL, '085261279900', '$2y$10$uI28IYIc2aXBvfg76QHOaeWUniuDscFoQpVxlyhdJ4zAdB9/I7Kay', NULL, NULL, 1, 6, 1653105028, 1653105028, 0),
(280, 'ramayana9338@man.com', 'RAMAYANA', 2, 4, 'P', 'ACEH TENGAH', '2004-11-27', '9338', '0049772062', '1104121012130007', '1104126711040001', 2, 3, 'YATIM', 43, 'PANTAN SILE', NULL, NULL, 5, NULL, NULL, NULL, 'SALAWATI', 5, NULL, NULL, NULL, NULL, '081269264651', '$2y$10$ev9Tc3lTk3tBDWU8xDQgBeDYvsaS4VhHpNsg1u8ccQqhbsGw4oBoe', NULL, NULL, 1, 6, 1653105028, 1653105028, 0),
(281, 'piradayani9325@man.com', 'PIRA DAYANI', 2, 4, 'P', 'WIHNU DURIN', '2005-03-09', '9325', '0058637777', '1104020702140001', '1104024903050001', 1, 1, 'YATIM', 34, 'NUNANG ANTARA', NULL, 'SAMSUL BAHRI (ALM)', 14, NULL, NULL, NULL, 'MAULIDA', 14, NULL, NULL, NULL, NULL, '085277191110', '$2y$10$UQRzElhDbTEQs6f/.SnKouTd9nUTpPx38i563tUNXVVmjixu5c0K6', NULL, NULL, 1, 6, 1653105028, 1653105028, 0),
(282, 'gemasatriaperdana9254@man.com', 'GEMA SATRIA PERDANA', 2, 4, 'L', 'TAKENGON', '2005-10-04', '9254', '0056084782', '1104030606060090', '1104035307640001', 1, NULL, NULL, 25, 'BEBESEN', NULL, 'CANDRA SUGIANTO', 22, NULL, NULL, NULL, 'SIPONIEM', 22, NULL, NULL, NULL, NULL, '', '$2y$10$aPVAiDXl/DjN8DIgoj629.5Bgmxd3qsrlfQ.fRkImGuO1TKUn53pC', NULL, NULL, 1, 6, 1653105028, 1653105028, 0),
(283, 'fathinjihan9251@man.com', 'FATHIN JIHAN', 2, 4, 'L', 'ACEH TENGAH', '2005-11-25', '9251', '0059204397', '1104031306060130', '1104032511050001', 1, NULL, NULL, 19, 'KUNG', NULL, 'MUJAKIR, SH', 21, NULL, NULL, NULL, 'MUKYANI, S. Pd', 21, NULL, NULL, NULL, NULL, '085260441845', '$2y$10$CMS/oB7zEJNe3ZvQzCd3euCXPL03VF7nKvETKoAv.LteecP7wS6Lq', NULL, NULL, 1, 6, 1653105028, 1653105028, 0),
(284, 'maharasetiansyah9287@man.com', 'MAHARA SETIANSYAH', 2, 4, 'L', 'GELELUNGI', '2004-09-11', '9287', '0041723203', '1104070307100077', '1104071109040002', 2, 1, NULL, 19, 'GELELUNGI', NULL, 'MISRADI', 22, NULL, NULL, NULL, 'SULIEM', 22, NULL, NULL, NULL, NULL, NULL, '$2y$10$SrQNVQI/m4k7Lee37J4mUuaPTa.vrYsXmh5vVg4Padpz8RWdv2Iy6', NULL, NULL, 1, 6, 1653105028, 1653105028, 0),
(285, 'najarudin9314@man.com', 'NAJARUDIN', 2, 4, 'L', 'KALA PEGASING', '2005-08-09', '9314', '0052119524', '1104070911110009', '1104170908050001', 3, 4, NULL, 17, 'KALA PEGASING', NULL, 'MARJUKI NYAK', 7, NULL, NULL, NULL, 'ISMAWATI', 7, NULL, NULL, NULL, NULL, '082304398106', '$2y$10$.RtEVIqERyZR2hVr/HACJ.bPHjDEmvqIdQHY4M98gkQT2H48S2Qky', NULL, NULL, 1, 6, 1653105028, 1653105028, 0),
(286, 'noviardana9319@man.com', 'NOVI ARDANA', 2, 4, 'P', 'BINJAI', '2004-11-09', '9319', '0045746375', '1104070405180002', '1275014911040002', 4, 3, NULL, 17, 'UNING PEGASING', NULL, 'SUHADA AL AMIN', 8, NULL, NULL, NULL, 'SRI GUSTINA NEDIYATI RANGKTI', 8, NULL, NULL, NULL, NULL, '085271616161', '$2y$10$Svc1hZiPpxLj4mgslyoXieDH/Lx.LBwK4XsE7VXK1gJVvSvA.bo9.', NULL, NULL, 1, 6, 1653105029, 1653105029, 0),
(287, 'raihanputri9334@man.com', 'RAIHAN PUTRI', 2, 4, 'P', 'WEH PESAM', '2004-10-11', '9334', '0047890165', '1104021702100001', '1104025110040001', 1, 2, 'PIATU', 162, 'WEH PESAM', NULL, 'ARDIANSYAH', 14, NULL, NULL, NULL, 'ASMANIAR (ALM)', 14, NULL, NULL, NULL, NULL, '085226885464', '$2y$10$PurDJ7bJ6zmX16AmHTdKmugPtMT3Fc1MrAfjjgNFDdxZZ/PJIOnBm', NULL, NULL, 1, 6, 1653105029, 1653105029, 0),
(288, 'mahyudi9288@man.com', 'MAHYUDI', 2, 4, 'L', 'BLANG BALIK', '2005-09-27', '9288', '0052016989', '1104121703090002', '1104122709050002', 1, 1, NULL, 138, 'BELANG BALIK', NULL, 'AHMADI', 16, NULL, NULL, NULL, 'KARTIKA DEWI', 16, NULL, NULL, NULL, NULL, NULL, '$2y$10$CGUyUw48qKmg0qMhFREPyuz7VzSkeR4UKrIjnSfpp0swp7p9cc8Ea', NULL, NULL, 1, 6, 1653105029, 1653105029, 0),
(289, 'rayyuni9344@man.com', 'RAYYUNI', 2, 4, 'P', 'GENUREN', '2005-08-11', '9344', '0021877651', '1104081706060033', '1104085108050001', 2, 1, NULL, 11, 'GENUREN', NULL, 'MURADI', 20, NULL, NULL, NULL, 'HARDANI', 20, NULL, NULL, NULL, NULL, '085272284149', '$2y$10$/B0EFcDFB6QNNwqfiLYN2uHwNNHZ2OlkRhjRBUWC1rQMqrwY.9.Ya', NULL, NULL, 1, 6, 1653105029, 1653105029, 0),
(290, 'andrekurniawan9220@man.com', 'ANDRE KURNIAWAN', 2, 4, 'L', 'BLANG MANCUNG', '2004-12-03', '9220', '0045915670', '1104102101051535', '1104100312040001', 1, 3, NULL, 192, 'BLANG MANCUNG', NULL, 'BUANG RIANTO', 22, NULL, NULL, NULL, 'JULIANA', 22, NULL, NULL, NULL, NULL, '085362204188', '$2y$10$PDT5KT3krRZEMBT9I.KkP.UFkSyG7sUa6aUwQDyB.PuNbHogh0.4y', NULL, NULL, 1, 6, 1653105029, 1653105029, 0),
(291, 'izasdanuprasetya9274@man.com', 'IZAS DANU PRASETYA', 2, 4, 'L', 'BIES PENENTANAN', '2005-05-24', '9274', '0053909116', '1104042005060060', '1104042405050001', 2, 1, NULL, 192, 'BIES PENENTANAN', NULL, 'SUBARNO', 23, NULL, NULL, NULL, 'SUPIATIK', 23, NULL, NULL, NULL, NULL, '082370509590', '$2y$10$.R6WQrXOGlAl9lV393uRquNTrWcKbrkNKeNYUQ8ZxEYn/gmxdtHIu', NULL, NULL, 1, 6, 1653105029, 1653105029, 0),
(292, 'sinerulen9404@man.com', 'SINER ULEN', 2, 4, 'P', 'TAKENGON', '2005-05-26', '9404', '0045747936', '\'1104113004060011', '1104116605050002', 1, 5, NULL, 60, 'LOT KALA', NULL, 'MUHAMMAD ALI M.S', 18, NULL, NULL, NULL, 'RAPIYANA YUSRI', 18, NULL, NULL, NULL, NULL, '085270476720', '$2y$10$F1BCuctjBMiJuM2MXuC2Y.0Y79XkIJPBz1.sWzLGwWkNRbnpZTZSW', NULL, NULL, 1, 6, 1653105029, 1653105029, 0),
(293, 'afrizalmahara9205@man.com', 'AFRIZAL MAHARA', 2, 4, 'L', 'KALA PEGASING', '2005-04-20', '9205', '0052113513', '1104072505060048', '1104072004050002', 3, 2, NULL, 1, 'KALA PEGASING', NULL, 'BIN ALI DAGANG', 4, NULL, NULL, NULL, 'HASANAH', 4, NULL, NULL, NULL, NULL, '082360056915', '$2y$10$oxRXeV4oUeKh8AcqYZ.n5eBba1MF/w4zZ.mjK4C9PAVI5ZWMhgkQi', NULL, NULL, 1, 6, 1653105029, 1653105029, 0),
(294, 'prastio9326@man.com', 'PRASTIO', 2, 4, 'L', 'LELUMU', '2006-02-15', '9326', '0060177479', '1104073007060028', '1104071502060001', 1, 1, NULL, 1, 'LELUMU', NULL, 'RASIMIN', 5, NULL, NULL, NULL, 'RABIMAH', 5, NULL, NULL, NULL, NULL, '085306430135', '$2y$10$NdahDktslPtfo2wf4at8Mu5aMfWXMvpaFVt4B9F.lgME7adw1mpaK', NULL, NULL, 1, 6, 1653105029, 1653105029, 0),
(295, 'syauqialfaiz9379@man.com', 'SYAUQI ALFAIZ', 2, 5, 'L', 'ACEH TENGAH', '2005-02-25', '9379', '0051063083', '1104010104060032', '1104012502050001', 1, 4, NULL, 51, NULL, NULL, 'MAHBUB FAUZIE', 8, NULL, NULL, NULL, 'RINI PUJIWATI', 8, NULL, NULL, NULL, NULL, '085262462597', '$2y$10$ehBK/B7Olc.K8jvH2FPs/ONCXQLpod4hCkl60ycppJrwdD24ILvXe', NULL, NULL, 1, 6, 1653105029, 1653105029, 0),
(296, 'zidanbayakku9399@man.com', 'ZIDAN BAYAKKU', 2, 5, 'L', 'SIMPANG TERITIT', '2004-05-29', '9399', '0044973351', '1117042201070001', '1117042905040001', 1, 1, NULL, 95, 'SIMAPNG TERITIT', NULL, 'FIRDAUS', 10, NULL, NULL, NULL, 'MULIA', 10, NULL, NULL, NULL, NULL, '082276908661', '$2y$10$lA8a5NWjikKReJFXd.KifuQHy6R.HfWF25wnBXERowDh7ol2mAs2W', NULL, NULL, 1, 6, 1653105029, 1653105029, 0),
(297, 'aqilahhilmi9224@man.com', 'AQILAH HILMI', 2, 5, 'L', 'TAKENGON', '2005-03-09', '9224', '0057887480', '1104172806060006', '1104170903050002', 1, 1, NULL, 64, 'KUTENI REJE', NULL, 'MARDIONO', 7, NULL, NULL, NULL, 'RASIDAH', 7, NULL, NULL, NULL, NULL, NULL, '$2y$10$g7gZm5pFCZKN9G1QmrdiO.U3f4vrepkbwXh4FRBXGPELv4k/gzJ/K', NULL, NULL, 1, 6, 1653105029, 1653105029, 0),
(298, 'cindyannisaramadaninst9234@man.com', 'CINDY ANNISA RAMADANI NST', 2, 5, 'P', 'TAKENGON', '2005-10-09', '9234', '0052107603', '1104172908160002', '1104174305830002', 1, 1, NULL, 64, 'BOOM', NULL, 'MHD. ASLAM NASUTION', 8, NULL, NULL, NULL, 'MAI ASNIKA TARIGAN', 8, NULL, NULL, NULL, NULL, '082168636524', '$2y$10$WwEbohu8LFrIfwVA.tFcpOI6.p9ouxUPAbHR0Bzek36elanBcCF.u', NULL, NULL, 1, 6, 1653105029, 1653105029, 0),
(299, 'jarnidasulisna9275@man.com', 'JARNIDA SULISNA', 2, 5, 'P', 'BALE ACEH TENGAH', '2005-09-02', '9275', '0059044071', '1104171206060102', '1104174209050002', 1, 2, NULL, 64, 'KENAWAT LUT', NULL, 'SAHDA', 9, NULL, NULL, NULL, 'WARDIANA', 9, NULL, NULL, NULL, NULL, '085270688042', '$2y$10$w4l/4YKaExteS1/gbsfal.CaAj0CZgPpw9vnLF9amXTDkEgMGJtz2', NULL, NULL, 1, 6, 1653105029, 1653105029, 0),
(300, 'najariashaofa9313@man.com', 'NAJARIA SHAOFA', 2, 5, 'P', 'TAKENGON', '2005-01-31', '9313', '0059943893', '1104170107060041', '1104177101050002', 3, 2, NULL, 64, 'BOOM', NULL, 'SADI S', 10, NULL, NULL, NULL, 'JUMIRAH', 10, NULL, NULL, NULL, NULL, '085262813526', '$2y$10$6Y/WTV2QpN4ghcY8.ds63uyv3/NcwOeLdZpEOYofRZOqoFi7ZgKu6', NULL, NULL, 1, 6, 1653105029, 1653105029, 0),
(301, 'wulanaidafitri9389@man.com', 'WULAN AIDA FITRI', 2, 5, 'P', 'TAKENGON', '2004-11-21', '9389', '0046766625', '1104171510140001', '1117076111040001', 3, 3, NULL, 63, 'ONEONE', NULL, 'ERWINSYAH', 17, NULL, NULL, NULL, 'NUR AINUN', 17, NULL, NULL, NULL, NULL, '085359226770', '$2y$10$JsvyLX3rWFGtGdda5rKdIuCDGRgRIcVkKDM6AjWbxpGjJe2UrQPlu', NULL, NULL, 1, 6, 1653105029, 1653105029, 0),
(302, 'idanurfadhilah9264@man.com', 'IDANUR FADHILAH', 2, 5, 'P', 'TAKENGON', '2004-11-06', '9264', '0046599712', '1104032705060020', '1104034611040002', 4, 5, NULL, 60, 'KERAMAT MUPAKAT', NULL, 'YUNUS SARIF', 18, NULL, NULL, NULL, 'ELY SULASTRI', 18, NULL, NULL, NULL, NULL, '085361922874', '$2y$10$V0QXG2uJpCx7AQOqDyS06OmUjzlTQzHphrqJjwF6gloMBV4VOxiQa', NULL, NULL, 1, 6, 1653105029, 1653105029, 0),
(303, 'weinfatha9387@man.com', 'WEIN FATHA', 2, 5, 'L', 'TUNGKOB', '2004-11-03', '9387', '0048965480', '1104021601070005', '1104020311040001', 1, 2, NULL, 60, 'ASIR ASIR ATAS', NULL, 'RAHMAT MAULANA', 19, NULL, NULL, NULL, 'NURUL BAITI', 19, NULL, NULL, NULL, NULL, '082370678383', '$2y$10$EhXOHiVUODDpVrFmCLe1MOEK9cZpOFWZJWsjrWwxDK6TLbQ1s8g2O', NULL, NULL, 1, 6, 1653105029, 1653105029, 0),
(304, 'beruindah9232@man.com', 'BERU INDAH', 2, 5, 'P', 'LELABU', '2005-08-24', '9232', '0059052883', '1104032006110005', '1104036408050001', 2, 3, NULL, 56, 'LELABU', NULL, 'YUSRA', 7, NULL, NULL, NULL, 'SURYATI', 7, NULL, NULL, NULL, NULL, '085206812396', '$2y$10$smPCrQi5Gf6OecZukU6a/OXFhcHqwmg9frPhSQ/5Kwg0xXcTjDipS', NULL, NULL, 1, 6, 1653105029, 1653105029, 0),
(305, 'khairultaqwa9278@man.com', 'KHAIRUL TAQWA', 2, 5, 'L', 'BEBESEN', '2004-10-12', '9278', '0047602735', '1104070504060104', '1104070706030001', 2, 2, NULL, 56, 'MONGAL', NULL, 'HELMI', 8, NULL, NULL, NULL, 'MAWADDAH', 8, NULL, NULL, NULL, NULL, '085277688167', '$2y$10$fjumf9C5NvQzqkfKxVo29.6R/yCC/geR5qzvulXRnkZjow9KxDC3y', NULL, NULL, 1, 6, 1653105029, 1653105029, 0),
(306, 'lularahmadanizulda9282@man.com', 'LULA RAHMADANI ZULDA', 2, 5, 'P', 'TAKENGON', '2005-10-22', '9282', '0057151000', '1104031303090002', '1104036210050002', 2, 3, NULL, 56, 'MONGAL', NULL, 'HAIZUL EFENDI', 9, NULL, NULL, NULL, 'AIDA FITRI', 9, NULL, NULL, NULL, NULL, '085296095704', '$2y$10$OLFceIJoMxOfUO47P3lrV.dNJQ8PBKvF3yM7I9PFrRfjWkrz7x0dm', NULL, NULL, 1, 6, 1653105029, 1653105029, 0),
(307, 'rahmatan9332@man.com', 'RAHMATAN', 2, 5, 'L', 'PAYA TUMPI', '2005-03-25', '9332', '0057796820', '1104113105060028', '1104112503050001', 1, NULL, NULL, 56, 'PAYA TUMPI BARU', NULL, 'MUSAHADI', 10, NULL, NULL, NULL, 'SISWAJARNI', 10, NULL, NULL, NULL, NULL, '082370686468', '$2y$10$uz.jaLaXUNWePzbiRInkHOowlEoJFITe0RNJxNVO8w3GEuu3l4yx2', NULL, NULL, 1, 6, 1653105030, 1653105030, 0),
(308, 'sariani9367@man.com', 'SARIANI', 2, 5, 'P', 'PINANGAN', '2005-04-26', '9367', '0052056978', '1104110905060031', '1104116604050001', 2, 1, NULL, 56, 'PINANGAN', NULL, 'MULYADI', 11, NULL, NULL, NULL, 'RUHAIDAH', 11, NULL, NULL, NULL, NULL, '085296816002', '$2y$10$OtONBeNf4pOmZANENfEnhO7Ds5pYv7VWM8bNqp9c17OaHaAVqOhCm', NULL, NULL, 1, 6, 1653105030, 1653105030, 0),
(309, 'intannovitasari9270@man.com', 'INTAN NOVITA SARI', 2, 5, 'P', 'ACEH TENGAH', '2005-05-23', '9270', '0051293021', '1104121111110002', '1104096305050001', 1, 3, NULL, 43, 'PANTAN SILE', NULL, 'MUHTASOR', 6, NULL, NULL, NULL, 'DARMILAH', 6, NULL, NULL, NULL, NULL, '085370323325', '$2y$10$GNFXrlpEFKou1SfNf32z0ObU9AO984JI.wtFvBjYppG5DuVeNqMN2', NULL, NULL, 1, 6, 1653105030, 1653105030, 0),
(310, 'khairulbasri9277@man.com', 'KHAIRUL BASRI', 2, 5, 'L', 'LUKUP SABUN', '2004-12-01', '9277', '0044131398', '11041205010090002', '1104120112040001', 8, 8, 'YATIM', 43, 'LUKUP SABUN', NULL, 'SOFYAN KELANA (ALM)', 7, NULL, NULL, NULL, 'HADIMAH', 7, NULL, NULL, NULL, NULL, '085262380120', '$2y$10$uePpvjVu3bM/4jSNBhuquOgbG4KyOVDv48IMPfgDfEjX/RTSuvKHu', NULL, NULL, 1, 6, 1653105030, 1653105030, 0),
(311, 'zharifahmahlida9398@man.com', 'ZHARIFAH MAHLIDA', 2, 5, 'P', 'TAKENGON', '2005-08-10', '9398', '0053853268', '1104030403090002', '1104035008050002', 1, 3, NULL, 28, 'LEMAH BURBANA', NULL, 'MAHLANSYAH, ST', 20, NULL, NULL, NULL, 'MAULIDA', 20, NULL, NULL, NULL, NULL, '085275020743', '$2y$10$U6Uzcl51QgSRBcL5CT/3L.Vl2n34w8sqG7MyyChvurpYiO0BC2yHO', NULL, NULL, 1, 6, 1653105030, 1653105030, 0),
(312, 'haspilafitri9262@man.com', 'HASPILA FITRI', 2, 5, 'P', 'ACEH TENGAH', '2005-10-31', '9262', '0055922939', '1104090604090003', '1104097110050001', 2, 4, NULL, 19, 'WEH NAREH', NULL, 'IRWANDI', 23, NULL, NULL, NULL, 'RUKANAH', 23, NULL, NULL, NULL, NULL, '082365257086', '$2y$10$SWDptTwb5G5NJN/1mZoD/ODVtxEbEmWUrKTT/nuNPzk1Cnt55e/qW', NULL, NULL, 1, 6, 1653105030, 1653105030, 0),
(313, 'rajagilang9336@man.com', 'RAJA GILANG', 2, 6, 'L', 'TAKENGON', '2005-01-31', '9336', '0041403299', '1104112307080001', '1104033101050003', 5, 11, 'YATIM', 50, 'KALA LENGKIYO', NULL, 'ARMOZA (ALM)', 7, NULL, NULL, NULL, 'ELYZA SARTIKA DEWI', 7, NULL, NULL, NULL, NULL, NULL, '$2y$10$OdHF3uvwe46Gd2tAWPQioushh9Fs0L.QEfQsFZC2qaPfuq4oB30S2', NULL, NULL, 1, 6, 1653105030, 1653105030, 0),
(314, 'saidnibrasalhabsyi9364@man.com', 'SAID NIBRAS ALHABSYI', 2, 6, 'L', 'TAKENGON', '2005-05-31', '9364', '0052031756', '1104173105060019', '1104173105050003', 2, 3, NULL, 56, 'BLANG MERSAH II', NULL, 'SAID ABDURRAHMAN', 13, NULL, NULL, NULL, 'NURAINI', 13, NULL, NULL, NULL, NULL, '082370566493', '$2y$10$P2TryMcM/N.DfO39K3KrAex1t8oN4HtDK6gC0OK2VjxFVoJGMkf1W', NULL, NULL, 1, 6, 1653105030, 1653105030, 0),
(315, 'ariyandicibro9225@man.com', 'ARI YANDI CIBRO', 2, 6, 'L', 'ACEH TENGAH', '2005-09-06', '9225', '3051915877', '1104020506060045', '1104020609050002', 3, 4, NULL, 70, 'BURNI BIUS BARU', NULL, 'ABD LATIF', 3, NULL, NULL, NULL, 'JUNIAR', 3, NULL, NULL, NULL, NULL, '085261430018', '$2y$10$bc7qxUKH7utdQrXC4o1TseS5gJLpDQC3vdEbKcQFHN7fsnHnIB2p6', NULL, NULL, 1, 6, 1653105030, 1653105030, 0),
(316, 'rahmitafitri9333@man.com', 'RAHMITA FITRI', 2, 6, 'P', 'ACEH TENGAH', '2005-08-17', '9333', '0056344143', '1104012903060008', '1104015708050002', 1, NULL, NULL, 86, 'LINGE', NULL, 'SULAIMAN', 11, NULL, NULL, NULL, 'BABUYAH', 11, NULL, NULL, NULL, NULL, '082370517428', '$2y$10$EbA5rqu6wNQylHMGU7jbT.lYPaNHKaKVNEERki6RN9z2G1f1LWtZ6', NULL, NULL, 1, 6, 1653105030, 1653105030, 0),
(317, 'renisimahbengi9346@man.com', 'RENI SIMAHBENGI', 2, 6, 'P', 'TAKENGON', '2004-05-16', '9346', '0042065268', '1117042007180001', '1104055505040001', 1, 3, NULL, 86, 'SIMPANG TERITIT', NULL, 'SAIFULLAH', 12, NULL, NULL, NULL, 'SITI SARAH', 12, NULL, NULL, NULL, NULL, '085275515082', '$2y$10$/OQ6hqbQJZXgzwrxHEYPVugDMn0suzYhakd57ETuKE/dC5y5R.BE6', NULL, NULL, 1, 6, 1653105030, 1653105030, 0),
(318, 'rasikadewis9341@man.com', 'RASIKA DEWI S', 2, 6, 'P', 'RUSIP ANTARA', '2004-12-14', '9341', '0045677112', '1104052406060167', '1104055412040001', 2, 1, NULL, 73, 'PANTAN TENGAH', NULL, 'SURIA DARMA', 16, NULL, NULL, NULL, 'SALIYEM', 16, NULL, NULL, NULL, NULL, '082277907981', '$2y$10$.dxYy8.XJ1kqeElLr96W.eeUxbc0JMgj3q6N17q59qGd7ZzjzogB.', NULL, NULL, 1, 6, 1653105030, 1653105030, 0),
(319, 'putra9328@man.com', 'PUTRA', 2, 6, 'L', 'RAWE', '2004-08-17', '9328', '0045205861', '1104171702110002', '1104171708040001', 6, 5, NULL, 7, 'RAWE', NULL, 'SAHIBUL', 18, NULL, NULL, NULL, 'RAHMIATI', 18, NULL, NULL, NULL, NULL, '082361187280', '$2y$10$I69eoUZpZ5ueEpKYqMLOoOJzsWRu5cT1M/OfrvMh4qFDY0.ZHPjq.', NULL, NULL, 1, 6, 1653105030, 1653105030, 0),
(320, 'aisyfahrozi9210@man.com', 'AISY FAHROZI', 2, 6, 'L', 'ACEH TENGAH', '2005-07-25', '9210', '0052115219', '1104031206730002', '1104032507050001', 1, NULL, 'PIATU', 64, 'BLANG KOLAK II', NULL, 'ERWIN ISMAIL', 11, NULL, NULL, NULL, 'YULINA EKA FITRI (ALM)', 11, NULL, NULL, NULL, NULL, '082367823537', '$2y$10$s0fkKlcYYIRRJ0DmNeFsr.85w0tvS8KD59vPGZLR/Ru2hTOlDLLJy', NULL, NULL, 1, 6, 1653105030, 1653105030, 0),
(321, 'aisyahnurulrizky9211@man.com', 'AISYAH NURUL RIZKY', 2, 6, 'P', 'SIMPANG KELAPING', '2005-08-26', '9211', '0051587529', '1104072408190003', '1104076608050001', 6, 6, NULL, 64, 'SIMPANG KELAPING', NULL, 'ZULKIFLI', 12, NULL, NULL, NULL, 'JURAIDAH', 12, NULL, NULL, NULL, NULL, '085260130646', '$2y$10$EaYStWy/JTtIbVYLZ.yL2uBY/3qSUPporcfwYdpArvJ/Y2sH.rrJu', NULL, NULL, 1, 6, 1653105030, 1653105030, 0),
(322, 'aryana9226@man.com', 'ARYANA', 2, 6, 'P', 'BEBESEN', '2005-05-14', '9226', '0053121638', '1104030411110001', '1104035405050001', 1, 3, NULL, 64, 'BEBESEN', NULL, 'ARWINSYAH PUTRA', 13, NULL, NULL, NULL, 'YANTI', 13, NULL, NULL, NULL, NULL, '081375439361', '$2y$10$/AP0Su8ERGzD1CFP5KDFK.dqQM.P7H9b3bw/duZZ.7x0gdO7EpatW', NULL, NULL, 1, 6, 1653105030, 1653105030, 0),
(323, 'awalludinnovriandim9229@man.com', 'AWALLUDIN NOVRIANDI M', 2, 6, 'L', 'ACEH TENGAH', '2005-11-23', '9229', '0053530925', '1104171604190001', '1104172311050001', 4, 3, 'YATIM', 64, 'KUTENI REJE', NULL, 'AGUS RELAWANDI', 14, NULL, NULL, NULL, 'SUMARNI', 14, NULL, NULL, NULL, NULL, '082366318375', '$2y$10$qQf4sAqZb/0Hvo9habyGieIfyUXJ.trL/xuDjmeKGamMbzGV9wIiO', NULL, NULL, 1, 6, 1653105030, 1653105030, 0),
(324, 'diana9238@man.com', 'DIANA', 2, 6, 'P', 'TAKENGON', '2005-08-07', '9238', '0055900488', '1104022206060077', '1104024708050001', 1, 3, NULL, 64, 'WIH PESAM', NULL, 'RADIANSYAH', 15, NULL, NULL, NULL, 'SARI MULYANI', 15, NULL, NULL, NULL, NULL, '082252979379', '$2y$10$wHrHPmEszb8z9tBMFIVDee6L95Rb6s0LS.YirbPJh3Jzo0mlOKb.K', NULL, NULL, 1, 6, 1653105030, 1653105030, 0),
(325, 'ghufranabal9255@man.com', 'GHUFRAN ABAL', 2, 6, 'L', 'ASIRASIR', '2005-07-28', '9255', '0052422978', '1104072512110001', '1104172807050001', 2, 3, NULL, 64, 'WEH NAREH', NULL, 'ABDULLAH ALI, SE', 16, NULL, NULL, NULL, 'ARMINA', 16, NULL, NULL, NULL, NULL, '085261284343', '$2y$10$uJOYv0A3hnB6FcBX5QsJhOi9tihEUAcI31OwZzLhU5lVZXkLV7Y1m', NULL, NULL, 1, 6, 1653105030, 1653105030, 0),
(326, 'ilhamelsandi9267@man.com', 'ILHAM ELSANDI', 2, 6, 'L', 'TAKENGON', '2005-10-17', '9267', '0053217467', '1104032106100004', '1104031710050003', 1, 2, NULL, 64, 'DUSUN TERMINAL', NULL, 'M SABRI', 17, NULL, NULL, NULL, 'ELVI RAMADHANI, S. Pd ', 17, NULL, NULL, NULL, NULL, '085260014088', '$2y$10$9tD1X.eFC5vxRse35or7qeGaQwRDLZBUKYsDiAZrwRYqXhXJBi9um', NULL, NULL, 1, 6, 1653105030, 1653105030, 0),
(327, 'indahwahyuni9268@man.com', 'INDAH WAHYUNI', 2, 6, 'P', 'LELABU', '2005-06-30', '9268', '0052131075', '1104032101053415', '1104037006050001', 2, 1, NULL, 64, 'LELABU', NULL, 'HAMDAN', 18, NULL, NULL, NULL, 'SULASTRI', 18, NULL, NULL, NULL, NULL, '082277934434', '$2y$10$ROi1Y.XMuzqzDjjtdbiztOAvwXpgmoQtyxW3VJ7ZCG2GE5RpZ0LKK', NULL, NULL, 1, 6, 1653105030, 1653105030, 0),
(328, 'inesalvanirenggali9269@man.com', 'INE SALVANI RENGGALI ', 2, 6, 'P', 'TAKENGON', '2005-09-03', '9269', '0059815263', '1104172602080009', '1104174309050001', NULL, NULL, NULL, 64, 'ASIRASIR ATAS', NULL, 'SALMAN YOGA S', 19, NULL, NULL, NULL, 'LUSSI SETIAWATI', 19, NULL, NULL, NULL, NULL, '082388521806', '$2y$10$eNahNq.fIwWw5yPEQWCaQ.S62fI/ewB9yvcfpRh9F1J4YK1bX4OQq', NULL, NULL, 1, 6, 1653105030, 1653105030, 0),
(329, 'khairunfirdaus9280@man.com', 'KHAIRUN FIRDAUS', 2, 6, 'L', 'KELITU', '2005-04-28', '9280', '0059447190', '1104113006150001', '110408280450001', 3, 2, 'YATIM', 64, 'KELITU', NULL, 'SAFWAN BUKIT (ALM)', 20, NULL, NULL, NULL, 'HADENI', 20, NULL, NULL, NULL, NULL, NULL, '$2y$10$7lh/hEK.nj.svsurddtA/OXnZOi7faREUFR0fiX5xtMnUUadwe3j2', NULL, NULL, 1, 6, 1653105031, 1653105031, 0),
(330, 'najwasalsabilalaili9316@man.com', 'NAJWA SALSABILA LAILI', 2, 6, 'P', 'TAKENGON', '2005-07-23', '9316', '0058343880', '1104080506060032', '1104086307050001', 2, 1, NULL, 64, 'PINANGAN', NULL, 'IHSANUDDIN, S.Ag', 21, NULL, NULL, NULL, 'PADILLAH, Amd. Keb', 21, NULL, NULL, NULL, NULL, '081375287010', '$2y$10$ZqxDdlS4APv2mIMy2yxNL.UMSfKoKWMmCxGid2UXW3OQXUA1kdQhi', NULL, NULL, 1, 6, 1653105031, 1653105031, 0),
(331, 'novyasalisca9320@man.com', 'NOVYA SALISCA', 2, 6, 'P', 'ACEH TENGAH', '2005-11-15', '9320', '0053605542', '1104030207060071', '1104035511050002', 2, 2, NULL, 64, 'MONGAL', NULL, 'JIRWAN', 22, NULL, NULL, NULL, 'FITRAINI', 22, NULL, NULL, NULL, NULL, '', '$2y$10$CwvqahrMOcww/Xy3a7vkCujhrdBfcolKeBPXi1v.GxekQPf7ETyvO', NULL, NULL, 1, 6, 1653105031, 1653105031, 0),
(332, 'renomihaldiko9348@man.com', 'RENO MIHALDIKO', 2, 6, 'L', 'TAKENGON', '2005-01-06', '9348', '3059536560', '1104032105060015', '1104030601050003', 3, 4, NULL, 64, 'MJM', NULL, 'SUDIRMAN', 23, NULL, NULL, NULL, 'RISMAWATI', 23, NULL, NULL, NULL, NULL, '085262264819', '$2y$10$yP8.mMQ6EZ9k/avkezuEve1ipesGaVznq6PqksqcadvtAPAVfjKXe', NULL, NULL, 1, 6, 1653105031, 1653105031, 0),
(333, 'rimasimehate9351@man.com', 'RIMA SIMEHATE', 2, 6, 'P', 'TAKENGON', '2005-09-19', '9351', '0052515523', '1104032101051093', '1104035309050002', 2, 3, NULL, 64, 'TAN SARIL', NULL, 'ZUHRI', 24, NULL, NULL, NULL, 'MAULIDA', 24, NULL, NULL, NULL, NULL, '085296093494', '$2y$10$k76m4nU2ic10eBh1qzt9bOEql8Zm5y/W/oF/Soxwg2Z7T6e5vsF3i', NULL, NULL, 1, 6, 1653105031, 1653105031, 0),
(334, 'rizqiiwanfajri9357@man.com', 'RIZQI IWAN FAJRI', 2, 6, 'L', 'TETUNYUNG', '2005-09-02', '9357', '0058033272', '1104011204060018', '1104010209050001', 1, 1, NULL, 64, 'KEBET', NULL, 'JASKA PUTRA, S. Pd', 1, NULL, NULL, NULL, 'JUFRATUL KIFTIAN, S. Ag', 1, NULL, NULL, NULL, NULL, '081370259746', '$2y$10$1PFcXfVp68D4kFlXW44yUeyWzADhFcQcaW5qzaUZcyDeuEbHzv6Sy', NULL, NULL, 1, 6, 1653105031, 1653105031, 0),
(335, 'silfaniazrimaisa9371@man.com', 'SILFANI AZRI MAISA', 2, 6, 'P', 'TAKENGON', '2005-07-15', '9371', '0052115215', '1104171001070009', '1104175507050004', 3, 2, NULL, 64, 'MERAH MERSA', NULL, 'KASMADI, S. Pd.I', 2, NULL, NULL, NULL, 'HALIMATUSSA\'DIAH', 2, NULL, NULL, NULL, NULL, '082253682225', '$2y$10$1hw1nREaQyDFtdoB1NIeHOIAtdkvixXwlmjTjt910k/Cf5rT2bBCa', NULL, NULL, 1, 6, 1653105031, 1653105031, 0),
(336, 'silfinaazrimaisa9372@man.com', 'SILFINA AZRI MAISA', 2, 6, 'P', 'TAKENGON', '2005-07-15', '9372', '0052115216', '1104171001070009', '1104175507050000', 2, 2, NULL, 64, 'MERAH MERSA', NULL, 'KASMADI, S. Pd.I', 3, NULL, NULL, NULL, 'HALIMATUSSA\'DIAH', 3, NULL, NULL, NULL, NULL, '085260600725', '$2y$10$NbkXZ9X.TWsqVwOxczJiY.IKiMZkqeDJOosmELkDJ14oBUjOYUPTe', NULL, NULL, 1, 6, 1653105031, 1653105031, 0),
(337, 'dinamaulidya9240@man.com', 'DINA MAULIDYA', 2, 6, 'P', 'SIGLI', '2005-05-12', '9240', '0051503799', '1107160702110004', '1107165205050006', 1, 3, NULL, 63, 'BLANG KOLAK I', NULL, 'MAIDI', 18, NULL, NULL, NULL, 'ASIHA', 18, NULL, NULL, NULL, NULL, '085260932971', '$2y$10$aujGTxDZUHbwTzqptU29feT4ntBVg3VKiqw.JNEzivrhUzil0Y0Am', NULL, NULL, 1, 6, 1653105031, 1653105031, 0),
(338, 'angguncytrarozha9222@man.com', 'ANGGUN CYTRA ROZHA', 2, 6, 'P', 'SIMPANG EMPAT', '2006-07-27', '9222', '0065722346', '1117021712120004', '1104036707060003', 7, 6, NULL, 61, 'SIMPANG EMPAT', NULL, 'DAHLAN', 9, NULL, NULL, NULL, 'MAI SYARAH', 9, NULL, NULL, NULL, NULL, '085270242654', '$2y$10$XlqJzU9pXcExQNpO2j.4wezv5xufBZBsuP3CVJMAHtDMb5h/MSw.u', NULL, NULL, 1, 6, 1653105031, 1653105031, 0),
(339, 'iswandimabrur9272@man.com', 'ISWANDI MABRUR', 2, 6, 'L', 'ACEH TENGAH', '2005-12-18', '9272', '0056803440', '1104171204060008', '1104171812050001', 3, 2, NULL, 61, 'JLN GENENSA BARU', NULL, 'ABDULLAH', 10, NULL, NULL, NULL, 'RINA MALAWANI', 10, NULL, NULL, NULL, NULL, '085360705367', '$2y$10$oKoRVSshAOmng0QZSwAMmuSZ.7RIrWMVp9pbs6H90fKCPJNfGMrhS', NULL, NULL, 1, 6, 1653105031, 1653105031, 0),
(340, 'muliadibahtra9304@man.com', 'MULIADI BAHTRA', 2, 6, 'L', 'PENARUN', '2004-09-19', '9304', '0045961009', '1104011902080060', '110411909040001', 1, 2, NULL, 61, 'NUNAG ANTARA', NULL, 'ZAINAL ABIDIN', 11, NULL, NULL, NULL, 'FITRIANI', 11, NULL, NULL, NULL, NULL, '085296826197', '$2y$10$gC0X.NKqigtJyXXgWEaCYukwz08yVhAZPDj.9kFBaXi1L8DBPBv8K', NULL, NULL, 1, 6, 1653105031, 1653105031, 0),
(341, 'rayyanasyifayulanda9343@man.com', 'RAYYANA SYIFA YULANDA', 2, 6, 'P', 'PALEMBANG', '2005-06-17', '9343', '0052192206', '1104032208130007', '1671075706050002', 2, 3, NULL, 60, 'KEMILI', NULL, 'SAHLAN', 20, NULL, NULL, NULL, 'YURNI', 20, NULL, NULL, NULL, NULL, '085261935969', '$2y$10$mTs1HHlXevnOauCJ06fIw.z6QNAl/ykpRQdb/XibUQQmiSBVH7Tyq', NULL, NULL, 1, 6, 1653105031, 1653105031, 0),
(342, 'ahirasaqban9208@man.com', 'AHIRA SAQBAN', 2, 6, 'P', 'TAKENGON', '2005-09-29', '9208', '0052898506', '1104012101052260', '1104016909050001', 4, 3, NULL, 6, 'KUTE BARU KEC LINGE', NULL, 'RAHMATSYAH', 1, NULL, NULL, NULL, 'ZUBAIDAH', 1, NULL, NULL, NULL, NULL, '082366187361', '$2y$10$mOnMfPQvUYndr3SwEI4mKOBDNoVLuN1J./AcBqdAbseBUXiEUSEQG', NULL, NULL, 1, 6, 1653105031, 1653105031, 0),
(343, 'hamdanfauzi9261@man.com', 'HAMDAN FAUZI', 2, 6, 'L', 'ISAQ', '2004-04-04', '9261', '0046067660', '1104012204060016', '1104010404040001', 4, 4, NULL, 6, 'PENDERE', NULL, 'RUSLI', 2, NULL, NULL, NULL, 'SALAWATI', 2, NULL, NULL, NULL, NULL, NULL, '$2y$10$mFDForLnys18Wi.LayCaQ.8V4UIIqCViOECCAQz5GPj.Atnzv4zOa', NULL, NULL, 1, 6, 1653105031, 1653105031, 0),
(344, 'sindiainasiska9373@man.com', 'SINDI AINA SISKA', 2, 6, 'P', 'ACEH TENGAH', '2006-01-20', '9373', '0060115212', '11040121101052895', '1104016001060001', 2, 3, NULL, 6, 'GELAMPANG GADING', NULL, 'SUKATNO', 3, NULL, NULL, NULL, 'BONIAH', 3, NULL, NULL, NULL, NULL, '085345990457', '$2y$10$ACVx1VIFWCZa4UgHGWucW.glLyBV.606u9eikfiexUEfxv4cD.TTG', NULL, NULL, 1, 6, 1653105031, 1653105031, 0),
(345, 'agihilham9206@man.com', 'AGIH ILHAM', 2, 6, 'L', 'BEBESEN', '2005-05-21', '9206', '0054988784', '1104032604060036', '1104032105050001', 5, 4, NULL, 56, 'BEBESEN', NULL, 'ZULKARNAEN', 12, NULL, NULL, NULL, 'SRI BUNGE', 12, NULL, NULL, NULL, NULL, '082276635176', '$2y$10$SCDh35JPiVmthXEV0pdSAeTn8LVEdWxEMtf5j3W4jNzoBCl4RYBW.', NULL, NULL, 1, 6, 1653105031, 1653105031, 0),
(346, 'ihwanhafis9266@man.com', 'IHWAN HAFIS', 2, 6, 'L', 'SIMPANG EMPAT', '2005-08-04', '9266', '0051064112', '1104032505060010', '1104030408050001', 1, 1, NULL, 56, 'SIMPANG EMPAT', NULL, 'IRWAN SYAH', 13, NULL, NULL, NULL, 'MEGA WATI', 13, NULL, NULL, NULL, NULL, '082272705545', '$2y$10$8el2Sj9IJgqj0U2tLDG22utYBkwfW/VkxWxdp.ir.tcFprye0UZcS', NULL, NULL, 1, 6, 1653105031, 1653105031, 0),
(347, 'ryckyrahman9360@man.com', 'RYCKY RAHMAN', 2, 6, 'L', 'TAKENGON', '2005-06-29', '9360', '0056176692', '1104111411110001', '110412021195001', 1, 3, NULL, 56, 'PINANGAN', NULL, 'SUKRI', 14, NULL, NULL, NULL, 'YULI SUGIARTI', 14, NULL, NULL, NULL, NULL, '082276864047', '$2y$10$2LTS0vq79K48/ssWjL.fLuWnWlJ8tcOo4jgW/684gmW8w6VW.HvX2', NULL, NULL, 1, 6, 1653105031, 1653105031, 0),
(348, 'sahriramadhan9363@man.com', 'SAHRI RAMADHAN', 2, 6, 'L', 'ACEH TENGAH', '2005-10-16', '9363', '0061475858', '1104031508090001', NULL, 1, 3, NULL, 56, 'MONGAL', NULL, 'ASRI, S. Pd', 15, NULL, NULL, NULL, 'MAI SARAH, S. Pd', 15, NULL, NULL, NULL, NULL, NULL, '$2y$10$V8Dc5f56KSXoBszATbwEsez6taupbzGu2ce7xXbe5AtZabdon0Itq', NULL, NULL, 1, 6, 1653105031, 1653105031, 0),
(349, 'syahrifitra9378@man.com', 'SYAHRI FITRA', 2, 6, 'L', 'PAYA REJE', '2004-10-12', '9378', '0049644096', '1104112409110006', '1117021210040001', 2, 1, NULL, 56, 'PAYA REJE', NULL, 'RAMLAN', 16, NULL, NULL, NULL, 'HAIRANI', 16, NULL, NULL, NULL, NULL, '082362150466', '$2y$10$qIPQ6.uDgtkIU9KfSFkV8eRlZblfAsGMycWb73E90uZ2cspCrF0XS', NULL, NULL, 1, 6, 1653105031, 1653105031, 0),
(350, 'yogimarlian9390@man.com', 'YOGI MARLIAN', 2, 6, 'L', 'RONGARONGA', '2005-03-18', '9390', '0052055973', '1104111902080009', '1104111803050001', 2, 3, NULL, 56, 'PINANGAN', NULL, 'SARFIANDI', 17, NULL, NULL, NULL, 'MARLINA', 17, NULL, NULL, NULL, NULL, '085289544500', '$2y$10$0v5gddIkbYgWLOcQ1SEgHuUTZ3kTOGOVnH9av8yFOeYrJ5n68XBX2', NULL, NULL, 1, 6, 1653105032, 1653105032, 0),
(351, 'yusriramadhan9394@man.com', 'YUSRI RAMADHAN', 2, 6, 'L', 'ACEH TENGAH', '2005-10-25', '9394', '0054508934', '1104102505060028', '1104102510050001', 4, 3, NULL, 49, 'BEBESEN', NULL, 'PARJINO', 21, NULL, NULL, NULL, 'SUARNI', 21, NULL, NULL, NULL, NULL, '085289544500', '$2y$10$MshHlneNMASLFiYac.1suuwpnW2jCgJXcksN8gUfcaT.qUXHaLtii', NULL, NULL, 1, 6, 1653105032, 1653105032, 0),
(352, 'alpiandiramadhan9217@man.com', 'ALPIANDI RAMADHAN', 2, 6, 'L', 'ACEH TENGAH', '2005-10-12', '9217', '0059556957', '1104102402080066', '1104101210050001', 1, 2, NULL, 47, 'KEKUYANG', NULL, 'BAKRI SADIKIN', 23, NULL, NULL, NULL, 'RITA ASMARA', 23, NULL, NULL, NULL, NULL, '085276739120', '$2y$10$xD.4ywuEVXKhrCmh5YJjxO/Rt3sUOdw5qKWkOxgI0xMlcn6yhF9Qi', NULL, NULL, 1, 6, 1653105032, 1653105032, 0),
(353, 'muhammadsubki9299@man.com', 'MUHAMMAD SUBKI', 2, 6, 'L', 'TAWAR MIKO', '2005-09-06', '9299', '0052153543', '1104120507060097', '1104120609050001', 3, 3, NULL, 43, 'TAWAR MIKO', NULL, 'IBNU SA\'DAN', 8, NULL, NULL, NULL, 'RUSWATI', 8, NULL, NULL, NULL, NULL, '085275806636', '$2y$10$V3nU3bbCMFXrMecDQ4KpPOXAw86qdgaJV7SReQ1ulliSarZg0W8T6', NULL, NULL, 1, 6, 1653105032, 1653105032, 0),
(354, 'sanianabila9365@man.com', 'SANIA NABILA', 2, 6, 'P', 'KUTE LINTANG', '2005-07-25', '9365', '0059718696', '1104122212170001', '1117036501050002', 2, 2, NULL, 43, 'LUKUP SABUN', NULL, 'ZOHAR ALAMSYAH', 9, NULL, NULL, NULL, 'KHADIJAH', 9, NULL, NULL, NULL, NULL, '085260651583', '$2y$10$nEimnOcJJMpdBCC8bONIVOz.IQN8IyS0F2jNGpezc.IOPQgUYpYM6', NULL, NULL, 1, 6, 1653105032, 1653105032, 0),
(355, 'rahmadalena9330@man.com', 'RAHMADALENA', 2, 6, 'P', 'PANTAN NANGKA', '2005-10-08', '9330', '0056076516', '1104011004130001', '1104094610050001', 1, 2, NULL, 4, 'PANTAN NAGKA', NULL, NULL, 18, NULL, NULL, NULL, 'SALMIKA', 18, NULL, NULL, NULL, NULL, '082273889440', '$2y$10$yzT/NgXsb3V.Btrp1iBT.OsEeJb50gwr8e6ySVdUmqf1EwWq4q2rG', NULL, NULL, 1, 6, 1653105032, 1653105032, 0),
(356, 'fanilidiafutri9249@man.com', 'FANI LIDIA FUTRI', 2, 6, 'P', 'ISAQ BUSUR', '2005-01-15', '9249', '0055376401', '1104022410160001', '1117035501050002', 2, 1, NULL, 39, 'ARUL KUMER BARAT', NULL, 'ZULKIFLI AD PUTRA', 3, NULL, NULL, NULL, 'KHAIRANI', 3, NULL, NULL, NULL, NULL, '085361113812', '$2y$10$ouL/0L8OhqAkS9zaE6xi0.lwTZXSQUcDS80kibWHTAns21PNFvxna', NULL, NULL, 1, 6, 1653105032, 1653105032, 0),
(357, 'rizahidayah9353@man.com', 'RIZA HIDAYAH', 2, 6, 'L', 'WIHNI BAKONG', '2004-09-08', '9353', '0045699794', '1104022802080089', '1104020809040002', NULL, NULL, NULL, 35, 'WIH SAGI INDAH', NULL, 'BINA MURGA', 7, NULL, NULL, NULL, 'ASIAH', 7, NULL, NULL, NULL, NULL, '085260679516', '$2y$10$XP6mdATjmInPpPc/yTVHvO2Hc3tQMceIAy8j.oglsiRadey6uGg1a', NULL, NULL, 1, 6, 1653105032, 1653105032, 0),
(358, 'ihsansimahbengi9265@man.com', 'IHSAN SIMAH BENGI', 2, 6, 'L', 'BEBESEN', '2005-02-13', '9265', '0058374120', '1104032101052838', '1104031302050002', 2, 2, NULL, 28, 'EMPUS TALU', NULL, 'DRS. SALIM', 21, NULL, NULL, NULL, 'KASMINI', 21, NULL, NULL, NULL, NULL, '082321626401', '$2y$10$D4rx0VLelzTABOkY/2110e/JMkQPZlNuonsPUGmiRbsvoAtHjzhLW', NULL, NULL, 1, 6, 1653105032, 1653105032, 0),
(359, 'raihanaamni9335@man.com', 'RAIHANA AMNI', 2, 6, 'P', 'TAKENGON', '2005-08-17', '9335', '0052016476', '1104032305060038', '1104035708050004', 3, 3, NULL, 24, 'REJE BUKIT', NULL, 'ALMAHDI', 24, NULL, NULL, NULL, 'KAMALIA', 24, NULL, NULL, NULL, NULL, '082364047489', '$2y$10$o0UCcKjiR4tAaNSdYVfZR.bvNR.AYWvU6tzg4WXPeKhxbkuHF1vj.', NULL, NULL, 1, 6, 1653105032, 1653105032, 0),
(360, 'm.riskiaditia9284@man.com', 'M.RISKI ADITIA', 2, 6, 'L', 'TAKENGON', '2005-05-26', '9284', '0054297323', '1104729100190002', '1106072605050009', 2, 3, NULL, 19, 'BLANG BEBANGKA', NULL, 'MUSLIADI', 24, NULL, NULL, NULL, 'IKA SURYANI', 24, NULL, NULL, NULL, NULL, '082276574575', '$2y$10$c37GyBrTLqir5d/MqS9NDeg.E57BOiCxvlJWkjxDszMDao6yOepd.', NULL, NULL, 1, 6, 1653105032, 1653105032, 0),
(361, 'rizkyanovaldi9356@man.com', 'RIZKYA NOVALDI', 2, 6, 'L', 'TAKENGON', '2005-11-14', '9356', '0057593066', '1104071103110002', '1104071411050003', 2, 2, NULL, 19, 'KAYU KUL', NULL, 'SERIDANARTO', 1, NULL, NULL, NULL, 'FARIDAH', 1, NULL, NULL, NULL, NULL, '082366925577', '$2y$10$Q0fJ0opgnTyEO0N/3tBv.Oy/C4FsKuXNedYvuj5Vh8o895JZsplHe', NULL, NULL, 1, 6, 1653105032, 1653105032, 0),
(362, 'semalisyukran9370@man.com', 'SEMALI SYUKRAN', 2, 6, 'L', 'PAYA JEGET', '2006-05-09', '9370', '0054933975', '1104070206060040', '1104070906060001', 3, 3, NULL, 19, 'PAYA JEGET', NULL, 'RIZA FALUFI', 2, NULL, NULL, NULL, 'SABANIAH', 2, NULL, NULL, NULL, NULL, '082276501401', '$2y$10$GImC7tioVQa0YxPiiub0K.xL6Nuvl0ZJbf5e0PGcCsXqLw8qhl7Cm', NULL, NULL, 1, 6, 1653105032, 1653105032, 0),
(363, 'syahrawidia9377@man.com', 'SYAHRA WIDIA', 2, 6, 'P', 'TAKENGON', '2004-09-26', '9377', '0047385626', '1104070806060121', '1104076609040002', 1, 1, NULL, 19, 'URING', NULL, 'SUJANG', 3, NULL, NULL, NULL, 'RUIYAH', 3, NULL, NULL, NULL, NULL, '085275263840', '$2y$10$BqVg39UfPPuz6MuyKpGEPOUaHVkQev/B./qaBqaoTQDB8o3abX.La', NULL, NULL, 1, 6, 1653105032, 1653105032, 0),
(364, 'iwanrezeki9273@man.com', 'IWAN REZEKI', 2, 6, 'L', 'KUTE LINTANG', '2005-01-08', '9273', '0056150266', '1104071006060118', '1104070901050001', 4, 3, NULL, 17, 'KUTE LINTANG', NULL, 'MUNADI', 9, NULL, NULL, NULL, 'KARTINI', 9, NULL, NULL, NULL, NULL, '081263221647', '$2y$10$3zzE62DfVoQrHr1P5/uUc.4nC0tfAffi6mSW3LrqxHlIjqzLs11Ki', NULL, NULL, 1, 6, 1653105032, 1653105032, 0),
(365, 'mizamilfadli9294@man.com', 'MIZAMIL FADLI', 2, 6, 'L', 'KELITU', '2005-06-21', '9294', '0054157807', '1104082901080029', NULL, 4, 3, NULL, 11, 'KELITU', NULL, 'TAQWA', 21, NULL, NULL, NULL, 'WAHYANA', 21, NULL, NULL, NULL, NULL, '082236605149', '$2y$10$0nqC2Q8dso5FDPEVPHy.uucUcCuLCMTdZrh6uvy3nYgP6Z3jejQk6', NULL, NULL, 1, 6, 1653105032, 1653105032, 0),
(366, 'junaidi9276@man.com', 'JUNAIDI', 2, 6, 'L', 'ACEH TENGAH', '2004-08-13', '9276', '0045678894', '1104131005060005', '1104131308040001', 5, 6, NULL, 204, 'UNING BERAWANG RAMUNG', NULL, 'SALDI', 4, NULL, NULL, NULL, 'SARIPAH', 4, NULL, NULL, NULL, NULL, '085277202424', '$2y$10$TsUgiukGKS.fC4c1yCOV5exOZEjbRT0HCh/nZAo5uKe/w4OGjYXee', NULL, NULL, 1, 6, 1653105032, 1653105032, 0),
(367, 'radiansyah9329@man.com', 'RADIANSYAH', 2, 6, 'L', 'ACEH TENGAH', '2005-07-12', '9329', '0041531900', '1104131005060021', '1104131207060001', 3, 2, NULL, 204, 'UNING BR RAMUNG', NULL, 'BAHARUDDIN', 5, NULL, NULL, NULL, 'SABARIYAH', 5, NULL, NULL, NULL, NULL, '082387497595', '$2y$10$P8gx7pdfRJhKRHfciV86MegMnpN7rvCquwQqMbtXxrx3d/Z0atRMa', NULL, NULL, 1, 6, 1653105032, 1653105032, 0),
(368, 'rifkisetiawan9349@man.com', 'RIFKI SETIAWAN', 2, 6, 'L', 'ARUL RELEM', '2005-06-20', '9349', '0059618149', '1104022902080002', '1104022006050002', 1, 2, NULL, 203, 'ARUL RELEM', NULL, 'GUNAWAN', 6, NULL, NULL, NULL, 'ZULAINI', 6, NULL, NULL, NULL, NULL, '085220211865', '$2y$10$r.M0xeFRWlQjN5Qr5yv/..Qi0sEZQLq5CydhNAVEqWGp5lLQqQfHS', NULL, NULL, 1, 6, 1653105032, 1653105032, 0),
(369, 'hafidzahafifaziz9401@man.com', 'HAFIDZA HAFIF AZIZ', 2, 6, 'L', 'TAKENGON', '2004-12-06', '9401', '0042662853', '1104112106070001', '1104110812040001', 1, 1, NULL, 202, 'GUNUNG BALOHEN', NULL, 'AZERI RAMOLA', 7, NULL, NULL, NULL, 'SIRMA LUSIARA', 7, NULL, NULL, NULL, NULL, '085314244410', '$2y$10$dJ9gqpsxZBOWvnUTBVIPGOOWUvnbhLWDPh0BmcY1ekkk9rJLZ6FqW', NULL, NULL, 1, 6, 1653105032, 1653105032, 0),
(370, 'wiwintermiko9388@man.com', 'WIWIN TERMIKO', 2, 6, 'L', 'TAKENGON', '2004-08-22', '9388', '0048451084', '1104170511140002', '1117072208040001', 5, 4, 'YATIM PIATU', 109, 'ASIRASIR ASIA', NULL, '(ALM) AGUNG RASIDI', 18, NULL, NULL, NULL, '(ALM) SASWATI', 18, NULL, NULL, NULL, NULL, '085260256263', '$2y$10$3h/QHYgQBNcp4xzAnbRc2OU8i5tCPkCvJhWKw19VnK97YwjgbaWV2', NULL, NULL, 1, 6, 1653105032, 1653105032, 0),
(371, 'helmifarida9411@man.com', 'HELMI FARIDA', 2, 6, 'P', 'ACEH TENGAH', '2005-09-05', '9411', '0052031445', '1104042905060036', '1104044509050001', 2, 2, NULL, 72, 'ATANG JUNGKET', NULL, 'MUGIONO', 22, NULL, NULL, NULL, 'RAIMAH', 22, NULL, NULL, NULL, NULL, NULL, '$2y$10$OZIqpWLrly58olIRZg.vzOUvqf2HQs44oi95/wIixzwE4CRu00KdC', NULL, NULL, 1, 6, 1653105032, 1653105032, 0),
(372, 'ruhdini9358@man.com', 'RUHDINI', 2, 6, 'P', 'ACEH TENGAH', '2004-12-29', '9358', '0045753241', '1104031508120003', '1104076912040001', 2, 2, NULL, 64, 'SADONG JURU MUDI', NULL, 'ASILUDDIN', 15, NULL, NULL, NULL, 'SAHRAH', 15, NULL, NULL, NULL, NULL, '085277111701', '$2y$10$Sj.JjzknRF5ajfsrQkXRv.XfUP0.m1S12jWEyJTv01dCkRFlamG7y', NULL, NULL, 1, 6, 1653105033, 1653105033, 0),
(373, 'hafidzalfarizi9405@man.com', 'HAFIDZ  ALFARIZI', 2, 6, 'L', 'ACEH TENGAH', '2005-04-10', '9405', '0052031747', '1104032911110005', '1104031004050001', 1, 0, NULL, 60, 'KALA KEMILI', NULL, 'KHAIRU RIZKAN', 19, NULL, NULL, NULL, 'AINUN NADHIRAH', 19, NULL, NULL, NULL, NULL, NULL, '$2y$10$eJdyRjgQbskilMK6y4fOX.BMkL4VolrqHc0oi90xup2A6bGXdFZLW', NULL, NULL, 1, 6, 1653105033, 1653105033, 0),
(374, 'kamisa@man.com', 'KAMISA', 2, 6, 'P', NULL, NULL, NULL, NULL, NULL, NULL, NULL, NULL, NULL, 1, NULL, NULL, NULL, 6, NULL, NULL, NULL, NULL, 6, NULL, NULL, NULL, NULL, '081290132910', '$2y$10$LE9ijCfMa.6KtGMhuQQFdOgzkKtAEcMywmSk0lgNj1ri2pWpYoI3K', NULL, NULL, 1, 6, 1653105033, 1653105033, 0),
(375, 'qadrifitra9408@man.com', 'QADRI FITRA', 2, 6, 'L', NULL, NULL, '9408', NULL, NULL, NULL, NULL, NULL, NULL, 1, NULL, NULL, NULL, 7, NULL, NULL, NULL, NULL, 7, NULL, NULL, NULL, NULL, '081361193111', '$2y$10$ywV4W2oblf69mUv1AEKqHu/eKEdpEYp.eTdCUodggI6DrU5nbz3MO', NULL, NULL, 1, 6, 1653105033, 1653105033, 0),
(376, 'rikiapriyandi9413@man.com', 'RIKI APRIYANDI', 2, 6, 'L', 'ACEH TENGAH', '2005-05-11', '9413', '0052151971', '1104061105050001', '1104061105050001', 2, 1, NULL, 1, 'DAMAR MULYO', NULL, 'M ISA', 8, NULL, NULL, NULL, 'SUSILAWATI', 8, NULL, NULL, NULL, NULL, '0821205436228', '$2y$10$Ngxvz7H1bhUX5Ap2fYPjRusVvpyanDghGfAduq7e83OkTttjJX1Yy', NULL, NULL, 1, 6, 1653105033, 1653105033, 0),
(377, 'rifkitawarnate9350@man.com', 'RIFKI TAWAR NATE', 2, 7, 'L', 'ACEH TENGAH', '2005-04-15', '9350', '0058682641', '1104030506060074', '1104031404050003', 4, 3, NULL, 27, 'NUNANG ANTARA', NULL, 'HAMZAH', 8, NULL, NULL, NULL, 'YAHANI', 8, NULL, NULL, NULL, NULL, '082276810915', '$2y$10$WlnF2dI5i7km5kNPqgvQOeREFswW.XCaw3ercdvw/1lWJPKvTVFHW', NULL, NULL, 1, 6, 1653105033, 1653105033, 0),
(378, 'muliaakbarbelangi9301@man.com', 'MULIA AKBAR BELANGI', 2, 7, 'L', 'KAMPUNG RAYA', '2005-04-15', '9301', '3057800273', '1117071406060088', '1101021504050002', 3, 3, NULL, 30, 'KERAMAT MUPAKAT', NULL, 'IBNU HAJAR', 11, NULL, NULL, NULL, 'DASNIATI', 11, NULL, NULL, NULL, NULL, '085261707270', '$2y$10$lOCFswGTZgoBPeCMyROARu/d1WCgX1FZ7fnPv4mApHbKaHccWBKr.', NULL, NULL, 1, 6, 1653105033, 1653105033, 0),
(379, 'randyferhatin9339@man.com', 'RANDY FERHATIN', 2, 7, 'L', 'RAWE ACEH TENGAH', '2004-12-09', '9339', '0040613772', '1104170706060017', '1104170912040001', 3, 2, NULL, 31, 'GUNUNG SUKU', NULL, 'GURNADI', 12, NULL, NULL, NULL, 'RADIANI', 12, NULL, NULL, NULL, NULL, '082183476481', '$2y$10$R3sbtFvAVH0YYrC3aEoMlewkCqB30Q1p4VGigt/5P2ljM6OCZTKba', NULL, NULL, 1, 6, 1653105033, 1653105033, 0),
(380, 'fahmiakbar9247@man.com', 'FAHMI AKBAR', 2, 7, 'L', 'TAKENGON', '2005-04-01', '9247', '0055544288', '1104032905060099', '1104030104050001', 4, 3, NULL, 35, 'KERAMAT MUPAKAT', NULL, 'ABD LATIF, SE', 16, NULL, NULL, NULL, 'YULYANI, SE', 16, NULL, NULL, NULL, NULL, '085262702650', '$2y$10$JyCSFwN98T0PsrvgHRk0NOQYVGed6jx1RW9TNj7wH.cR/LoqhfUxG', NULL, NULL, 1, 6, 1653105033, 1653105033, 0),
(381, 'khairilhafiz9406@man.com', 'KHAIRIL HAFIZ', 2, 7, 'L', 'ACEH TENGAH', '2005-09-30', '9406', '0056055477', '1104122101050780', '1104123009050002', 5, 4, NULL, 36, 'KEMILI', NULL, 'ABU BAKAR', 17, NULL, NULL, NULL, 'DARMAWATI', 17, NULL, NULL, NULL, NULL, '085262456674', '$2y$10$kJWGRxX2FcaTvEayTsJ.ROFFSHMqI.XZsz8SBFdVOkwOQQW2HR76G', NULL, NULL, 1, 6, 1653105033, 1653105033, 0),
(382, 'tiadwiauliani9382@man.com', 'TIA DWI AULIANI', 2, 7, 'P', 'ALUR KUMER', '2005-01-13', '9382', '0057150263', '1117041606060004', '1117045301050001', 1, 2, NULL, 86, 'SIMPANG TERITIT', NULL, 'HAMDAN', 13, NULL, NULL, NULL, 'SUMARNI', 13, NULL, NULL, NULL, NULL, '082370724628', '$2y$10$k17v.K6X26z/pqzqF3WVoeACcqeEB9PBfyS1Z2giswyEYewegct4O', NULL, NULL, 1, 6, 1653105033, 1653105033, 0);
INSERT INTO `students` (`id`, `email`, `name`, `classId`, `roomId`, `gender`, `placeOfBirth`, `dayOfBirth`, `nis`, `nisn`, `noKk`, `nik`, `numberOfSiblings`, `fromOfSiblings`, `orphan`, `schoolId`, `address`, `fatherNik`, `fatherName`, `fatherEmployeeId`, `fatherSchoolId`, `fatherincome`, `motherNik`, `motherName`, `motherEmployeeId`, `motherSchoolId`, `motherincome`, `image`, `phone`, `phoneFamily`, `password`, `ipAddress`, `about`, `statusId`, `privilegeId`, `createdAt`, `updatedAt`, `deletedAt`) VALUES
(383, 'hafizwintanoga9259@man.com', 'HAFIZ WIN TANOGA', 2, 7, 'L', 'BLANG KOLAK II', '2005-05-31', '9259', '0053666609', '1104032304180008', '1104033105050002', 3, 4, 'YATIM', 83, 'BLANG KOLAK II', NULL, 'SUTRISNO (ALM)', 14, NULL, NULL, NULL, 'TASNIM', 14, NULL, NULL, NULL, NULL, '082223172459', '$2y$10$cj2mKsuhB/K/yXVFSHifAeMQWRvqiSgleb2iE7LSfamIBlSI9ArMK', NULL, NULL, 1, 6, 1653105033, 1653105033, 0),
(384, 'muliana9305@man.com', 'MULIANA', 2, 7, 'P', 'BALE BAWAH', '2005-05-14', '9305', '0041188926', '1104171106060027', '1104175405050001', 2, 5, NULL, 64, 'BALE BAWAH', NULL, 'SUPRIADI', 4, NULL, NULL, NULL, 'SUMARNI', 4, NULL, NULL, NULL, NULL, NULL, '$2y$10$DBtG94a0lZ4EAuSV7/s78.V8O7fk4n/UOBPbs8hshHB4MtANOj6bO', NULL, NULL, 1, 6, 1653105033, 1653105033, 0),
(385, 'renisahfitri9347@man.com', 'RENISAH FITRI', 2, 7, 'P', 'ACEH TENGAH', '2005-07-06', '9347', '0053978568', '1104062606060019', '1104114607050002', 1, 3, NULL, 64, 'KEBAYAKAN', NULL, 'SUKRI', 5, NULL, NULL, NULL, 'SITI ROHAYA', 5, NULL, NULL, NULL, NULL, '082211203011', '$2y$10$1lXDhV1pe7nVUbZ2tYkwB.lcZH6HbWQjoxiqGgKN4syGlBSRYz4CO', NULL, NULL, 1, 6, 1653105033, 1653105033, 0),
(386, 'safrizal9362@man.com', 'SAFRIZAL', 2, 7, 'L', 'SIMPANG TERITIT', '2005-04-02', '9362', '0055261055', '1104080202080012', '1104080204040001', NULL, NULL, NULL, 64, 'KAYU KUL', NULL, 'AKHDAR FAUZI', 6, NULL, NULL, NULL, 'SALAMAH', 6, NULL, NULL, NULL, NULL, '085262089875', '$2y$10$CXhCBqOqJmBktQJhnCAcs.kQxB8NT1v7ChWD51tPIg0DIvixaYUGy', NULL, NULL, 1, 6, 1653105033, 1653105033, 0),
(387, 'suharman9375@man.com', 'SUHARMAN', 2, 7, 'L', 'TAKENGON', '2005-04-28', '9375', '0051242400', '1104012204060098', '110411280405000', 2, 3, NULL, 63, 'DEDALU', NULL, 'SUHARMAN', 19, NULL, NULL, NULL, 'FITRI WATI', 19, NULL, NULL, NULL, NULL, '082277606122', '$2y$10$vsWVkXpjSzNdysb.ZCUnUOsuqpgCWxL3NyCEMWTB90LSuEmvt3I6i', NULL, NULL, 1, 6, 1653105033, 1653105033, 0),
(388, 'alparesimaharoen9216@man.com', 'ALPA RESI MAHAROEN', 2, 7, 'L', 'TAKENGON', '2005-05-29', '9216', '0058273015', '1104031905060217', '1104032905050003', 3, 2, NULL, 60, 'KEMILI', NULL, 'SEDIE AKSA', 21, NULL, NULL, NULL, 'ELAWATI', 21, NULL, NULL, NULL, NULL, '085275416488', '$2y$10$yrbxHjY90JpSWUAnJ6xLQOeL2aGR4SeXU2i.UCNEOe/sUiY5gtJgS', NULL, NULL, 1, 6, 1653105033, 1653105033, 0),
(389, 'andredinata9219@man.com', 'ANDRE DINATA', 2, 7, 'L', 'TAKENGON', '2005-12-08', '9219', '0059697236', '1104031504130002', '1104030812050005', 1, 3, NULL, 60, 'PINANGAN ', NULL, 'KURNIADI PUTRA', 22, NULL, NULL, NULL, 'TATI GUSTINA', 22, NULL, NULL, NULL, NULL, '085297978040', '$2y$10$a27a3AQIc/1QZ2a1iH8ZV.3cQkel7MCkl1oQ6Q9jMliWlANBw./3a', NULL, NULL, 1, 6, 1653105033, 1653105033, 0),
(390, 'ramajitromihardja9337@man.com', 'RAMA JITRO MIHARDJA', 2, 7, 'L', 'JAKARTA', '2005-04-15', '9337', '0059213650', '1104171107170001', '3674061504050015', 2, 1, 'YATIM', 60, 'PNP KUTENIREJE', NULL, '(ALM)', 23, NULL, NULL, NULL, 'SUKMAWATI', 23, NULL, NULL, NULL, NULL, '082275807747', '$2y$10$27CchRoxKOaslLeE7sYaaO3pC7d5izJ1GETIJzG7nYQmD6LPkhuAq', NULL, NULL, 1, 6, 1653105033, 1653105033, 0),
(391, 'alhadi9215@man.com', 'ALHADI', 2, 7, 'L', 'TAKENGON', '2005-03-16', '9215', '0054206067', '1104110906060033', '110411603050001', 3, 2, NULL, 56, 'PAYA REJE', NULL, 'SARPIL HAMSI', 18, NULL, NULL, NULL, 'WARDAH', 18, NULL, NULL, NULL, NULL, '082274793044', '$2y$10$TIxOpwKuRhG6ZykBIXSNZOfMyNlZMTx7Etd8gKxjdt0E7Y8.DM6Te', NULL, NULL, 1, 6, 1653105033, 1653105033, 0),
(392, 'mutaalimazidarrizki9306@man.com', 'MUTA ALI MAZID AR RIZKI', 2, 7, 'L', 'TAKENGON', '2005-05-14', '9306', '0052017426', '1104170211060011', '1104171405050002', 1, 3, NULL, 56, 'BUKIT EWEH TEMI DELEM', NULL, 'AUPA SYAFRI NOZAL', 19, NULL, NULL, NULL, 'IMA YUSRAINI', 19, NULL, NULL, NULL, NULL, '085222810293', '$2y$10$VajMytdV55LaBDT0bJaJ.ezlNhoLbB./4FH98k2D2See1Gs.cpCQK', NULL, NULL, 1, 6, 1653105033, 1653105033, 0),
(393, 'wahdini9385@man.com', 'WAHDINI', 2, 7, 'P', 'TAN SARIL', '2005-02-18', '9385', '0052288849', '1104032401070004', '1104034802050004', 1, 3, NULL, 56, 'BEBESEN', NULL, 'DRS. ABDUL HAMID', 20, NULL, NULL, NULL, 'SELPANA DEWI', 20, NULL, NULL, NULL, NULL, '081360228222', '$2y$10$LRPttEp4m0jpOG9vo3bzKerzt0bFtte/xgIz2xXhMNEka6aWZXKQ6', NULL, NULL, 1, 6, 1653105033, 1653105033, 0),
(394, 'dahlina9235@man.com', 'DAHLINA', 2, 7, 'P', 'KEKUYANG', '2005-07-30', '9235', '0056151045', '1104102112060010', '110410571230001', 2, 2, NULL, 47, 'KEKUYANG', NULL, 'BASRI', 24, NULL, NULL, NULL, 'NURNILAM', 24, NULL, NULL, NULL, NULL, '085296238761', '$2y$10$SHF.bGTMGqEHQZL8h3OcCOTx/0frqJ5.A3SO2Vu24yhdKLO3adYQK', NULL, NULL, 1, 6, 1653105034, 1653105034, 0),
(395, 'mahajiranirfandi9286@man.com', 'MAHAJIRAN IRFANDI', 2, 7, 'L', 'LUKUB SABUN', '2005-02-26', '9286', '0053661643', '1104121406060020', '1104122602050001', 4, 4, NULL, 43, 'LUKUB SABUN', NULL, 'ARMIA', 10, NULL, NULL, NULL, 'HIJRAH', 10, NULL, NULL, NULL, NULL, '085261707270', '$2y$10$/QgkiZojCE/yDe1JmLsZDOQS8iNdZhzI2gWByVGoD4KmW1qSovAEu', NULL, NULL, 1, 6, 1653105034, 1653105034, 0),
(396, 'nadianasution9311@man.com', 'NADIA NASUTION', 2, 7, 'P', 'TAKENGON', '2005-08-30', '9311', '0052466069', '1104021208060008', '1104027008050001', 1, NULL, 'YATIM PIATU', 40, 'ARUK KUMER BARAT', NULL, 'M. YUSUF (WALI)', 14, NULL, NULL, NULL, NULL, 14, NULL, NULL, NULL, NULL, '085296688252', '$2y$10$ZO0Q9Y4ScQLTPDwjEIq8euZbPCLVGztbMU0po6WyZZEkms7AUB7IC', NULL, NULL, 1, 6, 1653105034, 1653105034, 0),
(397, 'zahranimaura9395@man.com', 'ZAHRANI MAURA', 2, 7, 'P', 'ISAQ', '2005-07-05', '9395', '0052592132', '1104011107170003', '1104014507050002', 1, 1, 'YATIM', 4, 'MUNGKUR', NULL, 'MULYADI (ALM)', 19, NULL, NULL, NULL, 'SRI MULUT', 19, NULL, NULL, NULL, NULL, '082165581093', '$2y$10$mNf92Bzk/w4ze01MYUagn.0faTmmMP2rsDEoCHZp5Ov.jpVNuvZ3a', NULL, NULL, 1, 6, 1653105034, 1653105034, 0),
(398, 'mudimulia9296@man.com', 'MUDI MULIA', 2, 7, 'L', 'BATAM', '2005-12-12', '9296', '0055457762', '1104022006080001', '1104021212050002', 2, 3, 'YATIM', 24, 'WIHNI DURIN', NULL, 'JAMALUDDIN (ALM)', 1, NULL, NULL, NULL, 'ELA RAMLAH', 1, NULL, NULL, NULL, NULL, '085384368785', '$2y$10$Z80TBCk9Hb9qWwYyHs8lBO2jVeVekpTvAo1A4HjpztNlVAvxu2APK', NULL, NULL, 1, 6, 1653105034, 1653105034, 0),
(399, 'sadri9361@man.com', 'SADRI', 2, 7, 'L', 'KAYU KUL', '2005-02-19', '9361', '0053069769', '1104072105140004', '1104071902050002', 4, 3, 'YATIM', 19, 'KAYU KUL', NULL, 'RUSLI (ALM)', 4, NULL, NULL, NULL, 'ARMILAWATI', 4, NULL, NULL, NULL, NULL, '085270284260', '$2y$10$jDSqPVz5Ihuio6GtoynuZun24lWP0Oci0bgSN4qe00E0trkGDEpv6', NULL, NULL, 1, 6, 1653105034, 1653105034, 0),
(400, 'muh.raflymelala9297@man.com', 'MUH. RAFLY MELALA', 2, 7, 'L', 'MEDAN', '2004-10-09', '9297', '0046788317', '1104071609160001', '1271020910040001', 1, 3, NULL, 206, 'BEBESEN', NULL, 'EMPI LASTRA', 24, NULL, NULL, NULL, 'DESSY DENI ARYASI', 24, NULL, NULL, NULL, NULL, '085276177261', '$2y$10$6io.V8.EaG7Uc/dA.3nNE.q8IbUU5j8DKc3ShPJpaDvmX3/yrtNAu', NULL, NULL, 1, 6, 1653105034, 1653105034, 0),
(401, 'waliyatunma\'wa9412@man.com', 'WALIYATUN MA\'WA', 2, 7, 'P', 'TAKENGON', '2005-02-15', '9412', '0052086018', '1104030311060004', '1104035502050001', 2, 4, NULL, 206, 'BEBESEN', NULL, 'JUNAIDI', 1, NULL, NULL, NULL, 'KEMALA SARI', 1, NULL, NULL, NULL, NULL, '085207883232', '$2y$10$mN4yFyTRc1GdifeGv9s96uBcePPBR/zlsClPvb9uhndDDMgOxlG7S', NULL, NULL, 1, 6, 1653105034, 1653105034, 0),
(402, 'wildandika9403@man.com', 'WILDAN DIKA', 2, 7, 'L', 'DEDINGIN', '2005-03-13', '9403', '0052131507', '1104122707060037', '1104121303050001', 2, 2, NULL, 206, 'DEDINGIN', NULL, 'MULYADI AR', 2, NULL, NULL, NULL, 'HAYATRI', 2, NULL, NULL, NULL, NULL, '082166384654', '$2y$10$WNWx0oI3XOeuExNHYrP7weNDCHkyyGtPC2274El4lGFq3NvFcl/ha', NULL, NULL, 1, 6, 1653105034, 1653105034, 0),
(403, 'sahidulsyahputra9410@man.com', 'SAHIDUL SYAHPUTRA', 2, 7, 'L', 'ACEH TENGAH', '2006-09-05', '9410', '0066791456', '1104171204060013', '1104170509060001', 1, 3, NULL, 162, 'RAWE', NULL, 'SURYADI', 14, NULL, NULL, NULL, 'NURHAYATI', 14, NULL, NULL, NULL, NULL, '085262203390', '$2y$10$tM8fWrs8tELkaK.kIoXHieV6ZW9vfbZPmnLFqrTpxy9dkyZWdTyLW', NULL, NULL, 1, 6, 1653105034, 1653105034, 0),
(404, 'irfanrizky9409@man.com', 'IRFAN RIZKY', 2, 7, 'L', 'ANGKUP', '2005-04-23', '9409', '0059330681', NULL, NULL, 4, 4, 'YATIM PIATU', 72, 'PEPAYUNGEN', NULL, '(ALM) M DAUD', 23, NULL, NULL, NULL, '(ALMH) SRI MAHNIAR', 23, NULL, NULL, NULL, NULL, '085372204405', '$2y$10$ZOagYrHdoQnej19Y6C2HAO6.eGM/bieh6gCsZTcuDETYZrp./z.XC', NULL, NULL, 1, 6, 1653105034, 1653105034, 0),
(405, 'rizkahidayat9354@man.com', 'RIZKA HIDAYAT', 2, 7, 'L', 'TAKENGON', '2005-04-14', '9354', '0052734387', '1104031803080046', '1104031404050002', 2, 1, NULL, 25, 'BLANG GELE', NULL, 'SATIMIN', 7, NULL, NULL, NULL, 'SRI SULASTRI', 7, NULL, NULL, NULL, NULL, '085275243265', '$2y$10$Fpc5iR.5jHmUdm7h9V3exOI8aonNIv/M4f3Dj9/wEicLWfPqkv.gG', NULL, NULL, 1, 6, 1653105034, 1653105034, 0),
(406, 'nurula\'la9322@man.com', 'NURUL A\'LA', 2, 7, 'P', 'TAKENGON', '2005-05-23', '9322', '0055317697', '1104173003080002', '1104176305050004', 1, 2, NULL, 1, 'BLANG MERSAH II', NULL, 'SUNAR', 9, NULL, NULL, NULL, 'ERITA', 9, NULL, NULL, NULL, NULL, '085260503872', '$2y$10$Dd3/OKTWZ9o9ns.OPn84ku76tWeCOhk5zn705IIt2.jYsYrjgJRFa', NULL, NULL, 1, 6, 1653105034, 1653105034, 0),
(407, 'syardifitrah9177@man.com', 'SYARDI FITRAH', 3, 1, 'L', 'TAKENGON', '2004-11-18', '9177', '0041092869', NULL, '1104030805060062', 2, 3, NULL, 202, 'JLN. LINTANG. KALA KEMILI', NULL, 'SYAFRUDIN', 3, NULL, NULL, NULL, 'RADHA PUSPITA', 3, NULL, NULL, NULL, NULL, '085296283777', '$2y$10$uRW.yoMAfGa0UPTOLjldW.SloxSvvexIRWIMFluTxiEYb2vzrUkbe', NULL, NULL, 1, 6, 1653105034, 1653105034, 0),
(408, 'naurahsalsabila9099@man.com', 'NAURAH SALSABILA', 3, 1, 'P', 'TAKENGON', '2004-09-26', '9099', '0040613382', '1104031805060099', '1104036712040001', 3, 3, NULL, 168, 'BEBESEN', NULL, 'Drs. AHMAD YANI, MA, M.Pd', 4, NULL, NULL, NULL, 'NIRMALASARI', 4, NULL, NULL, NULL, NULL, '081360046248', '$2y$10$faMSMAbzCkeU1Add1X1Agehw0iH4SzvI3EEfs2ahMl7ormdCYigQ2', NULL, NULL, 1, 6, 1653105034, 1653105034, 0),
(409, 'fakhriwijdan8995@man.com', 'FAKHRI WIJDAN', 3, 1, 'L', 'Kebayakan', '2004-07-23', '8995', '0040711361', '1104112905060015', '1104112347040002', 1, 1, NULL, 64, 'Kebayakan', NULL, 'Sabarali', 16, NULL, NULL, NULL, 'Kamariah', 16, NULL, NULL, NULL, NULL, '085275907213', '$2y$10$uj2J5MOcyA0WGB9HgQYWGeurEBGoXEJaAUarsGCSdwrRZw0r3636S', NULL, NULL, 1, 6, 1653105034, 1653105034, 0),
(410, 'fanita8996@man.com', 'FANITA', 3, 1, 'P', 'GELELUNGI', '2004-02-14', '8996', '0040613727', '1104072402180001', '1104075402040002', 3, 4, 'YATIM', 64, 'GELELUNGI', NULL, 'ALM. YUSRA', 17, NULL, NULL, NULL, 'ASMAH', 17, NULL, NULL, NULL, NULL, '082166699891', '$2y$10$Z4I6IVvILV3toZfqzNHwHOvVSZNZqVf0DrZyupBwU1L/XbRrvcQYq', NULL, NULL, 1, 6, 1653105034, 1653105034, 0),
(411, 'ihsanuddin9020@man.com', 'IHSANUDDIN', 3, 1, 'L', 'BLANG BALIK', '0000-00-00', '9020', '0041733758', '1104121008060091', '1104122001040001', 1, 1, NULL, 64, 'Simpang Wariji', NULL, 'Ali Amran', 18, NULL, NULL, NULL, 'Halimatussadiah', 18, NULL, NULL, NULL, NULL, '082389708488', '$2y$10$Kc/VusE6pLHiAzqA9e6Hqe0jbOxT/yE6RON1VuugAcHdYpD5zfNBW', NULL, NULL, 1, 6, 1653105034, 1653105034, 0),
(412, 'lindaamalia9053@man.com', 'LINDA AMALIA', 3, 1, 'P', 'Aceh Tengah', '0000-00-00', '9053', '0042708999', '1104031807060002', '1104037007040001', 1, 2, NULL, 64, 'Jln.Umang Blang Gele', NULL, 'Yulia, SAG', 19, NULL, NULL, NULL, 'masrura.Spd', 19, NULL, NULL, NULL, NULL, '082276102229', '$2y$10$2npGA.kVeiGheEe50.YI.OQUaOLvJ9WEvVE.t7KaoPSV4Oq..brsS', NULL, NULL, 1, 6, 1653105034, 1653105034, 0),
(413, 'nabilaraudhatunnisya9090@man.com', 'NABILA RAUDHATUN NISYA', 3, 1, 'P', 'Takengon', '2004-09-01', '9090', '0041093171', '1104110305060016', '1104114109040003', 3, 4, NULL, 64, 'Jln Putri pukes', NULL, 'Marwan', 20, NULL, NULL, NULL, 'Saudah adam', 20, NULL, NULL, NULL, NULL, '082363627141', '$2y$10$HLWefY8clZZz28d6Vco.sOm7E0kybkvLwuuLnVtxX3OaBNTeHdLje', NULL, NULL, 1, 6, 1653105034, 1653105034, 0),
(414, 'sarabensu9164@man.com', 'SARA BENSU', 3, 1, 'P', 'TAKENGON', '2004-08-05', '9164', '0041093397', '1104032603080123', '1104036508040003', 2, 2, NULL, 64, 'JLN LINTANG', NULL, '(ALM) ABYAD', 21, NULL, NULL, NULL, 'SITI AISYAH', 21, NULL, NULL, NULL, NULL, '085213459041', '$2y$10$J1P7yQouQLBoKo.V73wtVe4CRjU5pS3CNR.dlauvVioNNGTI0agdK', NULL, NULL, 1, 6, 1653105034, 1653105034, 0),
(415, 'zannatulazila9191@man.com', 'ZANNATUL AZILA', 3, 1, 'P', 'TAKENGON', '2004-10-12', '9191', '005035008', '1104030712060003', '1104035210040002', 2, 1, NULL, 64, 'JLN MESS TIME RUANG', NULL, '(ALM) SURIYANTO', 22, NULL, NULL, NULL, 'ARMAYATI', 22, NULL, NULL, NULL, NULL, '085362944887', '$2y$10$WM/k27q3h8.1Cr4YhRIl/ucFW7GqsYc.r/2gpTB2GIVE1bNxr0f.e', NULL, NULL, 1, 6, 1653105035, 1653105035, 0),
(416, 'cutamalia8977@man.com', 'CUT AMALIA', 3, 1, 'P', 'PAYA TUMPI', '2004-07-14', '8977', '0045360731', '1404110805060140', NULL, 2, 2, NULL, 63, 'PAYA TUMPI', NULL, 'NASLI IBRAHIM, S.Sos', 23, NULL, NULL, NULL, 'KHAIRUNNISA, S.Si', 23, NULL, NULL, NULL, NULL, '081360863418', '$2y$10$xRW8txfbhtfjP/8XykQuleRLB4eNzgXudkalJWptj/iImECRHJ0Rm', NULL, NULL, 1, 6, 1653105035, 1653105035, 0),
(417, 'desisilfiyana8986@man.com', 'DESI SILFIYANA', 3, 1, 'P', 'BIES ', '2003-12-29', '8986', '0035219155', '1104041905060039', NULL, 2, 2, NULL, 63, 'BIES PENANTANAN', NULL, 'MISPAN', 24, NULL, NULL, NULL, 'TUTIYATI', 24, NULL, NULL, NULL, NULL, '085270717417', '$2y$10$6qEF5JQoX795d66YyWlfVuO4yBCljZOLn5nFOUEfEAE0GjBfMjZ4i', NULL, NULL, 1, 6, 1653105035, 1653105035, 0),
(418, 'nurhafidzah9112@man.com', 'NUR HAFIDZAH', 3, 1, 'P', 'PAYA TUMPI', '2004-04-14', '9112', '0048558639', '1104110805060143', '1104115404040001', 2, 1, NULL, 63, 'PAYA TUMPI', NULL, 'DONO SUROTO', 1, NULL, NULL, NULL, 'CUT NURHUSNIATI', 1, NULL, NULL, NULL, NULL, '081362505813', '$2y$10$piNmcHy5F3jg9c1OsmbBBu5WPDWWpzrIvneyVd40lsvnM8GrLIYu6', NULL, NULL, 1, 6, 1653105035, 1653105035, 0),
(419, 'ilhamekafarisy9021@man.com', 'ILHAM EKA FARISY', 3, 1, 'L', 'KEMILI', '2004-09-03', '9021', '0040633017', NULL, NULL, NULL, NULL, NULL, 60, 'KEMILI', NULL, 'A. HAKIMI, S.Sos', 20, NULL, NULL, NULL, 'Siti Yuliana, S.Pd', 20, NULL, NULL, NULL, NULL, '085293961199', '$2y$10$p7QtwrTrpY5rpjoreoMJEuB8JthApHOfnHhHOSWUgcNUM.lcCou2S', NULL, NULL, 1, 6, 1653105035, 1653105035, 0),
(420, 'm.rizki9058@man.com', 'M. RIZKI', 3, 1, 'L', 'TAKENGON', '2004-07-18', '9058', '0042983857', '1104171807040001', '1104171807040000', 3, 2, NULL, 60, 'KERAMAT MUFAKAT', NULL, 'RAZALI HUSIN', 21, NULL, NULL, NULL, 'SYAHRIANI', 21, NULL, NULL, NULL, NULL, '085260317260', '$2y$10$zh/VNY/8DJ/PlrQoQxGfReJN49OqXOthWwaT3NtDXZDXQ1I0qGiPe', NULL, NULL, 1, 6, 1653105035, 1653105035, 0),
(421, 'jannatiakanju9038@man.com', 'JANNATIA KANJU', 3, 1, 'P', 'ACEH TENGAH', '2004-10-16', '9038', '0041093174', '1104111602080013', '1104115610040002', 1, 2, NULL, 58, 'JONGOK MELUEM', NULL, 'NURDIN SUFI', 7, NULL, NULL, NULL, 'ASMARA DEWI', 7, NULL, NULL, NULL, NULL, '082277699281', '$2y$10$laB3JL2Rwe6wJD37dO6oYOs.dNs/vkGamVg6rRy2AOej5uwDK4YWu', NULL, NULL, 1, 6, 1653105035, 1653105035, 0),
(422, 'anamaria8957@man.com', 'ANA MARIA', 3, 1, 'P', 'REJE BUKIT', '2004-02-27', '8957', '0054563969', '1104030911060001', '1104036702050001', 7, 6, NULL, 56, 'Ujung temetas', NULL, 'Abdullah', 14, NULL, NULL, NULL, 'Rindang Aritonang', 14, NULL, NULL, NULL, NULL, '082304515034', '$2y$10$ZJVXjuQL0ZwzRi82KHvjq.2KS8o7Y9/kEIby1biSy4PErW6DKQU8O', NULL, NULL, 1, 6, 1653105035, 1653105035, 0),
(423, 'rimaputrimegaandria9143@man.com', 'RIMA PUTRI MEGA ANDRIA', 3, 1, 'P', 'TAKENGON', '2004-06-08', '9143', '0041511829', '1104111203120001', '1104114800040000', 1, NULL, NULL, 56, 'PAYA SERNGI', NULL, 'SUKRI', 15, NULL, NULL, NULL, 'ISNIAR MAWADDAH', 15, NULL, NULL, NULL, NULL, '085288682680', '$2y$10$yf48mid1DPnMYJvafH8eSekEHoK.MKI6VmATus1aVhjCzoeL978Xi', NULL, NULL, 1, 6, 1653105035, 1653105035, 0),
(424, 'rikamahyani9142@man.com', 'RIKA MAHYANI', 3, 1, 'P', 'BLANG GELE', '2004-01-13', '9142', '0041178429', '1104030206060133', '1104035301040005', 2, 2, NULL, 25, 'BLANG GELE', NULL, 'ASHARI', 8, NULL, NULL, NULL, 'MASDIANA', 8, NULL, NULL, NULL, NULL, '082365474425', '$2y$10$ka62Kk1l7cN/3uelFvq4KuEWGjujnoNeNRt6kEw5jRxj9Ly9whMHS', NULL, NULL, 1, 6, 1653105035, 1653105035, 0),
(425, 'm.sejahtera9059@man.com', 'M. SEJAHTERA', 3, 1, 'L', 'BERAWANG DEWAL', '2004-04-24', '9059', '0039172710', '1104091505060056', '1104092404030002', 5, 5, NULL, 19, 'Reje Payung ', NULL, 'Syamsudin', 19, NULL, NULL, NULL, 'Mayang Murni', 19, NULL, NULL, NULL, NULL, '085348861988', '$2y$10$7k63ggOFwGB6cLUqXZYvnOxjqvyTda92vih/.QpbJTMomtV5svrR6', NULL, NULL, 1, 6, 1653105035, 1653105035, 0),
(426, 'maulidasimahara9072@man.com', 'MAULIDA SIMAHARA', 3, 1, 'P', 'ACEH TENGAH', '2004-05-17', '9072', '0041093043', '1104073005060075', '1104075705040002', 1, NULL, NULL, 19, 'BLANG BEBANGKA', NULL, 'MUDIRSALAM', 20, NULL, NULL, NULL, 'FATIMAH ZAHRA', 20, NULL, NULL, NULL, NULL, '085373616824', '$2y$10$zDAIahizxYA/dmjmYXrWNeq6arlNeLbveVhIWoYOBeYHM.O5Hhcj6', NULL, NULL, 1, 6, 1653105035, 1653105035, 0),
(427, 'mahridalativa9065@man.com', 'MAHRIDA LATIVA', 3, 1, 'P', 'TAKENGON', '2004-04-10', '9065', '0048896779', '1104032302110001', '1104035004040001', 1, 3, NULL, 1, 'UMAH OPAT', NULL, 'SURIADI', 15, NULL, NULL, NULL, 'RUAIDA', 15, NULL, NULL, NULL, NULL, '085235335232', '$2y$10$IKePtF3NfcxwEQ8ITyoqteUWsp.CR.b1jASHtv6i7q0nDAYqFRUlC', NULL, NULL, 1, 6, 1653105035, 1653105035, 0),
(428, 'annasrimulia8962@man.com', 'ANNASRI MULIA', 3, 1, 'L', 'TAKENGON', '2004-05-23', '8962', '0040974915', '1104040703080002', '1140402305040000', 1, 1, NULL, 1, 'UNING NIKEN ', NULL, 'HASAN BASRI', 10, NULL, NULL, NULL, 'NURLAILA', 10, NULL, NULL, NULL, NULL, '082370049625', '$2y$10$37ALzy/lKKChnkhX1HUmTeuKRd55XmHwZjkZ40xxj8SwBDT/QCL0m', NULL, NULL, 1, 6, 1653105035, 1653105035, 0),
(429, 'dirgasyidratussalwa8989@man.com', 'DIRGA SYIDRATUS SALWA', 3, 1, 'L', 'LINUNG BULEN', '2003-10-04', '8989', '0035170727', '1104080506060050', '1104080410030000', 1, 2, NULL, 1, 'LINUNG BULEN', NULL, 'SABRI', 11, NULL, NULL, NULL, 'SUSILAWATI', 11, NULL, NULL, NULL, NULL, '081247990001', '$2y$10$DyzcCUWNp3qjUkNgftWVOOH3RNJc/Jcy8WP0uzqmIIieSsZJWwCw6', NULL, NULL, 1, 6, 1653105035, 1653105035, 0),
(430, 'elizasapitri8992@man.com', 'ELIZA SAPITRI', 3, 1, 'P', 'ACEH TENGAH', '2004-01-14', '8992', '0041710254', '1104110306060025', '1104115401040001', 1, 2, NULL, 1, 'KELUPAK MATA', NULL, 'SABRI', 12, NULL, NULL, NULL, 'HULFAH', 12, NULL, NULL, NULL, NULL, '085210123090', '$2y$10$HD1tF1Ii4I5OHAUIcAayLe0VkmnZ/XdGPLzjgJo7Ipwr5mf3zlKnu', NULL, NULL, 1, 6, 1653105035, 1653105035, 0),
(431, 'nilmafatimahazzahra9108@man.com', 'NILMA FATIMAH AZZAHRA', 3, 1, 'P', 'ACEH', '2003-11-09', '9108', '0037262814', '1104111801170002', '1504074911030000', 3, 3, NULL, 1, 'KEBAYAKAN', NULL, 'MARWANSYAH', 13, NULL, NULL, NULL, 'IRWATI', 13, NULL, NULL, NULL, NULL, '085270134705', '$2y$10$jgwkcmCo9ifx2bQcjRRQhO8yjjkOCdX3HRAJeQ/KbR9CPzPXEOeD.', NULL, NULL, 1, 6, 1653105035, 1653105035, 0),
(432, 'pingkannapisah9119@man.com', 'PINGKAN NAPISAH', 3, 1, 'P', NULL, NULL, '9119', NULL, NULL, NULL, NULL, NULL, NULL, 1, NULL, NULL, NULL, 14, NULL, NULL, NULL, NULL, 14, NULL, NULL, NULL, NULL, NULL, '$2y$10$NVYgHfYvSWXx2hAugP4HZu0E6MSuV0xV8p/LbTzr36qcI0OZMub82', NULL, NULL, 1, 6, 1653105035, 1653105035, 0),
(433, 'henderik9195@man.com', 'HENDERIK', 3, 2, 'L', 'JAGONG', '2003-01-11', '9195', '0036602153', '1104030408110003', '1104091101030001', 3, 2, NULL, 21, 'LELABU', NULL, 'JAKA NUR HERMAN', 2, NULL, NULL, NULL, 'KADARIAH', 2, NULL, NULL, NULL, NULL, '082246580460', '$2y$10$0N0MM7Hn7VawBV4PSgJ1L.4ClRPL9A6yduiy85nqFqjw5HeTcCeSS', NULL, NULL, 1, 6, 1653105035, 1653105035, 0),
(434, 'salmanalfarizi9160@man.com', 'SALMAN AL FARIZI', 3, 2, 'L', 'TAKENGON', '2004-04-04', '9160', '0040892437', '1104030606060143', '1104030404040001', 1, 3, NULL, 52, 'JLN. MESS TIME RUANG LR. BENGKUANG', NULL, 'SUHENDRA', 9, NULL, NULL, NULL, 'MUZDALIFAH', 9, NULL, NULL, NULL, NULL, '081360040044', '$2y$10$LoXISuS/ON/RFMrSqFDX9uXo2SLLGZt5uZUEYEBmZmHNxxjv4j3ra', NULL, NULL, 1, 6, 1653105035, 1653105035, 0),
(435, 'm.nur9060@man.com', 'M.NUR', 3, 2, 'L', 'KUALA SIMPANG', '2004-08-09', '9060', '0043738183', '1104030412140001', '1103201008040000', 1, 2, NULL, 68, 'SARA RASA', NULL, 'MUNIRWAN ZAHRONI', 1, NULL, NULL, NULL, 'SITI ARFAH', 1, NULL, NULL, NULL, NULL, '082362246074', '$2y$10$ykHXJ3lQQpRnWCV4mRA1/uc8opWBid/BsIcL9EvNPWv2A3WS2ouM.', NULL, NULL, 1, 6, 1653105035, 1653105035, 0),
(436, 'jonisyahwannara9039@man.com', 'JONI SYAHWANNARA', 3, 2, 'L', 'LINUNG AYU', '2003-11-29', '9039', '0036170164', '1104071006060090', '1104072911030000', 1, 2, NULL, 199, 'LINUNG AYU', NULL, 'IRMAN', 10, NULL, NULL, NULL, 'IRNAWATI', 10, NULL, NULL, NULL, NULL, '082230814351', '$2y$10$0ZSJr7Rnc3CeL15g7BwScO79S2A9vUSnYJ2C5.l/ImFW1r/sVxpzS', NULL, NULL, 1, 6, 1653105035, 1653105035, 0),
(437, 'almunadi8953@man.com', 'AL MUNADI', 3, 2, 'L', 'TAKENGON', '2004-10-01', '8953', NULL, '11041704044190001', '1104036506980002', 4, 1, NULL, 197, 'BALE ATU', NULL, 'ABD MANAN', 11, NULL, NULL, NULL, 'MAWARLINA', 11, NULL, NULL, NULL, NULL, '085296651992', '$2y$10$Phu3/aE/EX6IthVVrQe/pOWkzjuT/sQUEvlHCKeQS6ose.TqE9yfK', NULL, NULL, 1, 6, 1653105036, 1653105036, 0),
(438, 'wardani9181@man.com', 'WARDANI', 3, 2, 'P', 'ACEH TENGAH', '2004-07-09', '9181', '0042691798', '1104032706060039', '1104034907040004', 1, 2, NULL, 168, 'BURBIAH', NULL, 'WANDIKA', 5, NULL, NULL, NULL, 'SASILA WATI', 5, NULL, NULL, NULL, NULL, '085296127942', '$2y$10$wsDtA41UquRdnYT1fQjxT.MvKg00MAK4R3Dwj4P0JeaMJ8oaxqLAS', NULL, NULL, 1, 6, 1653105036, 1653105036, 0),
(439, 'seprianaputri9172@man.com', 'SEPRIANA PUTRI', 3, 2, 'P', 'ACEH TENGAH', '2004-09-01', '9172', NULL, '1104060606060008', '1104064109040001', 2, 4, NULL, 168, 'UNING KEC. PEGASING', NULL, 'YUSRA', 8, NULL, NULL, NULL, 'HASMILAWATI', 8, NULL, NULL, NULL, NULL, '082361660388', '$2y$10$.ibH23YmGlQlHYNCpZrO9.c12HMmqmgpZBcSbKjniCp12TB.Mvu/S', NULL, NULL, 1, 6, 1653105036, 1653105036, 0),
(440, 'juhriasyah9040@man.com', 'JUHRIASYAH', 3, 2, 'L', 'TAKENGON', '2004-01-27', '9040', '0043493004', '1117041906060033', '1117042701040001', 1, 2, NULL, 95, 'SIMPANG TERITIT', NULL, 'ZULFIKAR', 21, NULL, NULL, NULL, 'JOHARIYAH', 21, NULL, NULL, NULL, NULL, '085260363759', '$2y$10$pEiGw1MHTk7HgKT0Q3AAf.yWtm.LwlIE2fwoDLrGVem3XzHR0jiOy', NULL, NULL, 1, 6, 1653105036, 1653105036, 0),
(441, 'assyifawahiddayati8967@man.com', 'ASSYIFA WAHIDDAYATI', 3, 2, 'P', 'TAKENGON', '2004-10-02', '8967', '0046545075', NULL, NULL, 1, 1, NULL, 64, 'WIH NAREH', NULL, 'HASBI, SH', 23, NULL, NULL, NULL, 'KHAIRUL BARIAH, S.Pt', 23, NULL, NULL, NULL, NULL, '082228877475', '$2y$10$9EVUVUMFUyeioQYcQi6UAez9r8xXF0kxqr.Fz3FqVScnl1oZ7kUIy', NULL, NULL, 1, 6, 1653105036, 1653105036, 0),
(442, 'daffaelzafadhil8980@man.com', 'DAFFA ELZA FADHIL', 3, 2, 'L', 'Takengon', '2004-12-21', '8980', '0031772541', '1104030504170003', '1172022109040001', 1, 1, NULL, 64, 'Blang Kolak 1', NULL, 'Razali MY', 24, NULL, NULL, NULL, 'Elly Radiah SS', 24, NULL, NULL, NULL, NULL, '081360044933', '$2y$10$e0V.P9RC5Bk/gQhMDQVOgOnIFHZJG36UQLFbr4TVW.WPUr2MsV.wS', NULL, NULL, 1, 6, 1653105036, 1653105036, 0),
(443, 'vaniaamanda9180@man.com', 'VANIA AMANDA', 3, 2, 'P', 'MEDAN', '2005-02-28', '9180', '0040614007', '1104171101070003', '1104176802050001', 2, 2, NULL, 64, 'JLN. SENTOSA, TAKENGON', NULL, 'ZIKRA', 1, NULL, NULL, NULL, 'RAHMADANI', 1, NULL, NULL, NULL, NULL, '085213284365', '$2y$10$7bLHPKM577g3GasMbJbXrOPpjCSv31qd05D3bVqeQqpeAxYK3CEae', NULL, NULL, 1, 6, 1653105036, 1653105036, 0),
(444, 'hafnizahara9005@man.com', 'HAFNI ZAHARA', 3, 2, 'P', 'ACEH TENGAH', '2004-04-11', '9005', '00481126650', '1104032101055932', '1104035104040001', 2, 3, NULL, 63, 'BEBESEN', NULL, 'RAMLAN, S.Pd', 2, NULL, NULL, NULL, 'SULASTRI, A.Mk', 2, NULL, NULL, NULL, NULL, '085262245431', '$2y$10$wZwPltD71Vu56S/U9zdUZupy/7J9XKFcaLnCzVrYdAtC1S6LYTE6i', NULL, NULL, 1, 6, 1653105036, 1653105036, 0),
(445, 'hendra9010@man.com', 'HENDRA', 3, 2, 'L', 'Banda Aceh', '2004-10-24', '9010', '0046562443', '1104030303110001', '1104032410040003', 1, NULL, 'Yatim piatu', 63, 'Nunang Antara', NULL, 'Hendri ( ALM)', 3, NULL, NULL, NULL, 'Lisdiana (ALM)', 3, NULL, NULL, NULL, NULL, '082272565918', '$2y$10$NAbB1HXAmLBMCzke75AKTeIwRTWgG3NzeYGJI9uW.ez4c2lMBAA2y', NULL, NULL, 1, 6, 1653105036, 1653105036, 0),
(446, 'intantamara9026@man.com', 'INTAN TAMARA', 3, 2, 'P', 'TAKENGON', '2004-07-01', '9026', '0040632526', '1104030806060114', '1104074107040040', 2, 2, NULL, 61, 'BELANG KOLAK 1', NULL, 'MUHAMMAD TIP YANI', 4, NULL, NULL, NULL, 'SUSWATI', 4, NULL, NULL, NULL, NULL, '082268098838', '$2y$10$CJmRADWXqUiTFAnSQpV1Furenz.yez8dnKUaa.dvAXIQVe1gmVz.K', NULL, NULL, 1, 6, 1653105036, 1653105036, 0),
(447, 'mauzialfadila9074@man.com', 'MAUZI ALFADILA', 3, 2, 'L', 'ACEH TENGAH', '2004-04-28', '9074', '0040613044', '1104171205060012', '11044170104780000', 1, 2, NULL, 61, 'TETUNJUNG', NULL, 'ALEX CHANDRA', 5, NULL, NULL, NULL, 'KELIMAH', 5, NULL, NULL, NULL, NULL, '082363557969', '$2y$10$fmSJ1f7LnHLv2WaXaRhZT.h7hBAJ2HuVhLociZ1EaJcAbns1/vFFa', NULL, NULL, 1, 6, 1653105036, 1653105036, 0),
(448, 'septiasuliabreta9173@man.com', 'SEPTIA SULIA BRETA', 3, 2, 'P', 'ASIRASIR ASIA', '2004-09-09', '9173', '0042948416', '1104170702080002', '1104174909040001', 1, 2, NULL, 61, 'HAKIM BALE BUJANG', NULL, 'KURNIAWAN TARIGAN', 6, NULL, NULL, NULL, 'RAHMAH ', 6, NULL, NULL, NULL, NULL, '082299739993', '$2y$10$6mop.czCH9Rzp2VlmIBfs.qDQk777bXdA9WmTipwp7x2xp2DWjTn2', NULL, NULL, 1, 6, 1653105036, 1653105036, 0),
(449, 'fathulanisa9000@man.com', 'FATHUL ANISA', 3, 2, 'P', 'TAKENGON', '2003-06-26', '9000', '0035295473', '1104031305060044', '1104036606030000', 4, 3, NULL, 60, 'KEMILI', NULL, 'CHALIS KURNIYA', 22, NULL, NULL, NULL, 'MURNI', 22, NULL, NULL, NULL, NULL, '085277878550', '$2y$10$xQjbUtFKFAkj8IbZ3ukK1uZV/vAQw8ZWabYEwq4JN3V.XHMA0lATu', NULL, NULL, 1, 6, 1653105036, 1653105036, 0),
(450, 'mawaddah9075@man.com', 'MAWADDAH', 3, 2, 'P', 'TAKENGON', '2004-08-05', '9075', '0049445229', NULL, NULL, 2, 4, NULL, 60, 'LEMAH BURBANA', NULL, 'FAUZAN ZALIL', 23, NULL, NULL, NULL, 'ROSIANA', 23, NULL, NULL, NULL, NULL, '085261335292', '$2y$10$ztLcQA/Tvj6N1YCdbH7vd.LwYNpWTOUc8M6oJdPfG76LHf6ZTb9iS', NULL, NULL, 1, 6, 1653105036, 1653105036, 0),
(451, 'abdanfitrahmenye8945@man.com', 'ABDAN FITRAH MENYE', 3, 2, 'L', 'GENUREN', '2004-05-13', '8945', '0047917553', '1104111606060023', NULL, 1, NULL, NULL, 56, 'MENDALE', NULL, 'HAMDANI', 16, NULL, NULL, NULL, 'SULASTRI', 16, NULL, NULL, NULL, NULL, '085260962390', '$2y$10$uPBRpDXEBJfhlp1O5GBG/OJO97snygTCZEhjnFKbag5iplH8fjykW', NULL, NULL, 1, 6, 1653105036, 1653105036, 0),
(452, 'jumadirahman9043@man.com', 'JUMADI RAHMAN', 3, 2, 'L', 'BEBESEN', '2004-10-22', '9043', '0040613389', '1104032908180001', '1104032210040001', 2, 1, NULL, 56, 'BEBESEN', NULL, '(ALM) SUKIRMAN', 17, NULL, NULL, NULL, 'SARINAH', 17, NULL, NULL, NULL, NULL, '085206492140', '$2y$10$IFhpkCi9UnaE6slwcmmffOiM4AY2PW6t.7AJc4h6EFQsKFVOXOS6K', NULL, NULL, 1, 6, 1653105036, 1653105036, 0),
(453, 'mirzabugemusampe9082@man.com', 'MIRZA BUGE MUSAMPE', 3, 2, 'L', 'TAKENGON', '2004-11-20', '9082', '0040711359', '1104110905060030', '1104112011040001', 2, 2, NULL, 56, 'JONGOK MELUEM', NULL, 'SAMSUL BAHRI, A.Md, Kes', 18, NULL, NULL, NULL, 'NIKMAH, S.Pd', 18, NULL, NULL, NULL, NULL, '082361307726', '$2y$10$MlqAQV7QSj4GN4.Op.6WHu1jikzy3pEcVBMzwfuxt7Gg83upB7.oC', NULL, NULL, 1, 6, 1653105036, 1653105036, 0),
(454, 'mukhsin9085@man.com', 'MUKHSIN', 3, 2, 'L', 'Mongal', '2004-11-03', '9085', '0041563871', '1104031606060076', '1104020311040001', 5, 4, NULL, 56, 'Mongal', NULL, 'Syarifuddin', 19, NULL, NULL, NULL, 'Hasminah', 19, NULL, NULL, NULL, NULL, '085277791413', '$2y$10$puP1YqLk6PtTrpipwtPNh.GG8P2XNn2CjYbrIbTKDuxIt/pqvPD5C', NULL, NULL, 1, 6, 1653105036, 1653105036, 0),
(455, 'nurhayati9116@man.com', 'NURHAYATI', 3, 2, 'P', 'PAYA REJE', '2004-01-24', '9116', '0040711001', '1104110906060028', '1104116401040000', 5, 4, NULL, 56, 'PAYA REJE', NULL, 'ZAINAL ABIDIN', 20, NULL, NULL, NULL, 'HALIMAH', 20, NULL, NULL, NULL, NULL, '082273613778', '$2y$10$TsBu4xG.tWBBPtJjKrrcA.IzmI1QtzD4DWfQo3vvqJFnJ9OM7dFk.', NULL, NULL, 1, 6, 1653105036, 1653105036, 0),
(456, 'rahmisapitri9129@man.com', 'RAHMI SAPITRI', 3, 2, 'P', 'Aceh Tengah', '2004-07-18', '9129', '0043868043', '1104110906060020', '1104115808040003', 3, 2, NULL, 56, 'Paya Reje', NULL, 'Dedy Suptiandi', 21, NULL, NULL, NULL, 'Sabariah', 21, NULL, NULL, NULL, NULL, '082272913015', '$2y$10$b/uAwoRb/iiUxiGnrXflgOx/V9IprQNnWlmooA0skGKDAUQmtYQae', NULL, NULL, 1, 6, 1653105036, 1653105036, 0),
(457, 'sujadanaufal9175@man.com', 'SUJADA NAUFAL', 3, 2, 'L', 'MONGAL', '2004-05-20', '9175', '0047528963', '1104030107060045', '1104032005040002', 1, 2, NULL, 56, 'MONGAL', NULL, 'SUKARDI', 22, NULL, NULL, NULL, 'AMALIAH', 22, NULL, NULL, NULL, NULL, '085260301246', '$2y$10$3tv/P2iDQ2rUVJE8xJzj5.DEVcQvRkot7sch/ZlMwCO5KcsBeBMU6', NULL, NULL, 1, 6, 1653105036, 1653105036, 0),
(458, 'ismajunipratama9030@man.com', 'ISMA JUNI PRATAMA', 3, 2, 'P', 'BLANG MANCUNG', '2004-06-05', '9030', '0040633124', '1104101904060006', '1104100506040001', 1, 1, NULL, 45, 'BLANG MACUNG', NULL, 'SUPRIANTO', 17, NULL, NULL, NULL, 'SUMARNI', 17, NULL, NULL, NULL, NULL, '085260112382', '$2y$10$e58aCATuO4eZVUmNoehcp.5gM/bSgV9lkPvKM9jamvZZeiK4LmkQm', NULL, NULL, 1, 6, 1653105036, 1653105036, 0),
(459, 'sauqiqalbiiksan9169@man.com', 'SAUQI QALBI IKSAN', 3, 2, 'P', 'ACEH TENGAH', '2005-06-01', '9169', '0067940162', '1104102101052012', '1104100106050002', 2, 3, NULL, 45, 'GELUMPANG PAYUNG', NULL, 'ILHAM, S.Ag', 18, NULL, NULL, NULL, 'ELITAWARNI, A.Md', 18, NULL, NULL, NULL, NULL, '085292031602', '$2y$10$WHmqL3/EV0.PSs9/0bKkkOpMQzinbxu9DzoHXfc5yKjZcjB50Z7SC', NULL, NULL, 1, 6, 1653105037, 1653105037, 0),
(460, 'hidayatunnahar9014@man.com', 'HIDAYATUN NAHAR', 3, 2, 'L', 'TAKENGON', '2004-05-21', '9014', '0041976989', '1104021205060024', '1104022105040001', 2, 2, NULL, 40, 'ARUL KUMER', NULL, 'DARMA', 10, NULL, NULL, NULL, 'FITRI ASMA', 10, NULL, NULL, NULL, NULL, '085276017874', '$2y$10$Iuj5ERZO1aN7KwMv43a26OXF1i2ckkoncQkEpjkVNc63c//WZRuzq', NULL, NULL, 1, 6, 1653105037, 1653105037, 0),
(461, 'tiararezeki9179@man.com', 'TIARA REZEKI', 3, 2, 'P', 'ACEH TENGAH', '2004-02-12', '9179', '0041976977', '1104021108060036', '1104025202040001', 3, 3, NULL, 40, 'ARUL KUMER BARAT', NULL, 'SALWANI, S.Pd.I', 11, NULL, NULL, NULL, 'PATIMAH JORA', 11, NULL, NULL, NULL, NULL, '082365473165', '$2y$10$kaptvntZrJEfwNXviKdLdukLCCfJ8gDjWswNIvxSoMzmnPjPYfLym', NULL, NULL, 1, 6, 1653105037, 1653105037, 0),
(462, 'andreancanhari8959@man.com', 'ANDREAN CANHARI', 3, 2, 'L', 'Aceh Tengah', '2004-07-13', '8959', '0041710393', '1104020307060089', '1104021307040000', 1, 1, NULL, 37, 'Genting Gerbang', NULL, 'Mulyadi', 20, NULL, NULL, NULL, 'Munawarah', 20, NULL, NULL, NULL, NULL, '082362259223', '$2y$10$SW6etRCCtUTJwS9F6m600edCxqIWh/6FMb5Sa68GsmbKGWemnSgHq', NULL, NULL, 1, 6, 1653105037, 1653105037, 0),
(463, 'ilhamrizkipratama9023@man.com', 'ILHAM RIZKI PRATAMA ', 3, 2, 'L', 'Takengon', '2004-03-30', '9023', '0040892467', NULL, '1104113003040001', 1, 2, NULL, 24, 'Pinangan', NULL, 'Aldata', 15, NULL, NULL, NULL, 'Listia Misbiana', 15, NULL, NULL, NULL, NULL, '082284283707', '$2y$10$p1zV6XmrroB.yY5Ujgy1cOKl8GEKa9fBwzIbRyJ8o9pFJYcuFN9fm', NULL, NULL, 1, 6, 1653105037, 1653105037, 0),
(464, 'ayudalisma8970@man.com', 'AYU DALISMA', 3, 2, 'P', 'TAKENGON', '2004-05-07', '8970', '0041093042', '1104076303080078', '1104074705040001', 1, 3, NULL, 19, 'KAYUKUL', NULL, 'LARISKA ARTHANOS', 21, NULL, NULL, NULL, 'PARIDAH', 21, NULL, NULL, NULL, NULL, '085274505933', '$2y$10$gcdkTmviL15PFtQGo8cxhOHo97DbpdeDmNixPrOZ.sDp9W2E8I//W', NULL, NULL, 1, 6, 1653105037, 1653105037, 0),
(465, 'sabarollah9156@man.com', 'SABAROLLAH', 3, 2, 'L', 'kute Lintang', '2003-02-04', '9156', '0035684275', '1104071006060115', '1104070402030004', 5, 4, NULL, 19, 'Kute Lintang', NULL, 'Alamsyah', 22, NULL, NULL, NULL, 'nurjanah', 22, NULL, NULL, NULL, NULL, '085277605199', '$2y$10$MOakZTRrFdscvEWqR8d91OmnN6Etq2SFbuhLqYs5TWuZNxSrEFkmK', NULL, NULL, 1, 6, 1653105037, 1653105037, 0),
(466, 'heniwijayanti9011@man.com', 'HENI WIJAYANTI', 3, 2, 'P', NULL, NULL, '9011', NULL, NULL, NULL, NULL, NULL, NULL, 1, NULL, NULL, NULL, 15, NULL, NULL, NULL, NULL, 15, NULL, NULL, NULL, NULL, NULL, '$2y$10$njTymzhM/YZTwmr7EOceUe8NM1ble9SmMQw369cTi8FmAlHn5pZg2', NULL, NULL, 1, 6, 1653105037, 1653105037, 0),
(467, 'hermavalentina9012@man.com', 'HERMA VALENTINA', 3, 2, 'P', 'TAKENGON', '2004-08-03', '9012', '0041092818', '1104030107060008', '1104034308040003', 3, 3, NULL, 1, 'MONGAL', NULL, 'KUSWARNO', 16, NULL, NULL, NULL, 'ISNANINI', 16, NULL, NULL, NULL, NULL, '081360087717', '$2y$10$rX3VZUokh5qT3CWGZEauZextSVSG5RzqyEDXZlhiNPQkasfaOLyXG', NULL, NULL, 1, 6, 1653105037, 1653105037, 0),
(468, 'imamsamudra9024@man.com', 'IMAM SAMUDRA', 3, 2, 'L', NULL, NULL, '9024', NULL, NULL, NULL, NULL, NULL, NULL, 1, NULL, NULL, NULL, 17, NULL, NULL, NULL, NULL, 17, NULL, NULL, NULL, NULL, NULL, '$2y$10$hqFRdIUKWFlQghHufsj5XOq8KUJIDfoHeQvZtXSUi3t9NXmEfCUc2', NULL, NULL, 1, 6, 1653105037, 1653105037, 0),
(469, 'khairunnisa9050@man.com', 'KHAIRUNNISA', 3, 2, 'P', 'TAKENGON', '2004-05-04', '9050', NULL, NULL, NULL, NULL, NULL, NULL, 1, 'KALA KEMILI', NULL, 'ANWAR YAHYA', 18, NULL, NULL, NULL, 'ZULFINA', 18, NULL, NULL, NULL, NULL, '085275258316', '$2y$10$s/rK/Pj97ya6ia8CP.caYunIn3k4yH6Ok5msuVgTZpBeF/ghaPqVK', NULL, NULL, 1, 6, 1653105037, 1653105037, 0),
(470, 'orijagunawans9118@man.com', 'ORIJA GUNAWAN S', 3, 2, 'L', 'TAKENGON', '2004-01-22', '9118', '0041178346', '1104030501090002', NULL, 1, 3, NULL, 1, 'KEMILI', NULL, 'SUTRISNO', 19, NULL, NULL, NULL, 'SRINGADINEM', 19, NULL, NULL, NULL, NULL, '085275416486', '$2y$10$2GspgtD8J0pAq2boFRnuve0QwIrLGtg.gNgY.aGfzRQiy1CxI1tCu', NULL, NULL, 1, 6, 1653105037, 1653105037, 0),
(471, 'wiramahendra9183@man.com', 'WIRA MAHENDRA', 3, 2, 'L', 'SP EMPAT', '2002-09-10', '9183', '0026841062', NULL, '1104031009020000', 6, 5, NULL, 1, 'SP EMPAT', NULL, 'DAHLAN', 20, NULL, NULL, NULL, 'MAISARAH', 20, NULL, NULL, NULL, NULL, '085322649347', '$2y$10$OkUW4Kazw5bGrcsVzogrDOhKP7arxokHxg6Fe54JBtKH1N02sFw52', NULL, NULL, 1, 6, 1653105037, 1653105037, 0),
(472, 'm.riezapahlevi9057@man.com', 'M. RIEZA PAHLEVI', 3, 3, 'L', 'Bale Atas', '2004-02-17', '9057', '0042031980', '11041715060600058', '1104171702050001', 1, 2, NULL, 32, 'Pinangan', NULL, 'Mizwar Fahri', 13, NULL, NULL, NULL, 'Ervina Spd', 13, NULL, NULL, NULL, NULL, '082312775105', '$2y$10$kx.R7P4AX.fP1UG8eq9gwONavHAjD1aVqK/ztrLRbG0DMccUfjdJ.', NULL, NULL, 1, 6, 1653105037, 1653105037, 0),
(473, 'razakrafsanjani9135@man.com', 'RAZAK RAFSANJANI', 3, 3, 'L', 'BIREUN', '2004-10-12', '9135', '0040615551', '1104032411080008', '1104031210040001', 1, 2, NULL, 43, 'JLN HM HASAN GAYO', NULL, 'ABDI FARIEK, SE Ak', 24, NULL, NULL, NULL, 'NUR HAFNI', 24, NULL, NULL, NULL, NULL, '081380108371', '$2y$10$U9mgIIL1d0Br4uIt0uiGYOU0Iz86chhagTMTBWnT2K2QFHvxDQGN.', NULL, NULL, 1, 6, 1653105037, 1653105037, 0),
(474, 'nadyabrudio9095@man.com', 'NADYA BRUDIO', 3, 3, 'P', 'BOGOR', '2004-01-15', '9095', '0043492641', '1104070908120004', '1117035501040002', 1, 2, NULL, 48, 'ARUL BADAK', NULL, 'FADLI ULFA', 5, NULL, NULL, NULL, 'TAJIAH', 5, NULL, NULL, NULL, NULL, '085213773205', '$2y$10$jm6K6XBvwVFL5OL6rvaNru56Vxj3FgY0Rn6RGhExar830qiMxn.HW', NULL, NULL, 1, 6, 1653105037, 1653105037, 0),
(475, 'najibmusapatinugraha9098@man.com', 'NAJIB MUSAPATI NUGRAHA', 3, 3, 'L', 'Takengon', '2004-12-01', '9098', '0043927031', '1104113005060040', '1104110112040001', 1, 3, NULL, 59, 'Kp.Paya Tumpi', NULL, 'Boy Abimayu', 16, NULL, NULL, NULL, 'Suhaila', 16, NULL, NULL, NULL, NULL, '081269159246', '$2y$10$LdQ1eBtjfROOY69oeyWYCew/1XwCw/2qltwBQebgBXjbTUhM7o0Ki', NULL, NULL, 1, 6, 1653105037, 1653105037, 0),
(476, 'rizkaiwanpasaranggayo9151@man.com', 'RIZKA IWAN PASA RANGGAYO', 3, 3, 'L', 'TAKENGON', '2003-09-09', '9151', '3036513267', NULL, NULL, NULL, NULL, NULL, 168, 'BEBESEN', NULL, 'RUHDIAN UTAMA, S.Pd', 6, NULL, NULL, NULL, 'UZMA FAZRI', 6, NULL, NULL, NULL, NULL, '082273473999', '$2y$10$VQNwHS8e3U6SH4irrBZpPu2h8D/PKh0fvpGu2YaMvPp7Y9UwgDj3W', NULL, NULL, 1, 6, 1653105037, 1653105037, 0),
(477, 'nadiasari9093@man.com', 'NADIA SARI', 3, 3, 'P', 'TAKENGON', '2004-06-19', '9093', '0040656098', '1104172101051649', '110417590604001', 7, 6, NULL, 168, ' BUJANG KEC. LUT TAWAR', NULL, 'KAMARUDDIN', 9, NULL, NULL, NULL, 'ASPIWANA', 9, NULL, NULL, NULL, NULL, '085260504146', '$2y$10$5YC7k1mdj2LknKHzTXjP0us/Awk/bL1gPrqoLOc5ABY8n1ngZOrUu', NULL, NULL, 1, 6, 1653105037, 1653105037, 0),
(478, 'raihandandi9130@man.com', 'RAIHAN DANDI', 3, 3, 'L', 'BIES MULIE', '2003-12-05', '9130', '0034826889', '1104201610170001', '1104040512030002', 1, 1, 'YATIM', 71, 'BIES MULIE', NULL, 'ALM. MUHTAR', 24, NULL, NULL, NULL, 'TUTI HANDAYANI', 24, NULL, NULL, NULL, NULL, '085224765166', '$2y$10$XoWs4D1muBSaC/K./4yaBe1t8/tUgLJ1C3gs/.BFOLeD2lwew87H6', NULL, NULL, 1, 6, 1653105037, 1653105037, 0),
(479, 'auliarafiqi8968@man.com', 'AULIA RAFIQI', 3, 3, 'L', 'KUTA CANE', '2004-01-31', '8968', '0040656173', NULL, '1104123101040000', NULL, NULL, NULL, 64, NULL, NULL, NULL, 2, NULL, NULL, NULL, NULL, 2, NULL, NULL, NULL, NULL, NULL, '$2y$10$P1lWI0Z0arr5s9wL4OyTTupiiIKx8.6n.9qNU7ACjDWor10PE9PT.', NULL, NULL, 1, 6, 1653105037, 1653105037, 0),
(480, 'azzatilakmar8973@man.com', 'AZZATIL AKMAR', 3, 3, 'P', 'ACEH BESAR', '2004-06-04', '8973', '0049992456', '1104032911110017', '1106094408040001', 2, 2, NULL, 64, 'MENDALE KEBAYAKAN', NULL, 'HERMAN', 3, NULL, NULL, NULL, 'KAMARIYANTI', 3, NULL, NULL, NULL, NULL, '08116817993', '$2y$10$2tsD2LgrIjdtErHdiMliQeRmUzfkY67VVtqRVrSCZdHzBQIdZ.PvG', NULL, NULL, 1, 6, 1653105038, 1653105038, 0),
(481, 'firamaulana9002@man.com', 'FIRA MAULANA', 3, 3, 'P', 'Aceh Tengah', '2004-03-09', '9002', '0072239473', '1104170103080004', '1104174903040004', 1, 2, NULL, 64, 'Asir Asir', NULL, 'Kadri', 4, NULL, NULL, NULL, 'Asna', 4, NULL, NULL, NULL, NULL, '082370819575', '$2y$10$9aYnVEhVkkpMSaBHexdCOOQaFj17Iy/ES728FbGFoTRqIRXvZmUNO', NULL, NULL, 1, 6, 1653105038, 1653105038, 0),
(482, 'intanrindipurwati9025@man.com', 'INTAN RINDI PURWATI', 3, 3, 'P', 'ACEH TENGAH', '2004-07-12', '9025', '0049629840', '1104030206060152', '1104035207040004', 2, 2, NULL, 64, 'NUNANG ANTARA', NULL, 'JUNAIDI', 5, NULL, NULL, NULL, 'REMIAH', 5, NULL, NULL, NULL, NULL, '085277158619', '$2y$10$ZyQO82jd6Rm2CsNEN8TPXOYI5Hn3irVfkmlI.rpbcHo3Aoqjs.PdO', NULL, NULL, 1, 6, 1653105038, 1653105038, 0),
(483, 'riswandianugrah9150@man.com', 'RISWANDI ANUGRAH', 3, 3, 'L', 'TAKENGON', '2004-07-03', '9150', '0041092817', '1104031805060161', '1104030307040002', 2, 3, NULL, 64, 'KEMILI', NULL, 'DJUMADI', 6, NULL, NULL, NULL, 'SURYANI', 6, NULL, NULL, NULL, NULL, '085277735559', '$2y$10$JbLr1z1y1dKWv.c.sWnqvO7wz60WhyFK0SI86PbwIJkKLNm/TrIVa', NULL, NULL, 1, 6, 1653105038, 1653105038, 0),
(484, 'auliarahmi8969@man.com', 'AULIA RAHMI', 3, 3, 'P', 'TAKENGON ', '2003-01-07', '8969', '0032663323', '1104031105060013', '1104034701030000', 2, 2, NULL, 63, 'GELENGANG', NULL, 'ABD MUTHALIB', 4, NULL, NULL, NULL, 'MARDIA', 4, NULL, NULL, NULL, NULL, '082364045090', '$2y$10$jieI2iIYT7/Gp9RmupblJOpEXh3PiPPCLBPURXffqZjHwliv60Qrq', NULL, NULL, 1, 6, 1653105038, 1653105038, 0),
(485, 'dhiyajinansausan8988@man.com', 'DHIYA JINAN SAUSAN', 3, 3, 'P', 'TAKENGON', '2004-06-20', '8988', '0040656096', '1104030306060056', '1104036006040002', 3, 4, NULL, 63, 'JLN LEBE KADER', NULL, 'YANUAR NOVARA', 5, NULL, NULL, NULL, 'MIA KURNIAWATI', 5, NULL, NULL, NULL, NULL, '082236432650', '$2y$10$vVVH0nuAVK6B2LMiDpTEoeM2iA/BZpQIJzxtt74YgCZcYZkMtfvgm', NULL, NULL, 1, 6, 1653105038, 1653105038, 0),
(486, 'nazlaaqnia9103@man.com', 'NAZLA AQNIA', 3, 3, 'P', 'CALEUE', '2004-06-04', '9103', '0040615541', '1104030506060124', '1104034406040000', 3, 5, NULL, 63, 'PASAR INPRES', NULL, 'NAZARUDDIN', 6, NULL, NULL, NULL, 'NILAWATI USMAN', 6, NULL, NULL, NULL, NULL, '081360539776', '$2y$10$sHc29z84L51nJ2qoMJvdiOCiVQnK3WPNkv44boBaFUGyNBNXpPuNW', NULL, NULL, 1, 6, 1653105038, 1653105038, 0),
(487, 'yulianda9189@man.com', 'YULIANDA', 3, 3, 'P', 'Takengon', '2004-07-30', '9189', '0040892456', '1104030205060042', '1104033007050001', 4, 4, NULL, 63, 'Jln Lintang', NULL, 'Riskan Auril', 7, NULL, NULL, NULL, 'Murniati SPD', 7, NULL, NULL, NULL, NULL, '085277973542', '$2y$10$BPFx5GjDvXp/uLlgCYFFees1JYqVnZYqPxlgWpbG4rJgyGcrOQOua', NULL, NULL, 1, 6, 1653105038, 1653105038, 0),
(488, 'zahran9190@man.com', 'ZAHRAN', 3, 3, 'L', 'TAKENGON', '2005-01-17', '9190', '0050314861', '1104170107200000', '1104086808800000', NULL, NULL, NULL, 63, 'KUTENI REJE', NULL, 'DARMANSAH', 8, NULL, NULL, NULL, 'AYUSEARA PUTRI GAYOSIA', 8, NULL, NULL, NULL, NULL, '082367283077', '$2y$10$4cT5zp2KHcW12UBJ5dsOLOTosZ3.C3jprrPddbRs.socXFPELZ9Re', NULL, NULL, 1, 6, 1653105038, 1653105038, 0),
(489, 'elmafebriani8993@man.com', 'ELMA FEBRIANI', 3, 3, 'P', 'Takengon', '2004-01-01', '8993', '007965385', '1104172604060021', '1104174102050002', 3, 3, NULL, 62, 'TOWEREN', NULL, 'Dasaman', 1, NULL, NULL, NULL, 'Asmidar', 1, NULL, NULL, NULL, NULL, '085315079913', '$2y$10$rQfQAXkHOxwA7D6aAjKmOeackDcHbuAw5Zd7L.O.7ZfmMoO8QtFNq', NULL, NULL, 1, 6, 1653105038, 1653105038, 0),
(490, 'ifasilvia9019@man.com', 'IFA SILVIA', 3, 3, 'P', 'lhoksmawe', '2004-04-13', '9019', '0031678371', '1104111004170003', '11730045803040001', 2, 2, NULL, 61, 'Paya Tumpi 1', NULL, 'Darwin firmansyah', 7, NULL, NULL, NULL, 'nur laila', 7, NULL, NULL, NULL, NULL, '082165592639', '$2y$10$L.vk3FDdxMCATYm359iDA.fZmDBO/yWpGTs6dOFBPV9hqbeESMCcu', NULL, NULL, 1, 6, 1653105038, 1653105038, 0),
(491, 'niarahmadani9104@man.com', 'NIA RAHMADANI', 3, 3, 'P', 'Aceh Tengah', '2004-12-30', '9104', '0048966376', '1104040806060066', '1104047009040001', 3, 3, NULL, 61, 'Bur Lintang', NULL, 'Firdaus', 8, NULL, NULL, NULL, 'Hasanah', 8, NULL, NULL, NULL, NULL, '085292733025', '$2y$10$DXn0SGp9Ky5Aposg/mOUjOwKbStILC2xwZw/PevWM1CIsXoxkcw3S', NULL, NULL, 1, 6, 1653105038, 1653105038, 0),
(492, 'nindasafitri9109@man.com', 'NINDA SAFITRI', 3, 3, 'P', 'TAKENGON', '2004-08-21', '9109', '0042032027', '1104032905060067', '1104036108040000', 1, 1, NULL, 61, 'NUNANG ANTARA', NULL, 'IHSANNIMALDI', 9, NULL, NULL, NULL, 'HASNA LINDA', 9, NULL, NULL, NULL, NULL, '085370568333', '$2y$10$vb66mWxev0K2JXA1Zf9WG.vKhfEM8BhLhM8sKfooXBukf9XWbbVbi', NULL, NULL, 1, 6, 1653105038, 1653105038, 0),
(493, 'yuliana9188@man.com', 'YULIANA', 3, 3, 'P', 'takengon', '2004-07-12', '9188', '0040615053', '110403208060006', '1104035207040005', 3, 1, NULL, 61, 'Jln.Genensa baru', NULL, 'Saifuddin', 10, NULL, NULL, NULL, 'Suartin', 10, NULL, NULL, NULL, NULL, '081360356223', '$2y$10$H14Gf4Zsr/Rsf.BazOQiYeobJm9bK8ybYofOuEsnZeAxpqgY/hUJy', NULL, NULL, 1, 6, 1653105038, 1653105038, 0),
(494, 'nadiamahara9092@man.com', 'NADIA MAHARA', 3, 3, 'P', 'ACEH TENGAH', '2004-07-17', '9092', '0045997501', '1104022212060006', '1104025707040001', 1, 2, NULL, 60, 'BLANG KOLAK I', NULL, 'ZULKARNAIN', 24, NULL, NULL, NULL, 'YANTIKA FITRI', 24, NULL, NULL, NULL, NULL, '082370329342', '$2y$10$3SVxsvZb4RVN7l7YcZJgleCytcQrC4y15xTcojS8Nv0ddOtbLDvRm', NULL, NULL, 1, 6, 1653105038, 1653105038, 0),
(495, 'm.fahri9056@man.com', 'M. FAHRI', 3, 3, 'L', 'ACEH TENGAH', '2004-07-27', '9056', '0045621954', '1104031506060017', '1104032707040002', 2, 2, NULL, 56, 'MONGAL', NULL, 'SUKURDI', 23, NULL, NULL, NULL, 'HADIJAH', 23, NULL, NULL, NULL, NULL, '085297034563', '$2y$10$I.2qiH2TFvIxsEbS6HwDQudIDpezW6OUzcJMnhmnL3P0gmikTzjFi', NULL, NULL, 1, 6, 1653105038, 1653105038, 0),
(496, 'mutiarezeki9089@man.com', 'MUTIA REZEKI', 3, 3, 'P', 'TAKENGON', '2004-01-03', '9089', '0048076659', '1104031506060037', '1104034301040002', 3, 4, NULL, 56, 'MONGAL', NULL, 'CHANDRA MAIRIZAL', 24, NULL, NULL, NULL, 'SAODAH', 24, NULL, NULL, NULL, NULL, '085262981973', '$2y$10$09.6K9dxPeT9ARoxjbmfT.sebxdBnsnazg94VOoNMEExLeRX16/Ji', NULL, NULL, 1, 6, 1653105038, 1653105038, 0),
(497, 'pujasimehate9121@man.com', 'PUJA SIMEHATE', 3, 3, 'P', 'MONGAL', '2004-05-04', '9121', '0049234417', '1104031506060026', '1104034405040000', 3, 2, NULL, 56, 'MONGAL', NULL, 'ISMUHA', 1, NULL, NULL, NULL, 'SUHAINI', 1, NULL, NULL, NULL, NULL, '082267170901', '$2y$10$BhWqLwIKNgUUNH8uBpkanOqvv/Qot9IrYwjgYoNkBjut0aTAusg/m', NULL, NULL, 1, 6, 1653105038, 1653105038, 0),
(498, 'refkiwiyanda9136@man.com', 'REFKI WIYANDA', 3, 3, 'L', 'TAKENGON', '2004-08-19', '9136', '0044548305', '1104030906060013', '110403180840001', 4, 3, NULL, 56, 'BLANG KOLAK II', NULL, 'DRS. ANSHARI ABDULLAH', 2, NULL, NULL, NULL, 'IRAWATI, S.Pd.I', 2, NULL, NULL, NULL, NULL, '085262704234', '$2y$10$S2YGfXG7sWYpktagbLLeheGMRzoso0.omPJwKicVLWHXuJaz4i/9K', NULL, NULL, 1, 6, 1653105038, 1653105038, 0),
(499, 'iradah9029@man.com', 'IRADAH', 3, 3, 'P', 'RATAWALI', '2003-07-01', '9029', '0035010738', '1104121305190001', '1104124107030049', 2, 2, 'YATIM', 43, 'TIMANG RASA', NULL, 'ALM. M. SALIM', 22, NULL, NULL, NULL, 'MAISARAH', 22, NULL, NULL, NULL, NULL, '082213919059', '$2y$10$igWPI6XiyiKe.yl7WFI9F.O2cDWOhgamo.csZ/hp0K3/4yjb/2Nqq', NULL, NULL, 1, 6, 1653105038, 1653105038, 0),
(500, 'maharani9064@man.com', 'MAHARANI', 3, 3, 'P', 'Angkup', '0000-00-00', '9064', '0039659344', '1104022305060014', '1104024308040001', 3, 2, 'Piatu', 40, 'Arul Kumer', NULL, 'herman', 8, NULL, NULL, NULL, 'Halimatus sadiah ( Alm)', 8, NULL, NULL, NULL, NULL, '085277136172', '$2y$10$Oa6z7P/ztOm47KpIleQB8u0UFheKptkTpwONTnk15o9A0QBeJxmrO', NULL, NULL, 1, 6, 1653105038, 1653105038, 0),
(501, 'rahmadayanti9125@man.com', 'RAHMADAYANTI', 3, 3, 'P', 'Blang Gele', '2003-11-22', '9125', '0021436703', '1104030306060032', '1104036211030005', 4, 4, NULL, 25, 'Blang Gele', NULL, 'nasirudin', 9, NULL, NULL, NULL, 'Sartik', 9, NULL, NULL, NULL, NULL, '081265238131', '$2y$10$XLiTgxfQCHCwWXD3Evf6BexQK874Jywf/A5YJVc23Fi90ImFYZ3XW', NULL, NULL, 1, 6, 1653105039, 1653105039, 0),
(502, 'ardianokta8964@man.com', 'ARDIAN OKTA', 3, 3, 'L', 'PEDEKOK', '2003-10-10', '8964', '35310769', '1104070103080050', NULL, 1, 2, NULL, 19, 'PENDERE SARIL', NULL, 'ARIANTO', 23, NULL, NULL, NULL, 'LAILAWATI', 23, NULL, NULL, NULL, NULL, '85360012558', '$2y$10$1jWrAMurAlz.9XOVrz9QMe7M/FgFSw3GAoaMY.f6JY8veITvXPhqy', NULL, NULL, 1, 6, 1653105039, 1653105039, 0),
(503, 'm.putrawansyah9061@man.com', 'M.PUTRA WANSYAH', 3, 3, 'L', 'KUTE LINTANG', '2004-06-23', '9061', '0040974394', '1104070806060023', '110472306040001', 1, 1, NULL, 19, 'KUTE LINTANG', NULL, 'JUMISAH', 24, NULL, NULL, NULL, 'ASNAWATI', 24, NULL, NULL, NULL, NULL, '085277496256', '$2y$10$SOfEmQXjbstvb9fvkjHQ1OwqeBq2bAxgeGiu8GxWw9aDRVHD3oBLi', NULL, NULL, 1, 6, 1653105039, 1653105039, 0),
(504, 'khairunnasirin9048@man.com', 'KHAIRUN NASIRIN', 3, 3, 'L', 'BINTANG', '2004-08-06', '9048', '0040974792', '1104080106060026', '1104080608030001', 2, 4, NULL, 11, 'KUALA KEC. BINTANG', NULL, 'HAMZAH', 13, NULL, NULL, NULL, 'HAWANI', 13, NULL, NULL, NULL, NULL, '082362465172', '$2y$10$.eaglIpGFPSTr3oqj.Pp9eSIFPERpvFtxtdmaUTfFN/.n.ccwiFwu', NULL, NULL, 1, 6, 1653105039, 1653105039, 0),
(505, 'marlindapuspita9069@man.com', 'MARLINDA PUSPITA', 3, 3, 'P', 'BUTER BALIK', '2004-04-13', '9069', '0042031598', '1104121007060051', '1104126304040000', 1, NULL, NULL, 1, 'BUTER BALIK', NULL, 'LUKMAN HAKIM', 21, NULL, NULL, NULL, 'MURNI', 21, NULL, NULL, NULL, NULL, '085280672106', '$2y$10$XRoB28urku0AwDay5XRMLeQQ818Bun1y0kPn/Hzso3/rkqbSJarY2', NULL, NULL, 1, 6, 1653105039, 1653105039, 0),
(506, 'maulidaafriani9070@man.com', 'MAULIDA AFRIANI', 3, 3, 'P', 'ACEH TENGAH', '2005-04-14', '9070', '0052101862', '1104170805060043', '1104176404060002', 2, 1, NULL, 1, 'ASIRASIR ATAS', NULL, 'HASAN SALEH', 22, NULL, NULL, NULL, 'WAJNAH', 22, NULL, NULL, NULL, NULL, '085361116500', '$2y$10$X8WV1Ofas5zL0yDG7iq8be55ZHDTpZcULwnsaYBK9g8IHIglKBKDG', NULL, NULL, 1, 6, 1653105039, 1653105039, 0),
(507, 'safrinandaputra9158@man.com', 'SAFRINANDA PUTRA', 3, 3, 'L', NULL, NULL, '9158', NULL, NULL, NULL, NULL, NULL, NULL, 1, NULL, NULL, NULL, 23, NULL, NULL, NULL, NULL, 23, NULL, NULL, NULL, NULL, NULL, '$2y$10$ZhrqLL1OsyHPpYZn3K/QKe5wI2ddEjwS7vXom8.BPp34.Gz8CYVly', NULL, NULL, 1, 6, 1653105039, 1653105039, 0),
(508, 'cutmeriahsyamsi8979@man.com', 'CUT MERIAH SYAMSI', 3, 4, 'P', 'TAKENGON', '2003-12-25', '8979', '0035976260', '1104031102090007', '1104031102090007', 3, 3, 'YATIM', 41, 'JALAN LINTANG', NULL, 'ALM. SENGEDA ARIANTO', 22, NULL, NULL, NULL, 'SULASTRI SENGEDA', 22, NULL, NULL, NULL, NULL, '081377087914', '$2y$10$IuxIy29bd5rN8rVO0vd5O.w.IzepT3D2jS7ckOV4BIigHJ4x0IyV2', NULL, NULL, 1, 6, 1653105039, 1653105039, 0),
(509, 'putrialyasalsabila9122@man.com', 'PUTRI ALYA SALSABILA', 3, 4, 'P', 'TAKENGON', '2004-09-02', '9122', '0040892461', '1104033112090001', '1104034209040001', 1, 1, NULL, 44, 'SIMPANG 4 BEBESEN', NULL, 'FITRA GUNAWAN', 1, NULL, NULL, NULL, 'MAHDALENA', 1, NULL, NULL, NULL, NULL, '085372855544', '$2y$10$35/PI9CEXsriVVdr9BTuFOjx3yPwkFv2kBCFGta.gYEss2uzosTZe', NULL, NULL, 1, 6, 1653105039, 1653105039, 0),
(510, 'adenovalkurnia8947@man.com', 'ADE NOVAL KURNIA', 3, 4, 'L', 'TAPAKTUAN', '2004-11-27', '8947', '0046175238', '1104101410080002', '1104102711040002', 3, 2, NULL, 66, 'BLANG MANCUNG', NULL, 'UJANG MULIADI', 23, NULL, NULL, NULL, 'YUSRIDA', 23, NULL, NULL, NULL, NULL, '085338802898', '$2y$10$uOTuk4XG.F8P8lghdZgdbu2qdAlFpRtL7V/CnrnpMGJdZCs7PiNqK', NULL, NULL, 1, 6, 1653105039, 1653105039, 0);
INSERT INTO `students` (`id`, `email`, `name`, `classId`, `roomId`, `gender`, `placeOfBirth`, `dayOfBirth`, `nis`, `nisn`, `noKk`, `nik`, `numberOfSiblings`, `fromOfSiblings`, `orphan`, `schoolId`, `address`, `fatherNik`, `fatherName`, `fatherEmployeeId`, `fatherSchoolId`, `fatherincome`, `motherNik`, `motherName`, `motherEmployeeId`, `motherSchoolId`, `motherincome`, `image`, `phone`, `phoneFamily`, `password`, `ipAddress`, `about`, `statusId`, `privilegeId`, `createdAt`, `updatedAt`, `deletedAt`) VALUES
(511, 'anandasaskia8958@man.com', 'ANANDA SASKIA', 3, 4, 'P', 'TAKENGON', '2004-07-31', '8958', '0040615559', '1104032405060167', '1104037107040001', 3, 4, NULL, 168, 'MJM', NULL, 'MUSLIM', 10, NULL, NULL, NULL, 'RENI SANOLA', 10, NULL, NULL, NULL, NULL, '082369205073', '$2y$10$i6Bn.qEVU/qSJThiJ37IreHZ0hdzy/KHzREfL.2fdnDksc.ikiJGG', NULL, NULL, 1, 6, 1653105039, 1653105039, 0),
(512, 'randarizki9132@man.com', 'RANDA RIZKI', 3, 4, 'L', 'Tawardi', '2003-10-29', '9132', '0035505038', '1104031206060059', NULL, 2, 2, NULL, 168, 'Pendere saril', NULL, 'Efi Nafitrah', 11, NULL, NULL, NULL, '( ALM)', 11, NULL, NULL, NULL, NULL, '085275553705', '$2y$10$k81rkt6Vu7A3AdDipWWhROA2KGjn8/s0eVEI1.lCaSf.eAEhppRhS', NULL, NULL, 1, 6, 1653105039, 1653105039, 0),
(513, 'abrarilliyin8946@man.com', 'ABRAR ILLIYIN', 3, 4, 'L', 'TAKENGON', '2004-08-08', '8946', '0041499727', '1104031406060037', '1104030808040003', 3, 3, NULL, 64, 'PENDERE SARIL', NULL, 'LUKMAN, S.Ag, MBA', 7, NULL, NULL, NULL, 'MEGAWATI', 7, NULL, NULL, NULL, NULL, '085260468527', '$2y$10$TcsPTwgmcrESWe50Ag2zw.R.D2LJ.JLBFKmSeDlOs8Gp1p5cCA0Zu', NULL, NULL, 1, 6, 1653105039, 1653105039, 0),
(514, 'mauliyana9073@man.com', 'MAULIYANA', 3, 4, 'P', 'TAKENGON', '2004-05-01', '9073', NULL, '1104032905060027', '1104034105040001', 3, 4, NULL, 64, 'LR. SARA RASA', NULL, 'ZAKARIA', 8, NULL, NULL, NULL, 'NANI', 8, NULL, NULL, NULL, NULL, '082365845473', '$2y$10$fFfu0iMaacdOkqdHwcJsPeu.OnPencoQJfKsAwVh9wWW5BGieeDsa', NULL, NULL, 1, 6, 1653105039, 1653105039, 0),
(515, 'nadilaraudatunnisya9094@man.com', 'NADILA RAUDATUN NISYA ', 3, 4, 'P', 'TAKENGON', '2004-09-01', '9094', '0041093172', '1104110305060016', '1104114109040002', 4, 3, NULL, 64, 'JLN. PUTRI PUKES, DESA LOT KALA', NULL, 'MARWAN', 9, NULL, NULL, NULL, 'SAUDAH ADAM', 9, NULL, NULL, NULL, NULL, '082363627741', '$2y$10$0Rstbd9f/xZtXHWjkKRNPOEy4iKsdSz4hm/wN7MEDjcGSGV50UnMe', NULL, NULL, 1, 6, 1653105039, 1653105039, 0),
(516, 'wulanmelisa9184@man.com', 'WULAN MELISA', 3, 4, 'P', 'ISAQ', '2004-01-14', '9184', '0048530461', '11040102305060007', '1104031401040001', 9, 9, 'PIATU', 64, 'UMAH OPAT', NULL, 'SOFYAN', 10, NULL, NULL, NULL, 'ALM. NUZILAH', 10, NULL, NULL, NULL, NULL, '085297542155', '$2y$10$I8aYsCtlr8I1qwUvKNTGfeytClEv7A0mkureWTsa1fvJ5Me1L2RtG', NULL, NULL, 1, 6, 1653105039, 1653105039, 0),
(517, 'meethalaura9076@man.com', 'MEETHA LAURA', 3, 4, 'P', 'TAKENGON', '2004-05-16', '9076', '0040615539', '1104032405060148', '1104175605040001', 2, 2, NULL, 63, 'JALAN SUDIRMAN NO 69', NULL, 'MUHAMMAD YACOB', 9, NULL, NULL, NULL, 'MUTIA', 9, NULL, NULL, NULL, NULL, '085277021897', '$2y$10$wHHi1tLTTdmyoBMrCJh1ZeGRZFvpxC.iEMyYIcGvLKPRfO6s8un/m', NULL, NULL, 1, 6, 1653105039, 1653105039, 0),
(518, 'putrikawazula9124@man.com', 'PUTRI KAWAZULA', 3, 4, 'P', 'Takengon', '2004-05-27', '9124', '0043879572', '1104030905080003', '110403670504001', 5, 4, 'Piatu', 63, 'Blang Gele', NULL, 'Musa', 10, NULL, NULL, NULL, 'Munah Masnu ( alm)', 10, NULL, NULL, NULL, NULL, '085260003886', '$2y$10$/aqXLxzZhN.eKg/MrQgus.hTAKob.lLBezMVsbWD1f1rBKkBUgVf6', NULL, NULL, 1, 6, 1653105039, 1653105039, 0),
(519, 'riskisetiawan9147@man.com', 'RISKI SETIAWAN', 3, 4, 'L', 'BEBESEN', '2004-01-25', '9147', '0045354776', '1104032704060073', '1104032501040001', 2, 2, NULL, 63, 'BEBESEN', NULL, 'SAIFUL TAWARUDDIN', 11, NULL, NULL, NULL, 'MAHYUNI', 11, NULL, NULL, NULL, NULL, '085277260940', '$2y$10$emDzBIPAXfvzir0MZxxjq.8Z9sZRSGy5jq2ql1DpdWdChlgYWKmey', NULL, NULL, 1, 6, 1653105039, 1653105039, 0),
(520, 'noraarifah9110@man.com', 'NORA ARIFAH', 3, 4, 'P', 'TAKENGON', '2004-04-17', '9110', '0041178350', '1104031703080033', '1104036108880003', 2, 3, NULL, 61, 'DALING', NULL, 'MAHLI MUHAMMAD', 11, NULL, NULL, NULL, 'MUNAWARAH', 11, NULL, NULL, NULL, NULL, '085275080074', '$2y$10$25A0kECy4FQbMkrruuYfQedqx2L4m1xrFBZyyims.2oSexrzFhuYe', NULL, NULL, 1, 6, 1653105039, 1653105039, 0),
(521, 'diskiadlani8990@man.com', 'DISKI ADLANI', 3, 4, 'L', 'TAKENGON', '2003-12-17', '8990', '0035037929', '1104112305060016', '110411112030001', 2, 4, NULL, 60, 'KEBAYAKAN, PRUMNAS', NULL, 'HAMDI FITRIYA, S.Ag', 1, NULL, NULL, NULL, 'EMI SUKESIH', 1, NULL, NULL, NULL, NULL, '085297712972', '$2y$10$8sjeoA8q.PZFvvAljNSVH.FJOOX40sv5wJYRQ3BuWL1Mdis7E3xaq', NULL, NULL, 1, 6, 1653105039, 1653105039, 0),
(522, 'fahmimaisya8994@man.com', 'FAHMI MAISYA', 3, 4, 'L', 'TAKENGON', '2004-04-11', '8994', '0040613340', '1104030805060017', '1104031104040001', 3, 2, NULL, 60, 'KALA KEMILI', NULL, 'IRFAN, S.Pd.I', 2, NULL, NULL, NULL, 'RAHMAH, S.ST', 2, NULL, NULL, NULL, NULL, '085260577884', '$2y$10$h9YPCbMXxNV2LZpzAZkLuOqUf11sO.PXi2U40nAoXrLpf6P3j4crm', NULL, NULL, 1, 6, 1653105039, 1653105039, 0),
(523, 'israazzahra9032@man.com', 'ISRA AZZAHRA', 3, 4, 'P', 'BEBESEN', '2004-09-13', '9032', '0047394279', '1104030304060043', '1104035309040001', 1, 2, NULL, 60, 'LEMAH BURBANA', NULL, 'KURNIADI', 3, NULL, NULL, NULL, 'MARIATI', 3, NULL, NULL, NULL, NULL, '085260761745', '$2y$10$ya62pFGnOB72H7THYbC0duNje4nUs/EoISrQlZFy5GWK.aheZbFWe', NULL, NULL, 1, 6, 1653105040, 1653105040, 0),
(524, 'laulasalsabila9051@man.com', 'LAULA SALSABILA', 3, 4, 'P', 'TAKENGON', '2005-03-08', '9051', '0050358850', '1104031206060188', '1104034803050000', 1, 3, NULL, 60, 'BELANG KOLAK 2', NULL, 'ALWINSYAH', 4, NULL, NULL, NULL, 'MILA NIARTI', 4, NULL, NULL, NULL, NULL, '085260248238', '$2y$10$GCRvGmGpvdjzjxyCBM0Kp.RatfnfGm3mbaWaWr89pbz2lXBz62arq', NULL, NULL, 1, 6, 1653105040, 1653105040, 0),
(525, 'iqbaldarmawan9028@man.com', 'IQBAL DARMAWAN', 3, 4, 'L', 'Kenyeren', '2004-12-20', '9028', '0047638264', '1104122405060086', '1104122012040001', 2, 2, NULL, 58, 'Tawardi', NULL, 'Iskandar', 8, NULL, NULL, NULL, 'Maisyarah', 8, NULL, NULL, NULL, NULL, '082370537599', '$2y$10$Ccms6PA/CGfPpwXh2m9HUuX.giYOu8gqJCvpeklNYgH3tSGGkxM9i', NULL, NULL, 1, 6, 1653105040, 1653105040, 0),
(526, 'nadyatiaraniaprilia9096@man.com', 'NADYA TIARANI APRILIA', 3, 4, 'P', 'KOTA CANE', '2004-04-12', '9096', '0044336076', '1104112312150003', '1104115204040003', 1, 3, NULL, 56, 'DESA PINANGAN', NULL, 'KHALIDIN PINEM', 3, NULL, NULL, NULL, 'SUSANTI', 3, NULL, NULL, NULL, NULL, '085277820620', '$2y$10$zxTiKhE8zpj1qj5blLwhpOn7B7mhf1ivgwK54qVdy5Pfu6Lp4ORXi', NULL, NULL, 1, 6, 1653105040, 1653105040, 0),
(527, 'reladi9137@man.com', 'RELADI', 3, 4, 'L', 'TAKENGON', '2004-12-26', '9137', '0042691805', '1104030105060137', '1104031312050000', 1, 2, 'PIATU', 56, 'JAMUR LAYA', NULL, 'NURJAMANSYAH CIBRO', 4, NULL, NULL, NULL, 'ALM MAYALINAHA', 4, NULL, NULL, NULL, NULL, '085260344009', '$2y$10$60lIuAGsji5/5CGfowNI6O.T2yhmk/FZB46NoiBgGQETugVaSj6jW', NULL, NULL, 1, 6, 1653105040, 1653105040, 0),
(528, 'riski9145@man.com', 'RISKI', 3, 4, 'L', 'Bebesen', '2004-06-13', '9145', '0045442699', '1104032704060012', '1104032704060012', 3, 3, NULL, 56, 'Bebesen', NULL, 'Gunawan', 5, NULL, NULL, NULL, 'Maisyarah SAG', 5, NULL, NULL, NULL, NULL, '085262197178', '$2y$10$btaGwB/60VF92.V6pJXvke3qYYZPQooMCFAAt31nW/O1fDL/roMla', NULL, NULL, 1, 6, 1653105040, 1653105040, 0),
(529, 'selviapintenate9171@man.com', 'SELVIA PINTE NATE', 3, 4, 'P', 'ACEH TENGAH', '2005-02-11', '9171', '0041773181', '1104121906070001', '1104125102050002', 2, 4, NULL, 42, 'TAWAR MIKO', NULL, 'EDI MULYADI', 6, NULL, NULL, NULL, 'HERAWATI', 6, NULL, NULL, NULL, NULL, '085277380882', '$2y$10$ZLXastE6yg.QkfBlVJXYc.vjbsC2sA7e3/SedN9WGSUyoi6rrvTMq', NULL, NULL, 1, 6, 1653105040, 1653105040, 0),
(530, 'dahriaziz8981@man.com', 'DAHRI AZIZ', 3, 4, 'L', 'arul Kumer', '2004-12-04', '8981', '0041977013', '1104021205060006', '1104020412040001', 1, 2, NULL, 40, 'Arul Kumer', NULL, 'Azhari', 12, NULL, NULL, NULL, 'Jamilasma', 12, NULL, NULL, NULL, NULL, '082360058282', '$2y$10$4sbRoPoW3oICIcX1Kttu3u4VSBc1PLC9sAqRQhsgmtjgY08u2DPKW', NULL, NULL, 1, 6, 1653105040, 1653105040, 0),
(531, 'humairanadila9015@man.com', 'HUMAIRA NADILA', 3, 4, 'P', 'ACEH TENGAH', '2005-01-13', '9015', '0050399586', '1104020806070001', '1104025301050002', 1, 2, NULL, 39, 'ARUL KUMER', NULL, 'MUSLIM', 14, NULL, NULL, NULL, 'ARINA', 14, NULL, NULL, NULL, NULL, '085262842946', '$2y$10$NmOKdIeYkucqsch74qVireGay.uDAF8nqVks9nlaa2t/st5OXsB1u', NULL, NULL, 1, 6, 1653105040, 1653105040, 0),
(532, 'desimahbengi8985@man.com', 'DESI MAHBENGI', 3, 4, 'P', 'BLANG GELE', '2004-09-06', '8985', '00407111015', '1104030206060144', '1104034609040001', 3, 2, NULL, 25, 'BLANG GELE', NULL, 'ABU BAKAR', 10, NULL, NULL, NULL, 'SRI MURNI', 10, NULL, NULL, NULL, NULL, '082366704315', '$2y$10$iUFkO5DZZ/OBzFKAOKjBd.gF3D2hpjAuewZ3x9Z86QP8T4kPVuk3y', NULL, NULL, 1, 6, 1653105040, 1653105040, 0),
(533, 'ruaida9153@man.com', 'RUAIDA', 3, 4, 'P', 'LEMAH BURBANA', '2004-06-29', '9153', '0048174444', '1104033108130002', '1104036006040001', 4, 5, 'YATIM', 24, 'LEMAH BURBANA', NULL, 'ALM. MUSTAFA', 16, NULL, NULL, NULL, 'SULASTRI', 16, NULL, NULL, NULL, NULL, '082248092004', '$2y$10$mbnZ3WM6qfZHJADywVzRuOsLNMQIbVommzXMAbFHb.VIlfEuRaNoi', NULL, NULL, 1, 6, 1653105040, 1653105040, 0),
(534, 'rezekiwananto9140@man.com', 'REZEKI WANANTO', 3, 4, 'L', 'ACEH TENGAH', '2004-05-08', '9140', '0041093045', '1104072706070002', '1104070605040001', 3, 2, NULL, 19, 'BLANG BEBANGKA', NULL, 'HALID, S.Pd', 1, NULL, NULL, NULL, 'ZALILA', 1, NULL, NULL, NULL, NULL, '082370293106', '$2y$10$HknD8m6kzxIC4UsLGX6cOeZll5jPC2C7OUsS/j9QGqvhmtDdl6BXa', NULL, NULL, 1, 6, 1653105040, 1653105040, 0),
(535, 'jamianqalbu9037@man.com', 'JAMIAN QALBU', 3, 4, 'L', 'BINTANG', '2004-05-07', '9037', '0040892524', '1104082101051283', '1104080705040001', 3, 3, NULL, 11, 'KALA BINTANG', NULL, 'ZAINUDDIN', 14, NULL, NULL, NULL, 'UNZILAH', 14, NULL, NULL, NULL, NULL, '081240611254', '$2y$10$7tiU4E7XShiTQ/9K.WNIHO2LNNOiNmOOOHk3kM7xt92X90WB8t7MS', NULL, NULL, 1, 6, 1653105040, 1653105040, 0),
(536, 'asparina8966@man.com', 'ASPARINA', 3, 4, 'P', 'JALUK', '2004-10-23', '8966', '00406115022', '1104102006060014', '11041063310040000', 3, 2, NULL, 1, 'JALUK', NULL, 'HASAN BASRI', 24, NULL, NULL, NULL, 'KEMALAWATI', 24, NULL, NULL, NULL, NULL, '082232493415', '$2y$10$rYVU7yim8pxUIiiZgRhrzuUyhtQyl/sBb7lz.AC5lX4y.vSgijdgC', NULL, NULL, 1, 6, 1653105040, 1653105040, 0),
(537, 'husnimahtuah9017@man.com', 'HUSNI MAHTUAH', 3, 4, 'L', 'REREMAL', '2003-06-16', '9017', NULL, '1104082604060008', '1104081806030001', 2, 1, NULL, 1, 'LEMAH', NULL, 'ADNAN ARIF', 1, NULL, NULL, NULL, 'SAMSURI', 1, NULL, NULL, NULL, NULL, '082283669783', '$2y$10$A6/BN71Ipf4dOJCdkZMlt.dbMnZ0PFlYK.cdJN9LxiI.zbXrz7RQ2', NULL, NULL, 1, 6, 1653105040, 1653105040, 0),
(538, 'khairunisa9049@man.com', 'KHAIRUNISA', 3, 4, 'P', 'BUTER BALIK', '2004-01-08', '9049', '0042031594', '1104121007060025', '1104124801040000', 3, 2, NULL, 1, 'BUTER BALIK', NULL, 'MUHAMMAD KHABIR', 2, NULL, NULL, NULL, 'KAMARIAH', 2, NULL, NULL, NULL, NULL, '085276384121', '$2y$10$OWLmCGBac1u5o3am7ld5E.EqsXyg/Mtci.mII6NqlWEmkrzkcFpn2', NULL, NULL, 1, 6, 1653105040, 1653105040, 0),
(539, 'm.subki9062@man.com', 'M.SUBKI', 3, 4, 'L', 'TAKENGON', '2004-11-20', '9062', '0047241744', '1117031702180001', '1104032011040000', 3, 2, NULL, 1, 'BUNTUL NANGKA', NULL, 'HASBI', 3, NULL, NULL, NULL, 'NURAINI', 3, NULL, NULL, NULL, NULL, '082311921527', '$2y$10$oAt580SGPXISztz0zzJ9W.PntvsuhRrj0deVumzhOBpF71yHvYF0u', NULL, NULL, 1, 6, 1653105040, 1653105040, 0),
(540, 'magfirahyurisma9063@man.com', 'MAGFIRAH YURISMA', 3, 4, 'P', NULL, NULL, '9063', NULL, NULL, NULL, NULL, NULL, NULL, 1, NULL, NULL, NULL, 4, NULL, NULL, NULL, NULL, 4, NULL, NULL, NULL, NULL, NULL, '$2y$10$ZCqc3SAlEUPMJFB58IbhHuc.cyGyqdjQObJ1BNcGW8coYOGFLGxAK', NULL, NULL, 1, 6, 1653105040, 1653105040, 0),
(541, 'mislanbahana9083@man.com', 'MISLAN BAHANA', 3, 4, 'L', 'SP.TERITIT', '2003-12-29', '9083', '0035731015', '1117031705060019', '11170329120330000', 1, 2, NULL, 1, 'ANGKUP', NULL, 'AZMISYAM', 5, NULL, NULL, NULL, 'SUSILA', 5, NULL, NULL, NULL, NULL, '082162000680', '$2y$10$mGtK4Fhkl6gYHtbqpa5FEOSoJHXINNJeGax.HDvzAc/YEZWnAsNe.', NULL, NULL, 1, 6, 1653105040, 1653105040, 0),
(542, 'niaramadhana9105@man.com', 'NIA RAMADHANA', 3, 4, 'P', 'ACEH TENGAH ', '2004-11-06', '9105', '0040376296', '1104072905060049', '1104074611040000', 2, 1, NULL, 1, 'BLANG BEBANGKA', NULL, 'M.ARIF', 6, NULL, NULL, NULL, 'TIRMIKO', 6, NULL, NULL, NULL, NULL, '085260949239', '$2y$10$Q3V/W8ETPueE9xMxMwB5GuD6QMf8M1e/FCXDszIOHmoliluEuLPpW', NULL, NULL, 1, 6, 1653105040, 1653105040, 0),
(543, 'ramadhanfitra9131@man.com', 'RAMADHAN FITRA', 3, 4, 'L', 'TAKENGON', '2004-10-07', '9131', NULL, NULL, NULL, NULL, NULL, NULL, 1, 'SIMPANG 4 BEBESEN', NULL, 'YUSRA', 7, NULL, NULL, NULL, 'SURYANI', 7, NULL, NULL, NULL, NULL, '085270106688', '$2y$10$u5rzEbjGtoOMAKQH1pcorec6S6Q7MN7ooc6/2xoWZx1foWoRM30Qi', NULL, NULL, 1, 6, 1653105040, 1653105040, 0),
(544, 'rizkiiwanramadan9152@man.com', 'RIZKI IWAN RAMADAN', 3, 4, 'L', 'GISTING', '2004-10-17', '9152', '0048435370', '1104031404060016', '1104031710040000', 2, 4, NULL, 1, 'EMPUS TALU', NULL, 'HADI ISRA', 8, NULL, NULL, NULL, 'NARSIAH', 8, NULL, NULL, NULL, NULL, '082361909674', '$2y$10$bNm3/MF0pEk5SpovqSQFaecxg5GUlgBBWjhVLFt40Gfq9VEjzqB3.', NULL, NULL, 1, 6, 1653105041, 1653105041, 0),
(545, 'putridamayani9123@man.com', 'PUTRI DAMAYANI', 3, 5, 'P', 'MUARA SITULEN', '2004-03-06', '9123', '0040372280', '1102051208170001', '1102064603040001', 3, 4, 'PIATU', 23, 'BALE HAKIM TAKENGON', NULL, 'ARGUNARA, S.Pd', 4, NULL, NULL, NULL, 'ALM. NUR ASIAH', 4, NULL, NULL, NULL, NULL, '085218693284', '$2y$10$Fjcuymp06kZP4ZzU/jbjz.RdiCnZhmvNUsQJ.ZKOCoJoL2qNVtWbC', NULL, NULL, 1, 6, 1653105041, 1653105041, 0),
(546, 'ruhda9154@man.com', 'RUHDA', 3, 5, 'L', 'GELE LAH', '2004-01-22', '9154', NULL, '1104032101053873', '1104032201040001', 2, 2, NULL, 54, 'GELE LAH', NULL, 'BASIR', 11, NULL, NULL, NULL, 'HASNAH', 11, NULL, NULL, NULL, NULL, '085260326085', '$2y$10$zm74DN/HicesQ4mp4zDb8uYvKrlw.ZjH3ffYLu51GqgoxufXZOH1.', NULL, NULL, 1, 6, 1653105041, 1653105041, 0),
(547, 'melawatiputri9077@man.com', 'MELAWATI PUTRI', 3, 5, 'P', 'ACEH TENGAH', '2004-10-24', '9077', '0040615986', '1104031104060006', '1104036410040002', 3, 2, NULL, 60, 'LELABU', NULL, 'HASILUDDIN AMNA', 17, NULL, NULL, NULL, 'NURMA DEWI', 17, NULL, NULL, NULL, NULL, '082362465536', '$2y$10$e9BYu6jkZ/gmM236T3TjFOnd4zsTHTw4/0Pw8lSygN0E3Ym4linie', NULL, NULL, 1, 6, 1653105041, 1653105041, 0),
(548, 'pinterezeki9120@man.com', 'PINTE REZEKI', 3, 5, 'P', 'KALANAREH', '2004-04-25', '9120', '0040632628', '1104071306060054', '1104076504040001', 3, 3, NULL, 73, 'SP. KELAPING', NULL, 'IKHSAN', 6, NULL, NULL, NULL, 'MUZNI', 6, NULL, NULL, NULL, NULL, '085207693323', '$2y$10$kAG80c.pFytRDurGZH6zMujgV4uuKWsRdp0HZb0ryhlf4cnQCT7Zm', NULL, NULL, 1, 6, 1653105041, 1653105041, 0),
(549, 'sarawidamelala9165@man.com', 'SARAWIDA MELALA', 3, 5, 'L', 'TAKENGON', '2004-06-08', '9165', '0049255331', '1104031505060081', '1104030805040001', 2, 3, NULL, 188, 'EMPUS TALU', NULL, 'MUHAMMAD', 2, NULL, NULL, NULL, 'NIRMAYATI', 2, NULL, NULL, NULL, NULL, '085277615809', '$2y$10$MR.u8dktkm5se3RAWpPe.OCGsuE1PhbA4ogxt5fbjY2tavU14QGMC', NULL, NULL, 1, 6, 1653105041, 1653105041, 0),
(550, 'helmifauziansah9009@man.com', 'HELMI FAUZIANSAH', 3, 5, 'L', 'TANSARIL', '2003-12-14', '9009', '0037463411', '1104030206060124', '1104031412030004', 2, 1, NULL, 64, 'BLANG KOLAK I', NULL, 'SUHADA ', 11, NULL, NULL, NULL, 'ITAWARI', 11, NULL, NULL, NULL, NULL, '085296982620', '$2y$10$lm5dPV..GcV1JY5NhF13XOPnL/U4t8ZziQK7P/JDNpjF/FZgtV5my', NULL, NULL, 1, 6, 1653105041, 1653105041, 0),
(551, 'husnasari9016@man.com', 'HUSNA SARI', 3, 5, 'P', 'Aceh Tengah', '2004-02-05', '9016', '0041093033', '1104070503080012', '110407450204001', 1, 3, NULL, 64, 'Kute Lintang', NULL, 'Abdussalam', 12, NULL, NULL, NULL, 'Sakinah', 12, NULL, NULL, NULL, NULL, '085206574923', '$2y$10$Axcgv3eMK9FiJbHq.SzBTOCe0OVEHMNNnJk1d8mC69P7i9wrC3kTa', NULL, NULL, 1, 6, 1653105041, 1653105041, 0),
(552, 'istiqomah9033@man.com', 'ISTIQOMAH', 3, 5, 'P', 'Kute Lintang', '2004-05-21', '9033', '0047919653', '1104110301120002', '1117076105040001', 2, 4, NULL, 64, 'Kute Lot Pinte Rime', NULL, 'Sabda', 13, NULL, NULL, NULL, 'Hasmaliana', 13, NULL, NULL, NULL, NULL, '082363666762', '$2y$10$75TQ5jXtV6UpjHem2rVLZuqLUOVFB4ekSEFBGMsMugA9alBXZ8bxq', NULL, NULL, 1, 6, 1653105041, 1653105041, 0),
(553, 'nuraisyahborun9111@man.com', 'NUR AISYAH BORU N', 3, 5, 'P', 'Takengon', '2004-02-18', '9111', '0035047645', '1104032805060004', '1104035802030003', 4, 5, NULL, 64, 'Keramat Mupakat', NULL, 'Wardi Nasution', 14, NULL, NULL, NULL, 'risma Manungkalit', 14, NULL, NULL, NULL, NULL, '081360429836', '$2y$10$ckGU0llE0D5QZ3X/HvZzBurVxXWHKF5l1AzmiAWcVtjx9A9UN6WI.', NULL, NULL, 1, 6, 1653105041, 1653105041, 0),
(554, 'saufayarda9168@man.com', 'SAUFA YARDA', 3, 5, 'P', 'ACEH TENGAH', '2004-01-07', '9168', '0042707314', '1104030202120002', '1104074701040001', 2, 1, NULL, 64, 'GELELAH', NULL, 'RAMDAN', 15, NULL, NULL, NULL, 'HADIZAH', 15, NULL, NULL, NULL, NULL, '085262620963', '$2y$10$4N0vWm0rfQ.YUqU9NkacyuoBH4ZPgKTE36HACFNwjhq0cunIPkeHy', NULL, NULL, 1, 6, 1653105041, 1653105041, 0),
(555, 'yowenibahgie9187@man.com', 'YOWENI BAHGIE', 3, 5, 'P', 'Bahgie', '2004-06-26', '9187', '0040613356', '1104032101053366', '1104036606040001', 2, 1, NULL, 64, 'bahgie', NULL, 'Amiruddin usman', 16, NULL, NULL, NULL, 'Armiati', 16, NULL, NULL, NULL, NULL, '08229471733', '$2y$10$3MKClyBSsCvQ9fcYVuRmseKpqE4Qj28nEG4QzjfUR04XDwqpQ8Vj.', NULL, NULL, 1, 6, 1653105041, 1653105041, 0),
(556, 'sariramadani9167@man.com', 'SARI RAMADANI', 3, 5, 'P', 'TAKENGON', '2004-10-14', '9167', '0041511851', '1104170811060006', '1104175410040001', 2, 3, NULL, 63, 'JONGOK BATHIN', NULL, 'HULWANI, SE', 12, NULL, NULL, NULL, 'ENDANG JUARSIH', 12, NULL, NULL, NULL, NULL, '081263252265', '$2y$10$bq8LcKcTVpag7eNfz3fHUu9/P4nFP68aSiPTd/QeWJPKKbk4U6AxS', NULL, NULL, 1, 6, 1653105041, 1653105041, 0),
(557, 'ylmianafitri9186@man.com', 'YLMIANA FITRI', 3, 5, 'P', 'Takengon', '2004-06-27', '9186', '0044549271', '1104032405060003', '1104036706040001', 1, 1, NULL, 63, 'Paya Tumpi', NULL, 'ILYAS WIRDANIA', 13, NULL, NULL, NULL, 'cut putri nursiah', 13, NULL, NULL, NULL, NULL, '085213308666', '$2y$10$rTHhHqYr9G.TpAu5ViN4RuzRGpfwcL6f3Etv0LXocH1Sc3MQ9B1Ji', NULL, NULL, 1, 6, 1653105041, 1653105041, 0),
(558, 'lidyaaudina9052@man.com', 'LIDYA AUDINA', 3, 5, 'P', 'Takengon', '2005-05-20', '9052', '0050314102', '1104036005050002', '1104036005050002', 4, 4, NULL, 56, 'Lr Keramat Mupakat', NULL, 'luthfi J Arison', 6, NULL, NULL, NULL, 'suryani S.Pd', 6, NULL, NULL, NULL, NULL, '085260303038', '$2y$10$NSiWfnHZ4GcNLbKc4TBdv.mr781Nb2pyRKUEGuOK0HBVhSLeIX4B2', NULL, NULL, 1, 6, 1653105041, 1653105041, 0),
(559, 'winnaufalmuhammad9182@man.com', 'WIN NAUFAL MUHAMMAD', 3, 5, 'L', 'MEDAN', '2004-06-30', '9182', '0042382919', '110411503110001', '1104113006040003', 1, 3, NULL, 56, 'BUKIT IWIH TAMIDELEM', NULL, 'EDDIANNOVA', 7, NULL, NULL, NULL, 'RAHMAWATI', 7, NULL, NULL, NULL, NULL, '085270823337', '$2y$10$dWTU1AcQlWAare3pMJ5K1uxdiGQJMBQ7C9QtOA4ahxqOvF.LHSZjC', NULL, NULL, 1, 6, 1653105041, 1653105041, 0),
(560, 'binautami8975@man.com', 'BINA UTAMI', 3, 5, 'P', 'Timang rasa', '2005-01-22', '8975', '0050314871', '1104120111060005', '1104126201050001', 2, 1, NULL, 43, 'Pantan Jerik', NULL, 'Hardi Saufa', 23, NULL, NULL, NULL, 'Yuliana', 23, NULL, NULL, NULL, NULL, '082283998170', '$2y$10$cjgEbU84PSo7dQr5gn4nYuX0PMaq9NCXsIDbCLxL87ib/cTp.LyN6', NULL, NULL, 1, 6, 1653105041, 1653105041, 0),
(561, 'ditaarmazayani8991@man.com', 'DITA ARMAZA YANI', 3, 5, 'P', 'Paya tumpi ', '2004-01-09', '8991', '0041517880', '1117041306060043', '1117044901040001', 1, 2, NULL, 43, 'Bukit Pepanyi', NULL, 'Edi sanjaya', 24, NULL, NULL, NULL, 'sarmawati', 24, NULL, NULL, NULL, NULL, '085277059056', '$2y$10$qFqQqhcCh08zI4gsrcKi3uxY2WWFiJsir8TvctlE/MPb7U6F24.Va', NULL, NULL, 1, 6, 1653105041, 1653105041, 0),
(562, 'anggunkaniya8961@man.com', 'ANGGUN KANIYA', 3, 5, 'P', 'Aceh Tengah', '2004-03-10', '8961', '0041636959', '1104023005060218', '1104025003040002', 1, 2, NULL, 39, 'Gunung Singit', NULL, 'Muhammad Ali', 15, NULL, NULL, NULL, 'Sriniati', 15, NULL, NULL, NULL, NULL, '082266204610', '$2y$10$9miK76fwQR5Uf1SCOa4LsOUqG4iJJ9K4k9ke5zLNOsRv3l5VjalcW', NULL, NULL, 1, 6, 1653105041, 1653105041, 0),
(563, 'mirnayanti9081@man.com', 'MIRNA YANTI', 3, 5, 'P', 'Sp.Kemili', '2004-11-27', '9081', '0041927308', '1104021706060011', '1104026711040001', 2, 1, NULL, 39, 'Sp Kemili', NULL, 'Ahmad', 16, NULL, NULL, NULL, 'Marhami', 16, NULL, NULL, NULL, NULL, '085260075689', '$2y$10$K1IGxPURuc6Mgx6hqEC5wuJc.VCL1XkdeKTFdtuJdUwSEIt1yo17S', NULL, NULL, 1, 6, 1653105041, 1653105041, 0),
(564, 'raniapermataputri9133@man.com', 'RANIA PERMATA PUTRI', 3, 5, 'P', 'MALANG', '2004-05-13', '9133', '0041636963', '1104023001130001', '1104025305040001', 2, 3, NULL, 39, 'GUNUNG SINGIT', NULL, NULL, 17, NULL, NULL, NULL, 'SURTINI', 17, NULL, NULL, NULL, NULL, '085360953952', '$2y$10$.g.qSuASbqUMzrOez/ZSnez00UytbyFaD214p./FSNVelORfyTY1W', NULL, NULL, 1, 6, 1653105041, 1653105041, 0),
(565, 'sitinurkhadijah9174@man.com', 'SITI NUR KHADIJAH', 3, 5, 'P', 'TAMBAK REJO', '2005-01-31', '9174', '0053640547', '1104023001170004', '1205127101050001', 1, 1, NULL, 35, 'WIH PESAM', NULL, 'BUDIANTO', 21, NULL, NULL, NULL, 'SRI WAHYUNI', 21, NULL, NULL, NULL, NULL, '082369776690', '$2y$10$.rw3fcN6cJ8iIa5I2gdUfeLXtXX4smCrlm.mLmG6f7LZuYNi5LjMu', NULL, NULL, 1, 6, 1653105041, 1653105041, 0),
(566, 'ipakyana9027@man.com', 'IPAK YANA', 3, 5, 'P', 'Takengon', '2004-06-20', '9027', '0040892446', '1104031004060016', '1104036006040003', 2, 1, NULL, 28, 'kampung Lelabu', NULL, 'Armaya', 5, NULL, NULL, NULL, 'trisna idayani Tebe', 5, NULL, NULL, NULL, NULL, '082367123450', '$2y$10$QnoVvSC22FLg6wPAsPjsxuMVYkP/ZNPj822BNl.5qFcaO6Y1hq7T.', NULL, NULL, 1, 6, 1653105042, 1653105042, 0),
(567, 'nazirahusna9102@man.com', 'NAZIRA HUSNA', 3, 5, 'P', 'Lelabu', '2004-03-08', '9102', '0040656157', '1104111506060009', '1104114803040001', 2, 2, NULL, 28, 'Lelabu', NULL, 'Hasan Basri', 6, NULL, NULL, NULL, 'Ramadhani', 6, NULL, NULL, NULL, NULL, '082363939998', '$2y$10$6RCEu.bu6sZE30d492vrEuJe.QPsMPhN4c2b07W/lZldxbWwvyige', NULL, NULL, 1, 6, 1653105042, 1653105042, 0),
(568, 'milajunitaslasih9079@man.com', 'MILA JUNITA SLASIH', 3, 5, 'P', 'Tetunjung', '2004-06-29', '9079', '0042371582', '117040806060297', '1117036906040001', 2, 2, NULL, 17, 'Lorong Berkat', NULL, 'Senen', 11, NULL, NULL, NULL, 'Sugianti', 11, NULL, NULL, NULL, NULL, '082284945273', '$2y$10$paI/2qq69WC7/pJ3oQvHW.GKP4xcI466uqp4TEiIKy2lvIaKUiC1.', NULL, NULL, 1, 6, 1653105042, 1653105042, 0),
(569, 'ma\'rifatinzahra9068@man.com', 'MA\'RIFATIN ZAHRA', 3, 5, 'P', 'TAKENGON', '2004-01-01', '9068', '0049610444', '1104032811060004', '1104034102040002', 1, 1, NULL, 1, 'KEMILI', NULL, 'ELVIANSYAH', 9, NULL, NULL, NULL, 'RUHDIANA', 9, NULL, NULL, NULL, NULL, NULL, '$2y$10$MhFWAmAWMW1usBRG9ub5XumbhpTMEMIgnu486WCW6OnJW7gMspDlm', NULL, NULL, 1, 6, 1653105042, 1653105042, 0),
(570, 'nafhahsyasyasajidah9097@man.com', 'NAFHAH SYASYA SAJIDAH', 3, 6, 'P', 'BATAM', '2002-09-22', '9097', '0028644507', '3324151007150002', '3324146209020001', 1, 2, NULL, 22, 'KEBAYAKAN', NULL, 'AGUS BUDI NUGROHO', 3, NULL, NULL, NULL, 'FITRIANI SAMOSIR', 3, NULL, NULL, NULL, NULL, '082221114040', '$2y$10$hNduY3xOcBVJBZwKGo6BHeKw8oERzV4mVi7MWX9LhiQLxufmbwXmi', NULL, NULL, 1, 6, 1653105042, 1653105042, 0),
(571, 'devianggraini8987@man.com', 'DEVI ANGGRAINI', 3, 6, 'P', 'ASIRASIR', '2003-03-25', '8987', '0038405137', '1104170107080001', '1104176503030003', 4, 3, NULL, 42, 'BALE BAWAH', NULL, 'TUKIMIN AR', 23, NULL, NULL, NULL, 'WAKIAH', 23, NULL, NULL, NULL, NULL, '085277727432', '$2y$10$.262TcASWRO1ZJm9teC7SuD9Lgi52Ycxx23m06UYQ2hvQF6FPILYW', NULL, NULL, 1, 6, 1653105042, 1653105042, 0),
(572, 'reynaldi9139@man.com', 'REYNALDI', 3, 6, 'L', 'TAKENGON', '2004-10-04', '9139', '0044784917', '1104122810110001', '110411041004001', 3, 3, NULL, 47, 'TAWARDI', NULL, 'TAHKIM', 4, NULL, NULL, NULL, 'ALM. ASMAWATI', 4, NULL, NULL, NULL, NULL, '081360075885', '$2y$10$eGepiDeHzYldtP4PCguo6O7iNRl5G24XyOK5yBIcXSYDMZOJhVXc6', NULL, NULL, 1, 6, 1653105042, 1653105042, 0),
(573, 'dechitaisnadiani8983@man.com', 'DECHITA ISNADIANI', 3, 6, 'P', 'TAKENGON', '2004-12-31', '8983', NULL, '1104031912180004', '1404147112040002', 2, 4, NULL, 53, 'KEMILI', NULL, 'SAMIDI', 10, NULL, NULL, NULL, 'SITI RAHMAWATI', 10, NULL, NULL, NULL, NULL, '082384478466', '$2y$10$F0BYaCNF4Przhg.daOGA2.vkqt0qiifVs9nqGiKcdgP9Ktzy354Oe', NULL, NULL, 1, 6, 1653105042, 1653105042, 0),
(574, 'alfisahri9194@man.com', 'ALFI SAHRI', 3, 6, 'L', 'DEDINGIN', '2004-07-11', '9194', '0040711447', '110422402090001', '1104121107040002', 1, 2, NULL, 206, 'DEDINGIN', NULL, 'KIRMANSYAH', 3, NULL, NULL, NULL, 'HARMILAYANTI', 3, NULL, NULL, NULL, NULL, '082370523837', '$2y$10$BJhhKv/6za5/ENhgWJ26E.3iLaYhrd03SvlMdtmg2jaErSIlBpcdK', NULL, NULL, 1, 6, 1653105042, 1653105042, 0),
(575, 'mhd.fahrizalkr9078@man.com', 'MHD. FAHRIZAL KR', 3, 6, 'L', 'TAKENGON', '2004-11-02', '9078', '0051540624', '1104172406060010', '1104170211040001', 1, 2, NULL, 196, 'TETUNYUNG', NULL, 'MAHYUDIN', 17, NULL, NULL, NULL, 'EMI SAFITRI, S. Pd', 17, NULL, NULL, NULL, NULL, NULL, '$2y$10$qyPAWPP5SfZmVY.5wNKF8udvzyCl/PPixQyaDvUf39x0vSOddNQlS', NULL, NULL, 1, 6, 1653105042, 1653105042, 0),
(576, 't.raflyyadyansyah9178@man.com', 'T. RAFLY YADYANSYAH', 3, 6, 'L', 'TAKENGON', '2004-02-14', '9178', '0040711006', '1104110512060023', '1104112004040001', 4, 4, NULL, 108, 'GUNUNG BAHGIE', NULL, 'ARMAYA', 19, NULL, NULL, NULL, 'KEMALA SARI', 19, NULL, NULL, NULL, NULL, '085275488873', '$2y$10$72A8uAt2Zwc9J2E.w/YnGeBxGBkzid24jpSLjhesoIEUCsu1CheFq', NULL, NULL, 1, 6, 1653105042, 1653105042, 0),
(577, 'hajilmasturi9007@man.com', 'HAJIL MASTURI', 3, 6, 'P', 'TAKENGON', '2004-02-02', '9007', '0040613322', '1104030606070001', '1104034202040003', 2, 3, NULL, 64, 'KEMILI', NULL, 'MUHAMMAD MD', 17, NULL, NULL, NULL, 'DARMIATI M. DAUD', 17, NULL, NULL, NULL, NULL, '082363667635', '$2y$10$XdeNniNX67Ob3oct4n944OvK5JrspaLgXpNt7dki3of4GBaW.W8NO', NULL, NULL, 1, 6, 1653105042, 1653105042, 0),
(578, 'nurwahda9113@man.com', 'NUR WAHDA', 3, 6, 'P', 'ACEH TENGAH', '2004-01-01', '9113', '0043106243', '1104032805060003', '1104034101040005', 1, 3, NULL, 64, 'KP. KERAMAT MUFAKAT', NULL, 'SAHADAT', 18, NULL, NULL, NULL, 'ARMAHLIDA NST', 18, NULL, NULL, NULL, NULL, '085270217774', '$2y$10$HJvmejDKbGePzioMvNLhz.ePNdptioydor5P8qBpDHwgecI3Yf3Ae', NULL, NULL, 1, 6, 1653105042, 1653105042, 0),
(579, 'farisarahmadani8999@man.com', 'FARISA RAHMADANI', 3, 6, 'P', 'UNING', '2004-10-07', '8999', '0040616415', '1104070302100070', '1104074710040002', 2, 4, NULL, 63, 'KAYU KUL', NULL, 'TAQWA', 14, NULL, NULL, NULL, 'SRI SUKARNI', 14, NULL, NULL, NULL, NULL, '085261900511', '$2y$10$IJtZRzHoDwDG9Q5YljnALOm6xtMjTtcYP9xmxRouCv29yV3xbP4DS', NULL, NULL, 1, 6, 1653105042, 1653105042, 0),
(580, 'husnulnisa9018@man.com', 'HUSNUL NISA', 3, 6, 'P', 'Takengon', '2004-10-06', '9018', '0041074776', '1104110505080001', '1104114609040002', 4, 5, NULL, 63, 'Lot Kala Kebayakan', NULL, 'Medi Arianto', 15, NULL, NULL, NULL, 'Yusri dariati', 15, NULL, NULL, NULL, NULL, '085373849226', '$2y$10$k5Yms3LKdBTXbbURajidY.Fib79eMkyKg/FXStEBvMbReML6wFEzW', NULL, NULL, 1, 6, 1653105042, 1653105042, 0),
(581, 'isnaini9031@man.com', 'ISNAINI', 3, 6, 'P', 'TAKENGON', '2004-12-01', '9031', '0041178359', '1104172105060011', '1104171605060033', 1, 1, NULL, 63, 'JL. LEMBAGA', NULL, 'ZOHAN SYAHPUTRA', 16, NULL, NULL, NULL, 'SANIAH', 16, NULL, NULL, NULL, NULL, '082364045271', '$2y$10$o1Lnh5JtcenyPd0u3IIYKeOaNO6m4F1.qzGJaBW2RaMKkX7Z94Sna', NULL, NULL, 1, 6, 1653105042, 1653105042, 0),
(582, 'nauvalariskaputra9100@man.com', 'NAUVAL ARISKA PUTRA', 3, 6, 'L', 'TAKENGON', '2004-05-23', '9100', NULL, '1104031804060009', NULL, 1, 2, NULL, 63, 'DESA ATU TULU', NULL, 'KAMARULLAH IHSAN', 17, NULL, NULL, NULL, 'MURNIATI', 17, NULL, NULL, NULL, NULL, '085262745981', '$2y$10$eU3x9uwwTSCggaaLp7sOPev9cXT9Ek.Sqienc4hClJeTCFpAb0RVu', NULL, NULL, 1, 6, 1653105042, 1653105042, 0),
(583, 'rauzatulzannah9134@man.com', 'RAUZATUL ZANNAH', 3, 6, 'P', 'Takengon', '2004-06-26', '9134', '0048851392', '1104032705060019', '1104036606040002', 2, 2, NULL, 63, 'Jalan lintang', NULL, 'Syarwan AB', 18, NULL, NULL, NULL, 'Linda Noviati', 18, NULL, NULL, NULL, NULL, '081269958010', '$2y$10$l2v/7Rvpyg9M89DCWDbfb.xEL/qgCj.P4iCu1SU60hIWAFfZbWth2', NULL, NULL, 1, 6, 1653105042, 1653105042, 0),
(584, 'sabri9157@man.com', 'SABRI', 3, 6, 'L', 'ACEH TENGAH', '2004-03-13', '9157', '0040796044', '1104172011080001', '1104171303040001', 4, 3, 'PIATU', 63, 'ONEONE', NULL, 'M. LEPIAH', 19, NULL, NULL, NULL, 'ALM. ISNAINI', 19, NULL, NULL, NULL, NULL, '082367279296', '$2y$10$YjPohaX2lbjY8R9Lf2UR1.N.gnI.1X8r2zzIfZBmt1wxlU6/n607a', NULL, NULL, 1, 6, 1653105042, 1653105042, 0),
(585, 'desimahara8984@man.com', 'DESI MAHARA', 3, 6, 'P', 'KEMILI', '2003-06-05', '8984', '0035355105', '1104032503080018', '1104036603040001', 5, 6, NULL, 61, 'KEMILI', NULL, 'MANSYUR', 12, NULL, NULL, NULL, 'RABUMAH', 12, NULL, NULL, NULL, NULL, NULL, '$2y$10$iBslNgbDL86CYLiQo0fLWeiu8tecW5GlxiLbKhDVj2bIEVjRvbXRG', NULL, NULL, 1, 6, 1653105042, 1653105042, 0),
(586, 'mulyanaks9086@man.com', 'MULYANA KS', 3, 6, 'P', 'Daling', '2004-12-14', '9086', '0049636141', '1104170103100001', '1104035412040001', 4, 3, 'Yatim piatu', 61, 'Kampung Rawe', NULL, 'Alamsyah', 13, NULL, NULL, NULL, 'Sumilah', 13, NULL, NULL, NULL, NULL, '085270399428', '$2y$10$QG.giwgeLrvE6To1Bo1jm.dARMGE4Ijo1/.M.OYSkPsUZm4ih7fl.', NULL, NULL, 1, 6, 1653105042, 1653105042, 0),
(587, 'sandipujaga9163@man.com', 'SANDI PUJAGA', 3, 6, 'L', 'SIMPANG EMPAT', '2003-07-20', '9163', '0030399546', '1104031805060111', '1104032007030001', 1, NULL, 'YATIM', 61, 'SIMPANG EMPAT', NULL, 'ALM. SARJONO', 14, NULL, NULL, NULL, 'SARMILAWATI', 14, NULL, NULL, NULL, NULL, '082370517467', '$2y$10$n/kKeyaQStO2Ef7ccIbiOOPqU.g1dE8zJS7qcurJkfJM8jHnT4Dwe', NULL, NULL, 1, 6, 1653105042, 1653105042, 0),
(588, 'aldiansyahrizki8954@man.com', 'ALDIANSYAH RIZKI', 3, 6, 'L', 'TAKENGON', '2005-02-07', '8954', '0050250041', '1104031304170001', '1104030702050001', 1, NULL, 'YATIM', 60, 'NUNANG ANTARA', NULL, 'ALM. USMAN MUHHADI', 5, NULL, NULL, NULL, 'SITI SARAH', 5, NULL, NULL, NULL, NULL, '085358826469', '$2y$10$n48fWRt8yNlqr6H2Iv9fTeT3HwfTC6oJNWUmGr2sPFxY/IwwWX/3q', NULL, NULL, 1, 6, 1653105043, 1653105043, 0),
(589, 'salwani9162@man.com', 'SALWANI', 3, 6, 'P', 'ACEH TENGAH', '2004-11-24', '9162', '0048877672', '1104110911060005', '1104116711040001', 4, 4, NULL, 58, 'GUNUNG BALOHEN', NULL, 'HASAN SALEH', 9, NULL, NULL, NULL, 'SUMI', 9, NULL, NULL, NULL, NULL, '085361973385', '$2y$10$RrbR9z.oxiZV78Hi6PGIjO.WAQ9ADIZYMUhnXoWhtMHJT6bZxEkgG', NULL, NULL, 1, 6, 1653105043, 1653105043, 0),
(590, 'bayupitraarlo8974@man.com', 'BAYU PITRA ARLO', 3, 6, 'L', 'Takengon', '2003-11-22', '8974', '0035888368', '1104111811110002', '1104032211030003', 1, 1, NULL, 56, 'Pinangan', NULL, 'Ibrahim', 8, NULL, NULL, NULL, 'Mawaddah', 8, NULL, NULL, NULL, NULL, '082275752497', '$2y$10$/jDj1VfcG/0VoJ0rJP3bZewPk55xv/AhR6RVMIn432J8OuKDL6u2O', NULL, NULL, 1, 6, 1653105043, 1653105043, 0),
(591, 'julianafitri9041@man.com', 'JULIANA FITRI', 3, 6, 'P', 'MEKAR MAJU', '2002-02-17', '9041', '0021877617', '1104032910110005', '1104032910110005', 2, 3, NULL, 56, 'BEBESEN', NULL, 'MARWAN', 9, NULL, NULL, NULL, 'ERMAWATI MANUNGKALIT', 9, NULL, NULL, NULL, NULL, '082266214665', '$2y$10$3z.eQhg7fH95j8jNH39iB.KoajN8Nd0M.Z8BRx2FFne3ijfRHj0mi', NULL, NULL, 1, 6, 1653105043, 1653105043, 0),
(592, 'kaifarizki9044@man.com', 'KAIFA RIZKI', 3, 6, 'P', 'Bintang', '2004-07-09', '9044', '0041074772', '1104030612110004', NULL, 3, 3, NULL, 56, 'Bukit wih Temi delem', NULL, 'Marzuki', 10, NULL, NULL, NULL, 'Siharmaini', 10, NULL, NULL, NULL, NULL, '085370115095', '$2y$10$8giUPOLzVn9kjB70Rm7CK.ne3t40JgCh/2tF1tOIzzLMhWZdIRH6G', NULL, NULL, 1, 6, 1653105043, 1653105043, 0),
(593, 'maisarahsimehate9066@man.com', 'MAISARAH SIMEHATE', 3, 6, 'P', 'MUDE BENARA', '2004-12-24', '9066', '0040656168', '1104080706060031', '1104086412040003', 3, 3, NULL, 56, 'KELITU', NULL, 'SUHADA SUKU', 11, NULL, NULL, NULL, 'HASINA', 11, NULL, NULL, NULL, NULL, '082246965532', '$2y$10$O7bENiVpe.KDYZEeW4Hbo.MIWDok1r7WdbDbPrDcNQJQMki8qCd3m', NULL, NULL, 1, 6, 1653105043, 1653105043, 0),
(594, 'mariah9067@man.com', 'MARIAH', 3, 6, 'P', 'COT KUTHANG', '2003-05-21', '9067', '0035566705', '1104031905060063', '1107246105030003', 2, 4, 'YATIM', 56, 'UMAH OPAT', NULL, 'ALM. RIDWAN ALI', 12, NULL, NULL, NULL, 'KARTINI', 12, NULL, NULL, NULL, NULL, '081360068524', '$2y$10$ByT5G2er4OosjHOZiJtox.VOWl21tz7kd64DqQHYqX20dm62rCQvS', NULL, NULL, 1, 6, 1653105043, 1653105043, 0),
(595, 'zikriwanpinte9192@man.com', 'ZIKRI WAN PINTE', 3, 6, 'L', 'Aceh Tengah', '2004-03-04', '9192', '0044980769', '1104121306060010', '110401773720010', 4, 4, NULL, 43, 'lukup sabun', NULL, 'syahadat', 1, NULL, NULL, NULL, 'suharni', 1, NULL, NULL, NULL, NULL, '082273066346', '$2y$10$cAGwkDftMnFFudIX132XlOMhekPwpTh7.NGQGiOaSSM5R5NeMaJLO', NULL, NULL, 1, 6, 1653105043, 1653105043, 0),
(596, 'nilawati9107@man.com', 'NILA WATI', 3, 6, 'P', 'ACEH TENGAH', '2004-06-20', '9107', '0040711219', '1104020702080024', '1104026001040001', 3, 3, NULL, 39, 'ARUL GELE', NULL, 'SAMSUDIN', 18, NULL, NULL, NULL, 'MASPIDAINI', 18, NULL, NULL, NULL, NULL, '085260887244', '$2y$10$HmwDan9pl6utBwYRWLNi6uisqrWGm2/GC.isVocKUOYZa9DjuzBKO', NULL, NULL, 1, 6, 1653105043, 1653105043, 0),
(597, 'jahrasalsabila9036@man.com', 'JAHRA SALSABILA', 3, 6, 'P', 'BLANG GELE', '2004-06-12', '9036', '0040616186', '1104031508170002', '1104035206040002', 5, 6, 'YATIM', 25, 'BLANG GELE.', NULL, 'ALM. SUDIRMAN', 11, NULL, NULL, NULL, 'MARYANI', 11, NULL, NULL, NULL, NULL, '082294707910', '$2y$10$qBoOBn9Fm.UqXI58vj1BE.FhfXFdWZ74U0z7wepy98JamZLVUBMWS', NULL, NULL, 1, 6, 1653105043, 1653105043, 0),
(598, 'nabilatrisinteni9091@man.com', 'NABILA TRI SINTENI', 3, 6, 'P', 'Aceh Tengah', '2004-03-12', '9091', '0040616177', '1104030201120001', '1104035203040001', 3, 4, NULL, 25, 'Blang gele', NULL, 'Idris', 12, NULL, NULL, NULL, 'Sarwati', 12, NULL, NULL, NULL, NULL, '085262121564', '$2y$10$b3EJ8BuL/37uj1IbMhakKOT5JUpmDUeAZyfbEP1YAL1j2T0H042SO', NULL, NULL, 1, 6, 1653105043, 1653105043, 0),
(599, 'arjunaarisisara8965@man.com', 'ARJUNA ARISISARA', 3, 6, 'L', 'ATANG JUNGKET', '2004-11-20', '8965', '0041710156', '1104040811060001', '1104042011040001', 2, 2, 'PIATU', 19, 'ATANG JUNGKET', NULL, 'ABDULLAH', 2, NULL, NULL, NULL, NULL, 2, NULL, NULL, NULL, NULL, '082304075195', '$2y$10$zy7HRdfwUpFProuR1cGjy.izSi0HcnLzDQIfL4WXbgz3GS.yH7mdG', NULL, NULL, 1, 6, 1653105043, 1653105043, 0),
(600, 'budicandra8976@man.com', 'BUDI CANDRA', 3, 6, 'L', 'Deli Tua Medan', '2003-11-09', '8976', '0033889701', '1104072910080002', '1104072910080002', 2, 1, NULL, 19, 'Desa Terang Ulen', NULL, 'Ahmad Sabri', 3, NULL, NULL, NULL, 'Nur Aina', 3, NULL, NULL, NULL, NULL, '085294491295', '$2y$10$iTC28GCtF6XTa.K63MzN5uNExE8x3mZDbdsMjMISh.zFocwaDXnka', NULL, NULL, 1, 6, 1653105043, 1653105043, 0),
(601, 'niaradeswita9106@man.com', 'NIARA DESWITA', 3, 6, 'P', 'MEDAN', '2003-12-02', '9106', '0036498790', '1104042405060001', '1104044212030001', 5, 4, NULL, 19, 'SP. UNING NIKEN', NULL, 'M. YUNUS MUNTHE', 4, NULL, NULL, NULL, 'SITI RAMLAH', 4, NULL, NULL, NULL, NULL, '085262510400', '$2y$10$fZTgf8iBvgzLzIHMowwM7u.wpgUUgeoP6q9heS0w9fO.T.HFW0DBm', NULL, NULL, 1, 6, 1653105043, 1653105043, 0),
(602, 'riskinaputri9148@man.com', 'RISKINA PUTRI', 3, 6, 'P', 'GELENGANG', '2004-09-08', '9148', '0040974399', '1104070106060119', '1104074809040002', 3, 3, NULL, 19, 'PEGASING', NULL, 'AKSA', 5, NULL, NULL, NULL, 'ELLY SULASTRI', 5, NULL, NULL, NULL, NULL, '085297029670', '$2y$10$hBiv1jjYaxvSSGanWFEl.eLQGucBMvZCMTX5SMS79fAvTBv9j/kli', NULL, NULL, 1, 6, 1653105043, 1653105043, 0),
(603, 'hairidami9006@man.com', 'HAIRI DAMI', 3, 6, 'L', 'Aceh Tengah', '2004-01-01', '9006', '0040032293', NULL, NULL, NULL, NULL, NULL, 17, 'PEGASING', NULL, 'SALEHUDDIN', 12, NULL, NULL, NULL, 'ANGGIA MURNI', 12, NULL, NULL, NULL, NULL, '085275304772', '$2y$10$W9NIS3MRPGCtLZ/jhCISFO4cmc8pdMwWOniM2ZOLlQ7l0yJJqTcOu', NULL, NULL, 1, 6, 1653105043, 1653105043, 0),
(604, 'ayunisamahbengi8971@man.com', 'AYU NISA MAHBENGI', 3, 6, 'P', 'TAKENGON', '2004-08-19', '8971', '0041511841', '1104172806060022', '1104175908040001', NULL, NULL, NULL, 1, 'BLANG KOLAK 2', NULL, 'NASIHIN', 10, NULL, NULL, NULL, 'WAGINI', 10, NULL, NULL, NULL, NULL, '085370556184', '$2y$10$lsbIZIVG3mIMFSw3jxHqqet4flaxsB2diYdW55x8t2xLPT.qcX.TK', NULL, NULL, 1, 6, 1653105043, 1653105043, 0),
(605, 'nazaruddin9101@man.com', 'NAZARUDDIN', 3, 6, 'L', NULL, NULL, '9101', NULL, NULL, NULL, NULL, NULL, NULL, 1, NULL, NULL, NULL, 11, NULL, NULL, NULL, NULL, 11, NULL, NULL, NULL, NULL, NULL, '$2y$10$mVYuQRZOELRvBhqo.Rvaa.jASPg6UH8rgGPrZjfHoMk5jdIVgeX6a', NULL, NULL, 1, 6, 1653105043, 1653105043, 0),
(606, 'oktaputri9117@man.com', 'OKTA PUTRI', 3, 6, 'P', 'DALING', '2003-10-02', '9117', '0034975869', '1104030604060010', '1104034210030003', 1, 2, NULL, 1, 'DALING', NULL, 'MUHAMMAD TAHER', 12, NULL, NULL, NULL, 'SULASTRI', 12, NULL, NULL, NULL, NULL, '082363816956', '$2y$10$QnUhTTKoK2flsgg9Af8rhu2eeoHzmYsGkQiZ2EObs9DI5y4wdGjFy', NULL, NULL, 1, 6, 1653105043, 1653105043, 0),
(607, 'ridhoalsadr9141@man.com', 'RIDHO AL SADR', 3, 6, 'L', NULL, NULL, '9141', NULL, NULL, NULL, NULL, NULL, NULL, 1, NULL, NULL, NULL, 13, NULL, NULL, NULL, NULL, 13, NULL, NULL, NULL, NULL, NULL, '$2y$10$SC9yhIZxkcSwlOQT1tkhDu0NsM6jDdIVHu5auxudYzEguoqR8wfLK', NULL, NULL, 1, 6, 1653105043, 1653105043, 0),
(608, 'sarianjani9166@man.com', 'SARI ANJANI', 3, 6, 'P', 'TAWAR MIKO', '2004-11-08', '9166', '0041773174', '1104122305060009', '1104124811050001', 2, 2, NULL, 1, 'TAWAR MIKO', NULL, 'IWAMDI', 14, NULL, NULL, NULL, 'WALWIANA', 14, NULL, NULL, NULL, NULL, '085260847160', '$2y$10$CW2nYtYhWFyCYBPJRPFnW.hLJR7htv03JoDGeVQnkImOlUGNTBPYe', NULL, NULL, 1, 6, 1653105043, 1653105043, 0),
(609, 'sahrial9159@man.com', 'SAHRIAL', 3, 7, 'L', 'TAKENGON', '2004-03-07', '9159', '0048679278', '1104173001080014', '1104170703040002', 2, 4, NULL, 162, 'KENAWAT', NULL, 'SURYADI M ALI', 15, NULL, NULL, NULL, 'RIADAH', 15, NULL, NULL, NULL, NULL, '082388521844', '$2y$10$4dgIvX/yfuB9HM8uvPVsZOxjCtn6Xe6jaQB7mUFvgA/29Z1ISX2hu', NULL, NULL, 1, 6, 1653105044, 1653105044, 0),
(610, 'nuraini9115@man.com', 'NURAINI ', 3, 7, 'P', 'BLANG GELE', '2003-09-23', '9115', NULL, '1117100907180001', NULL, 4, 4, NULL, 151, 'MERIAH JAYA', NULL, NULL, 17, NULL, NULL, NULL, 'HAPSAH', 17, NULL, NULL, NULL, NULL, '085361173249', '$2y$10$ztHnMUxI/rcOdlY91OV/bOqMSJm5LOmsfxqWAcMBag2OBnqFrh1x2', NULL, NULL, 1, 6, 1653105044, 1653105044, 0),
(611, 'iwanramadhan9035@man.com', 'IWAN RAMADHAN', 3, 7, 'L', 'KP. HAKIM', '2004-01-29', '9035', '0041738103', '1104172306060033', '1104172901040001', 3, 2, 'YATIM', 70, 'KP. HAKIM', NULL, 'ALM. SYAHIRMAN', 1, NULL, NULL, NULL, 'FARIDAH', 1, NULL, NULL, NULL, NULL, '082294626507', '$2y$10$JpYbIYyOfiH1TCtoommPKO6nQ0.aOrl.b7H/lnU85Wi9BdKLz5BGO', NULL, NULL, 1, 6, 1653105044, 1653105044, 0),
(612, 'alwansyah8955@man.com', 'AL WANSYAH', 3, 7, 'L', 'Aceh Tengah', '2005-08-03', '8955', '0050313325', '1104170806060062', '1104170308050001', 4, 4, NULL, 64, 'Gunung Suku Rawe', NULL, 'Ibrahim', 19, NULL, NULL, NULL, 'Kasmidar s.Pd', 19, NULL, NULL, NULL, NULL, '085277129436', '$2y$10$qovv0hdHxD./Zl7Yt6tnuOmvMAINqL1Seq7YzOhzfhtAnV1s7uX8O', NULL, NULL, 1, 6, 1653105044, 1653105044, 0),
(613, 'ilhamfahmi9022@man.com', 'ILHAM FAHMI', 3, 7, 'L', 'Wih Pesam', '2003-12-06', '9022', '00365431607', '1104022206060016', '1104020612030001', 1, 1, NULL, 64, 'Wih pesam', NULL, 'MDH Hatta', 20, NULL, NULL, NULL, 'Kasmiati', 20, NULL, NULL, NULL, NULL, '085276921414', '$2y$10$6RSUnyqUF8AY2unv5hh2J.WET6LMeXp/wtsivRKIfCgKN86SEuwF6', NULL, NULL, 1, 6, 1653105044, 1653105044, 0),
(614, 'yassar9185@man.com', 'YASSAR', 3, 7, 'L', 'TAKENGON', '2003-10-04', '9185', '0034977005', '1104171605060021', '1104170410030001', 3, 2, NULL, 64, 'TELUK ONEONE', NULL, 'RADLIYANA', 21, NULL, NULL, NULL, 'SIRI RAMLAH', 21, NULL, NULL, NULL, NULL, '085358830432', '$2y$10$ptZcysUQAPEufRDIuQGskOHPYPzcOOqHv3T6z9oN5BeGey04O7aYO', NULL, NULL, 1, 6, 1653105044, 1653105044, 0),
(615, 'azikiatun8972@man.com', 'AZIKIATUN', 3, 7, 'P', 'KEBAYAKAN', '2004-12-08', '8972', '0040711370', '1104111602080017', '1104114812040001', 2, 2, 'YATIM', 63, 'PRUMNAS KEBAYAKAN', NULL, 'ALM. ZULFIKAR', 20, NULL, NULL, NULL, 'NIRWANA', 20, NULL, NULL, NULL, NULL, '082248378172', '$2y$10$nmVEj0wRAZdxEHWaikuSiOcsK2ecX/0SQq7/rMG5hmbhpXBpckEoe', NULL, NULL, 1, 6, 1653105044, 1653105044, 0),
(616, 'khairuladha9047@man.com', 'KHAIRUL ADHA', 3, 7, 'L', 'KEMILI', '2004-01-28', '9047', '0042600723', '1104032503080059', '1104032801040004', 3, 4, NULL, 63, 'KALA KEMILI', NULL, 'MULYADI', 21, NULL, NULL, NULL, 'KARYATI', 21, NULL, NULL, NULL, NULL, '082274036074', '$2y$10$A9.mOAH/t5yo/CRFp4H5ZuBeJpOngZP0GxzUYRgPTGx7idp2zosiS', NULL, NULL, 1, 6, 1653105044, 1653105044, 0),
(617, 'selfiyuliana9170@man.com', 'SELFI YULIANA', 3, 7, 'P', 'MEDAN', '2004-09-05', '9170', '0047209588', '1104073001090001', '1104074509040001', 3, 2, NULL, 63, 'WIH NAREH', NULL, 'ZULFIANI', 22, NULL, NULL, NULL, 'AIDA SURYANI', 22, NULL, NULL, NULL, NULL, '095262692445', '$2y$10$47N1kdDa5dlZ9CtfvRPBRObpem.VF9oJ02Te0Zw4uO.v8/ozBLaaS', NULL, NULL, 1, 6, 1653105044, 1653105044, 0),
(618, 'dainifitri8982@man.com', 'DAINI FITRI', 3, 7, 'P', 'TAKENGON', '2005-03-27', '8982', NULL, NULL, NULL, NULL, NULL, NULL, 62, 'TOWEREN', NULL, 'JALALUDDIN', 2, NULL, NULL, NULL, 'DAHLIA', 2, NULL, NULL, NULL, NULL, '082361998273', '$2y$10$s62s2.hDuTEuCHSuCFERbOiMofzJWMoi2QLRgRk07esl/C0g98/O6', NULL, NULL, 1, 6, 1653105044, 1653105044, 0),
(619, 'afikahsahira8948@man.com', 'AFIKAH SAHIRA', 3, 7, 'P', 'TAKENGON', '0000-00-00', '8948', NULL, '1104032405060085', '1104037107040000', 2, 2, NULL, 61, 'KERAMAT MUPAKAT', NULL, 'SAHADAN', 15, NULL, NULL, NULL, 'WAZNAH', 15, NULL, NULL, NULL, NULL, '081375702137', '$2y$10$hHYPyfLeuIYrUzEDGvHad.PrPj2wK9l56IueJCUojUhqxHPeGGpj.', NULL, NULL, 1, 6, 1653105044, 1653105044, 0),
(620, 'cutintannuraini8978@man.com', 'CUT INTAN NURAINI', 3, 7, 'P', 'RIAU', '2004-05-09', '8978', '0041074886', '1104173110060011', '1104174905040001', 2, 5, NULL, 61, 'BALE ATU', NULL, 'SAFRUDDIN', 16, NULL, NULL, NULL, 'RUKAYA', 16, NULL, NULL, NULL, NULL, '081360660470', '$2y$10$MkccOoPbwZ6Sg7QrgByKMuk5WpkdBgkUjp5kYEnbnoVKMUBtrPCoG', NULL, NULL, 1, 6, 1653105044, 1653105044, 0),
(621, 'faridiwahdi8998@man.com', 'FARIDI WAHDI', 3, 7, 'L', 'PAYA REJE', '2004-01-11', '8998', '0040710998', '1104110307060003', '1104011101040002', 1, 2, NULL, 56, 'PAYA REJE', NULL, 'MULYADI', 13, NULL, NULL, NULL, 'BANIRA', 13, NULL, NULL, NULL, NULL, '085275101035', '$2y$10$Jo/1AI6bbI//qjav3QZpBOMcFwTWoX/WdmamVgmGYtFAKZODg8wn.', NULL, NULL, 1, 6, 1653105044, 1653105044, 0),
(622, 'milwanaprilian9080@man.com', 'MILWAN APRILIAN', 3, 7, 'L', 'Aceh Tengah', '2004-04-25', '9080', '0041092893', '1104110805060075', '1104112504040075', 1, 2, NULL, 56, 'Bukit iwih tami delem', NULL, 'junaidi', 14, NULL, NULL, NULL, 'Seri Murni', 14, NULL, NULL, NULL, NULL, '085296546259', '$2y$10$tWoR6qEl6zBF/PyFEDNCUubSpIjbpTWvVI5lngHqqAywKx9qKYfuy', NULL, NULL, 1, 6, 1653105044, 1653105044, 0),
(623, 'frihasupiantirini9003@man.com', 'FRIHA SUPIANTI RINI', 3, 7, 'P', 'KEKUYANG', '2004-10-07', '9003', '0042585867', '1104102101050278', '1104104710040001', 3, 4, NULL, 47, 'KEKUYANG', NULL, 'SAPARUDDIN', 15, NULL, NULL, NULL, 'MARYANI', 15, NULL, NULL, NULL, NULL, NULL, '$2y$10$Mtx.XPZ3cgD9D1SmCNatTuaMFtD5iGqxU6ZnxyIOAKZ3kRXKXrFx6', NULL, NULL, 1, 6, 1653105044, 1653105044, 0),
(624, 'afriansyah8949@man.com', 'AFRIANSYAH', 3, 7, 'L', 'Takengon', '2004-04-20', '8949', '0040711442', '1104122807060017', '1104122004040002', 1, 3, NULL, 43, 'Dedingin', NULL, 'Sapriadi', 2, NULL, NULL, NULL, 'Jumiati', 2, NULL, NULL, NULL, NULL, '082183476481', '$2y$10$rdLlU0YsNtmwDzG8DP9yk.do/lGKct0jkLLaTsyPRUMdtnW4i4CVa', NULL, NULL, 1, 6, 1653105044, 1653105044, 0),
(625, 'hariansyah9008@man.com', 'HARIANSYAH', 3, 7, 'L', 'RATAWALI', '2003-12-10', '9008', '0030399531', '1104121504160001', '1104121012030001', 6, 5, 'YATIM', 43, 'RATAWALI', NULL, 'ALM. GAZALI', 3, NULL, NULL, NULL, 'KAMARIAH', 3, NULL, NULL, NULL, NULL, '085359927218', '$2y$10$eFgxmRNDzTSjElir54qh3OQV3d1CehMd3TRJjZY3sf/4NEZXT5tPC', NULL, NULL, 1, 6, 1653105044, 1653105044, 0),
(626, 'rendi9138@man.com', 'RENDI', 3, 7, 'L', 'MEDAN', '2004-11-10', '9138', '0041092889', '1104123112080002', '1104121011040002', 3, 4, NULL, 43, 'RATAWALI', NULL, 'HAMDAN', 4, NULL, NULL, NULL, 'NURLELA', 4, NULL, NULL, NULL, NULL, '085222540422', '$2y$10$vZJfDDm6.xvGeNMB1GehRumnDbFJ2Batp8RPYUxSwiaDIsusVqkiu', NULL, NULL, 1, 6, 1653105044, 1653105044, 0),
(627, 'supianda9176@man.com', 'SUPIANDA', 3, 7, 'L', 'RATAWALI', '2004-03-29', '9176', '0047615412', '1104122902040001', '1104122902040001', 8, 8, NULL, 43, 'RATAWALI', NULL, 'ISKANDAR S', 5, NULL, NULL, NULL, 'SELAMAH', 5, NULL, NULL, NULL, NULL, '082248086950', '$2y$10$uO.IRjM8TaEtqrG/QjXo0O/F72ekf.r6fuG//RyKVVJ0lIWfexNyy', NULL, NULL, 1, 6, 1653105044, 1653105044, 0),
(628, 'ahyamaulana8951@man.com', 'AHYA MAULANA', 3, 7, 'L', 'DEDINGIN', '2003-11-18', '8951', '0039539936', '1104122802080073', '1104121811030001', 4, 3, NULL, 42, 'KEMILI', NULL, 'SARIFUDDIN', 7, NULL, NULL, NULL, 'ASWATI', 7, NULL, NULL, NULL, NULL, '082311424198', '$2y$10$tuBSDQA/tudpq4HEnlQSOeK7yN9uEybUw4dLdqvJ/9mb7lkUKlXni', NULL, NULL, 1, 6, 1653105044, 1653105044, 0),
(629, 'lindakarma9054@man.com', 'LINDA KARMA', 3, 7, 'P', 'ARUL KUMER', '2002-01-02', '9054', '0023541118', '11040214008060045', '11040226510020002', 2, 3, NULL, 40, 'ARUL KUMER', NULL, 'M. DAUD', 9, NULL, NULL, NULL, 'PATIMAH SAM', 9, NULL, NULL, NULL, NULL, '082276043561', '$2y$10$s7bk3ph63ctdDTmuRLqqv.F7ECozz7JFEhU1Mv757ManUTpInkVM2', NULL, NULL, 1, 6, 1653105044, 1653105044, 0),
(630, 'mushab9087@man.com', 'MUSHAB', 3, 7, 'L', 'ANGKUP', '2004-02-28', '9087', '0040711206', '1104022004060026', '1104022802040001', 1, 2, NULL, 39, 'ARUL GELE', NULL, 'AIDIL FITRA', 19, NULL, NULL, NULL, 'NURAINUN', 19, NULL, NULL, NULL, NULL, '085275144964', '$2y$10$GheFkskUJuVaKmtSP.4c0OGJJXlSz0i/IFEYwCvXhSznAkriqJZje', NULL, NULL, 1, 6, 1653105044, 1653105044, 0),
(631, 'rahmatsyah9128@man.com', 'RAHMATSYAH', 3, 7, 'L', 'LENGA', '2004-01-07', '9128', '0041552485', '1104042405060055', '1104040701040001', 3, 3, NULL, 35, 'LENGA', NULL, 'ANWAR', 22, NULL, NULL, NULL, 'HAYATI', 22, NULL, NULL, NULL, NULL, '085213459072', '$2y$10$gyak3pgzkuV4.HnpLVeDiucxhAIfzgVlZfMQbXbOq1DTb9/WKzo2K', NULL, NULL, 1, 6, 1653105045, 1653105045, 0),
(632, 'ahmadnandakuara8950@man.com', 'AHMAD NANDA KUARA', 3, 7, 'L', 'WIH PORAK', '2004-02-19', '8950', '0044702832', '1104022505060000', '1104021902040000', 2, 3, NULL, 34, 'WIHNI DURIN', NULL, 'ERWIN SELAMAT', 24, NULL, NULL, NULL, 'MARIA', 24, NULL, NULL, NULL, NULL, '085215015647', '$2y$10$dG8.xxb3Uj86.VR3eUd/nu6l/d9ggKhrrT5hFbOErBZid66oXc76G', NULL, NULL, 1, 6, 1653105045, 1653105045, 0),
(633, 'ahyaradha8952@man.com', 'AHYAR ADHA', 3, 7, 'L', 'TAKENGON', '2004-02-14', '8952', '0040616176', '1104030506060055', NULL, 1, 3, NULL, 24, 'BLANG GELE', NULL, 'PITRADI', 17, NULL, NULL, NULL, 'RAHIMAH', 17, NULL, NULL, NULL, NULL, '085262632986', '$2y$10$eM9m/Sjr/t5/gY7Yw0PSPezIAMC7mbZ8pXPGNl8Z0n1RAbabDi5.a', NULL, NULL, 1, 6, 1653105045, 1653105045, 0),
(634, 'apindaulfa8963@man.com', 'APINDA ULFA', 3, 7, 'P', 'BENER MULIE', '2004-07-17', '8963', '0041186814', '1117040203090002', '1117040703970001', 3, 2, NULL, 19, 'UNING PEGANTUNGEN', NULL, 'SYARIF', 6, NULL, NULL, NULL, 'SUZANA RITA', 6, NULL, NULL, NULL, NULL, '085373971244', '$2y$10$L4zP0wWK1/1tHu/ZQY.G6efMUIugue.IjFUgjUnZ.fhEsyT4rE6Ea', NULL, NULL, 1, 6, 1653105045, 1653105045, 0),
(635, 'furqan9004@man.com', 'FURQAN ', 3, 7, 'L', 'TAKENGON', '2003-12-15', '9004', '0034941251', '110407503080027', '1104071512030001', 4, 3, NULL, 19, 'KALA PEGASING', NULL, 'ISHAK', 7, NULL, NULL, NULL, 'NURHAYATI. M, S.Pd', 7, NULL, NULL, NULL, NULL, '085260292806', '$2y$10$VAEn4y/LfskWMwX.JYqoCeB5RI12ZoDem545Es2DrEkLiHrV/kxfy', NULL, NULL, 1, 6, 1653105045, 1653105045, 0),
(636, 'itawarni9034@man.com', 'ITA WARNI', 3, 7, 'P', 'UNING PEGANTUNGEN', '2004-05-03', '9034', '0046124654', '1104040501070011', '1104044305040001', 1, 2, NULL, 19, NULL, NULL, 'DIANSYAH', 8, NULL, NULL, NULL, 'SUSPIDAINI', 8, NULL, NULL, NULL, NULL, '085277274675', '$2y$10$U2vbYkqJIhOMaVznfHegtOTPmNDEl.u.aAicdQdSQ9raxzl2SrQlS', NULL, NULL, 1, 6, 1653105045, 1653105045, 0),
(637, 'rahmatteniro9127@man.com', 'RAHMAT TENIRO', 3, 7, 'L', 'WIH NAREH', '2004-03-13', '9127', '0041561685', '1104071606060070', '1104071303040001', 3, 2, NULL, 19, 'WIH NAREH', NULL, 'ARMAJA, SP', 9, NULL, NULL, NULL, 'ZUBAIDA, S.Pd', 9, NULL, NULL, NULL, NULL, '085372039555', '$2y$10$a8KoB6TgC83YO9yEHTDRx.uf5LvJc7Bm/p8zrDlYMABYcefbj1yES', NULL, NULL, 1, 6, 1653105045, 1653105045, 0),
(638, 'salwanditebe9161@man.com', 'SALWANDI TEBE', 3, 7, 'L', 'KUTALINTANG', '2004-01-14', '9161', '0040974387', '1104071401040001', '1104070806060035', 1, 3, NULL, 19, 'KUTELINTANG', NULL, 'ASLI TEBE', 10, NULL, NULL, NULL, 'MARDALENA', 10, NULL, NULL, NULL, NULL, NULL, '$2y$10$.NoPSVArSJQwmfg2S9of6.2134pRq5hPIHOSopE56kL3OsEtVOEJO', NULL, NULL, 1, 6, 1653105045, 1653105045, 0),
(639, 'ferimardiaqimi9001@man.com', 'FERI MARDI AQIMI', 3, 7, 'L', 'BURNI BIUS', '2003-03-04', '9001', '0030476268', '1104021107060034', '1104020403030001', 1, 3, NULL, 1, 'BURNI BIUS', NULL, 'FIRDAUS', 15, NULL, NULL, NULL, 'MARIAM', 15, NULL, NULL, NULL, NULL, '082294209507', '$2y$10$xOEaQJNxwAUZmBO95dl.Z.LepJeRqgG.9bSWkKsFxM8bCFh0UatTW', NULL, NULL, 1, 6, 1653105045, 1653105045, 0);
INSERT INTO `students` (`id`, `email`, `name`, `classId`, `roomId`, `gender`, `placeOfBirth`, `dayOfBirth`, `nis`, `nisn`, `noKk`, `nik`, `numberOfSiblings`, `fromOfSiblings`, `orphan`, `schoolId`, `address`, `fatherNik`, `fatherName`, `fatherEmployeeId`, `fatherSchoolId`, `fatherincome`, `motherNik`, `motherName`, `motherEmployeeId`, `motherSchoolId`, `motherincome`, `image`, `phone`, `phoneFamily`, `password`, `ipAddress`, `about`, `statusId`, `privilegeId`, `createdAt`, `updatedAt`, `deletedAt`) VALUES
(640, 'kemalaintan9045@man.com', 'KEMALA INTAN', 3, 7, 'P', 'GELE LAH', '2004-09-09', '9045', '0041178436', '1104061109120002', '1104064909040001', 1, 2, NULL, 1, 'GELE LAH', NULL, 'DARWIN', 16, NULL, NULL, NULL, 'SALBIAH', 16, NULL, NULL, NULL, NULL, '085270352813', '$2y$10$YGAhjrRAwfT9TG2EFbnlJepmqtRE5MUBJ8BQXpqYZULmFpLppkcP.', NULL, NULL, 1, 6, 1653105045, 1653105045, 0),
(641, 'mhd.fadhli9193@man.com', 'MHD. FADHLI', 3, 7, 'L', 'TAKENGON', '2003-02-21', '9193', '0030372030', NULL, NULL, NULL, NULL, NULL, 1, NULL, NULL, NULL, 17, NULL, NULL, NULL, NULL, 17, NULL, NULL, NULL, NULL, NULL, '$2y$10$WzH6jhXZ6ElQMs2akQUBa.ZPVhFmcsSsyAErOeS8wjAOYxMim.Bia', NULL, NULL, 1, 6, 1653105045, 1653105045, 0),
(642, 'mississaprida9084@man.com', 'MISSIS SAPRIDA', 3, 7, 'P', 'OWAQ', '2002-08-06', '9084', '0024578453', '1104012404060028', '1104014608020001', 1, 2, NULL, 1, 'LEMAH BURBANA', NULL, 'JEMAAN BAHRI', 18, NULL, NULL, NULL, 'SAIDAH', 18, NULL, NULL, NULL, NULL, '085260301061', '$2y$10$G6J6vZ.d9TjfGmLAkLpRl.BuP3A3GjzNfNiLtdq3L33MyzaUqZL.G', NULL, NULL, 1, 6, 1653105045, 1653105045, 0),
(643, 'rahmahfathiya9126@man.com', 'RAHMAH FATHIYA', 3, 7, 'P', 'TAN SARIL', '2004-08-21', '9126', NULL, '1117101805150005', NULL, NULL, NULL, NULL, 1, 'BEBESEN', NULL, 'ABDUSSALAM', 19, NULL, NULL, NULL, 'NAJIMAH', 19, NULL, NULL, NULL, NULL, '082363926947', '$2y$10$1oXa7LK8eGTz9jFgS7od0Oe.XyWfsY1Wp2JoRx8gY2cld9jiSPZ2a', NULL, NULL, 1, 6, 1653105045, 1653105045, 0);

-- --------------------------------------------------------

--
-- Table structure for table `subjectdepartements`
--

CREATE TABLE `subjectdepartements` (
  `id` int(11) NOT NULL,
  `departmentId` int(11) NOT NULL,
  `subjectId` int(11) NOT NULL,
  `createdAt` bigint(20) NOT NULL,
  `updatedAt` bigint(20) NOT NULL,
  `deletedAt` bigint(20) NOT NULL
) ENGINE=InnoDB DEFAULT CHARSET=utf8;

--
-- Dumping data for table `subjectdepartements`
--

INSERT INTO `subjectdepartements` (`id`, `departmentId`, `subjectId`, `createdAt`, `updatedAt`, `deletedAt`) VALUES
(1, 1, 1, 1653104868, 1653104868, 0),
(2, 2, 1, 1653104868, 1653104868, 0),
(3, 1, 2, 1653104868, 1653104868, 0),
(4, 1, 3, 1653104868, 1653104868, 0),
(5, 2, 4, 1653104868, 1653104868, 0),
(6, 1, 5, 1653104868, 1653104868, 0),
(7, 2, 8, 1653104868, 1653104868, 0),
(8, 1, 6, 1653104868, 1653104868, 0),
(9, 2, 7, 1653104868, 1653104868, 0),
(10, 1, 9, 1653104868, 1653104868, 0),
(11, 2, 9, 1653104868, 1653104868, 0),
(12, 2, 10, 1653104868, 1653104868, 0),
(13, 1, 11, 1653104868, 1653104868, 0),
(14, 2, 11, 1653104868, 1653104868, 0),
(15, 1, 12, 1653104868, 1653104868, 0),
(16, 2, 12, 1653104868, 1653104868, 0),
(17, 1, 13, 1653104868, 1653104868, 0),
(18, 2, 13, 1653104868, 1653104868, 0),
(19, 1, 14, 1653104868, 1653104868, 0),
(20, 2, 14, 1653104868, 1653104868, 0),
(21, 1, 15, 1653104869, 1653104869, 0),
(22, 2, 15, 1653104869, 1653104869, 0),
(23, 1, 16, 1653104869, 1653104869, 0),
(24, 2, 16, 1653104869, 1653104869, 0),
(25, 1, 17, 1653104869, 1653104869, 0),
(26, 2, 17, 1653104869, 1653104869, 0),
(27, 2, 18, 1653104869, 1653104869, 0),
(28, 1, 19, 1653104869, 1653104869, 0),
(29, 2, 20, 1653104869, 1653104869, 0),
(30, 1, 21, 1653104869, 1653104869, 0),
(31, 1, 22, 1653104869, 1653104869, 0),
(32, 1, 23, 1653104869, 1653104869, 0),
(33, 1, 24, 1653104869, 1653104869, 0),
(34, 1, 25, 1653104869, 1653104869, 0),
(35, 1, 26, 1653104869, 1653104869, 0),
(36, 2, 23, 1653104869, 1653104869, 0),
(37, 2, 24, 1653104869, 1653104869, 0),
(38, 2, 25, 1653104869, 1653104869, 0),
(39, 2, 26, 1653104869, 1653104869, 0);

-- --------------------------------------------------------

--
-- Table structure for table `subjects`
--

CREATE TABLE `subjects` (
  `id` int(11) NOT NULL,
  `name` varchar(100) NOT NULL,
  `statusId` int(11) NOT NULL,
  `createdAt` bigint(20) NOT NULL,
  `updatedAt` bigint(20) NOT NULL,
  `deletedAt` bigint(20) NOT NULL
) ENGINE=InnoDB DEFAULT CHARSET=utf8;

--
-- Dumping data for table `subjects`
--

INSERT INTO `subjects` (`id`, `name`, `statusId`, `createdAt`, `updatedAt`, `deletedAt`) VALUES
(1, 'matematika wajib', 1, 1653104868, 1653104868, 0),
(2, 'matematika peminatan', 1, 1653104868, 1653104868, 0),
(3, 'fisika', 1, 1653104868, 1653104868, 0),
(4, 'lintas minat fisika', 1, 1653104868, 1653104868, 0),
(5, 'kimia', 1, 1653104868, 1653104868, 0),
(6, 'biologi', 1, 1653104868, 1653104868, 0),
(7, 'lintas minat biologi', 1, 1653104868, 1653104868, 0),
(8, 'lintas minat kimia', 1, 1653104868, 1653104868, 0),
(9, 'sejarah indonesia', 1, 1653104868, 1653104868, 0),
(10, 'sejarah peminatan', 1, 1653104868, 1653104868, 0),
(11, 'sejarah kebudayaan islam', 1, 1653104868, 1653104868, 0),
(12, 'alquran hadist', 1, 1653104868, 1653104868, 0),
(13, 'aqidah akhlak', 1, 1653104868, 1653104868, 0),
(14, 'fiqih', 1, 1653104868, 1653104868, 0),
(15, 'bahasa inggris', 1, 1653104868, 1653104868, 0),
(16, 'bahasa indonesia', 1, 1653104868, 1653104868, 0),
(17, 'bahasa arab', 1, 1653104868, 1653104868, 0),
(18, 'ekonomi', 1, 1653104868, 1653104868, 0),
(19, 'lintas minat ekonomi', 1, 1653104868, 1653104868, 0),
(20, 'sosiologi', 1, 1653104868, 1653104868, 0),
(21, 'lintas minat sosiologi', 1, 1653104868, 1653104868, 0),
(22, 'geografi', 1, 1653104868, 1653104868, 0),
(23, 'seni budaya', 1, 1653104868, 1653104868, 0),
(24, 'prakarya & Kewirausahaan', 1, 1653104868, 1653104868, 0),
(25, 'penjas', 1, 1653104868, 1653104868, 0),
(26, 'pkn', 1, 1653104868, 1653104868, 0),
(27, 'pjok', 1, 1653104868, 1653104868, 0),
(28, 'Muatan Lokal Riset', 1, 1653104868, 1653104868, 0),
(29, 'bk', 1, 1653104868, 1653104868, 0),
(30, 'riset biologi', 1, 1653104868, 1653104868, 0);

-- --------------------------------------------------------

--
-- Table structure for table `subjectteachers`
--

CREATE TABLE `subjectteachers` (
  `id` int(11) NOT NULL,
  `teacherId` int(11) NOT NULL,
  `subjectId` int(11) NOT NULL,
  `classId` int(11) DEFAULT NULL,
  `duration` int(3) NOT NULL,
  `createdAt` bigint(20) NOT NULL,
  `updatedAt` bigint(20) NOT NULL,
  `deletedAt` bigint(20) NOT NULL
) ENGINE=InnoDB DEFAULT CHARSET=utf8;

--
-- Dumping data for table `subjectteachers`
--

INSERT INTO `subjectteachers` (`id`, `teacherId`, `subjectId`, `classId`, `duration`, `createdAt`, `updatedAt`, `deletedAt`) VALUES
(1, 3, 15, 3, 15, 1653104957, 1653104957, 0),
(2, 4, 6, 1, 12, 1653104957, 1653104957, 0),
(3, 4, 7, 2, 2, 1653104957, 1653104957, 0),
(4, 5, 16, 2, 12, 1653104957, 1653104957, 0),
(5, 5, 16, 1, 4, 1653104957, 1653104957, 0),
(6, 6, 13, 3, 12, 1653104957, 1653104957, 0),
(7, 6, 13, 2, 2, 1653104957, 1653104957, 0),
(8, 7, 18, 3, 12, 1653104957, 1653104957, 0),
(9, 7, 19, 2, 2, 1653104957, 1653104957, 0),
(10, 8, 6, 3, 16, 1653104957, 1653104957, 0),
(11, 9, 16, 1, 24, 1653104957, 1653104957, 0),
(12, 10, 17, 1, 24, 1653104957, 1653104957, 0),
(13, 11, 14, 1, 14, 1653104957, 1653104957, 0),
(14, 11, 14, 2, 8, 1653104957, 1653104957, 0),
(15, 12, 27, 1, 14, 1653104957, 1653104957, 0),
(16, 12, 27, 2, 4, 1653104957, 1653104957, 0),
(17, 13, 3, 1, 12, 1653104957, 1653104957, 0),
(18, 13, 3, 2, 12, 1653104957, 1653104957, 0),
(19, 14, 1, 1, 4, 1653104957, 1653104957, 0),
(20, 14, 1, 2, 20, 1653104957, 1653104957, 0),
(21, 15, 6, 2, 16, 1653104957, 1653104957, 0),
(22, 15, 7, 1, 9, 1653104957, 1653104957, 0),
(23, 16, 18, 2, 12, 1653104957, 1653104957, 0),
(24, 16, 19, 2, 8, 1653104957, 1653104957, 0),
(25, 16, 19, 3, 6, 1653104957, 1653104957, 0),
(26, 17, 14, 2, 6, 1653104957, 1653104957, 0),
(27, 17, 14, 3, 14, 1653104957, 1653104957, 0),
(28, 17, 28, 1, 2, 1653104957, 1653104957, 0),
(29, 18, 9, 3, 14, 1653104957, 1653104957, 0),
(30, 18, 10, 2, 12, 1653104957, 1653104957, 0),
(31, 19, 17, 1, 4, 1653104957, 1653104957, 0),
(32, 19, 17, 2, 6, 1653104957, 1653104957, 0),
(33, 19, 17, 3, 14, 1653104957, 1653104957, 0),
(34, 20, 3, 2, 4, 1653104957, 1653104957, 0),
(35, 20, 3, 3, 16, 1653104957, 1653104957, 0),
(36, 20, 4, 3, 4, 1653104957, 1653104957, 0),
(37, 21, 12, 2, 8, 1653104957, 1653104957, 0),
(38, 21, 12, 3, 14, 1653104957, 1653104957, 0),
(39, 22, 11, 2, 8, 1653104957, 1653104957, 0),
(40, 22, 11, 3, 14, 1653104957, 1653104957, 0),
(41, 23, 26, 1, 10, 1653104957, 1653104957, 0),
(42, 23, 26, 3, 14, 1653104957, 1653104957, 0),
(43, 24, 20, 2, 12, 1653104957, 1653104957, 0),
(44, 24, 20, 3, 12, 1653104957, 1653104957, 0),
(45, 25, 5, 1, 12, 1653104957, 1653104957, 0),
(46, 25, 5, 2, 4, 1653104957, 1653104957, 0),
(47, 25, 8, 1, 9, 1653104957, 1653104957, 0),
(48, 26, 27, 2, 4, 1653104957, 1653104957, 0),
(49, 26, 27, 3, 14, 1653104957, 1653104957, 0),
(50, 27, 29, NULL, 24, 1653104957, 1653104957, 0),
(51, 28, 1, 3, 16, 1653104957, 1653104957, 0),
(52, 29, 9, 1, 12, 1653104957, 1653104957, 0),
(53, 30, 1, 1, 24, 1653104957, 1653104957, 0),
(54, 31, 2, 2, 12, 1653104957, 1653104957, 0),
(55, 31, 2, 2, 12, 1653104957, 1653104957, 0),
(56, 32, 15, 1, 21, 1653104957, 1653104957, 0),
(57, 32, 15, 2, 3, 1653104957, 1653104957, 0),
(58, 33, 5, 2, 8, 1653104957, 1653104957, 0),
(59, 33, 5, 3, 12, 1653104957, 1653104957, 0),
(60, 33, 28, 1, 2, 1653104957, 1653104957, 0),
(61, 34, 2, 3, 24, 1653104957, 1653104957, 0),
(62, 35, 18, 1, 9, 1653104957, 1653104957, 0),
(63, 35, 19, 1, 12, 1653104957, 1653104957, 0),
(64, 35, 24, 3, 4, 1653104957, 1653104957, 0),
(65, 36, 11, 1, 14, 1653104957, 1653104957, 0),
(66, 36, 11, 2, 6, 1653104957, 1653104957, 0),
(67, 36, 24, 3, 4, 1653104957, 1653104957, 0),
(68, 37, 27, 2, 6, 1653104957, 1653104957, 0),
(69, 38, 16, 2, 16, 1653104957, 1653104957, 0),
(70, 38, 16, 3, 4, 1653104957, 1653104957, 0),
(71, 39, 9, 2, 12, 1653104957, 1653104957, 0),
(72, 40, 17, 2, 8, 1653104957, 1653104957, 0),
(73, 41, 15, 2, 9, 1653104957, 1653104957, 0),
(74, 41, 15, 3, 6, 1653104957, 1653104957, 0),
(75, 42, 29, NULL, 24, 1653104957, 1653104957, 0),
(76, 43, 29, NULL, 24, 1653104957, 1653104957, 0),
(77, 44, 29, NULL, 24, 1653104957, 1653104957, 0),
(78, 45, 20, 1, 9, 1653104957, 1653104957, 0),
(79, 45, 21, 3, 8, 1653104957, 1653104957, 0),
(80, 46, 24, 3, 6, 1653104957, 1653104957, 0),
(81, 47, 22, 1, 9, 1653104957, 1653104957, 0),
(82, 47, 22, 3, 12, 1653104957, 1653104957, 0),
(83, 48, 26, 1, 4, 1653104957, 1653104957, 0),
(84, 48, 26, 2, 6, 1653104957, 1653104957, 0),
(85, 49, 23, 1, 8, 1653104957, 1653104957, 0),
(86, 49, 23, 3, 14, 1653104957, 1653104957, 0),
(87, 50, 26, 2, 8, 1653104957, 1653104957, 0),
(88, 51, 23, 1, 6, 1653104957, 1653104957, 0),
(89, 51, 23, 2, 14, 1653104957, 1653104957, 0),
(90, 52, 9, 2, 4, 1653104957, 1653104957, 0),
(91, 52, 21, 1, 12, 1653104957, 1653104957, 0),
(92, 53, 10, 1, 9, 1653104957, 1653104957, 0),
(93, 53, 9, 1, 2, 1653104957, 1653104957, 0),
(94, 54, 8, 2, 6, 1653104957, 1653104957, 0),
(95, 54, 24, 1, 8, 1653104957, 1653104957, 0),
(96, 55, 5, 2, 12, 1653104957, 1653104957, 0),
(97, 56, 22, 2, 12, 1653104957, 1653104957, 0),
(98, 57, 7, 2, 4, 1653104957, 1653104957, 0),
(99, 57, 7, 3, 10, 1653104957, 1653104957, 0),
(100, 57, 30, 1, 2, 1653104957, 1653104957, 0),
(101, 58, 15, 2, 9, 1653104957, 1653104957, 0),
(102, 59, 5, 3, 8, 1653104957, 1653104957, 0),
(103, 60, 1, 3, 4, 1653104957, 1653104957, 0),
(104, 60, 24, 1, 6, 1653104957, 1653104957, 0),
(105, 61, 13, 1, 14, 1653104957, 1653104957, 0),
(106, 61, 13, 2, 8, 1653104957, 1653104957, 0),
(107, 62, 5, 3, 4, 1653104957, 1653104957, 0),
(108, 63, 12, 1, 14, 1653104957, 1653104957, 0),
(109, 63, 12, 2, 6, 1653104957, 1653104957, 0),
(110, 63, 13, 3, 2, 1653104957, 1653104957, 0),
(111, 64, 4, 3, 2, 1653104957, 1653104957, 0),
(112, 64, 24, 2, 14, 1653104957, 1653104957, 0),
(113, 65, 2, 2, 4, 1653104957, 1653104957, 0),
(114, 65, 24, 3, 4, 1653104957, 1653104957, 0);

-- --------------------------------------------------------

--
-- Table structure for table `tasks`
--

CREATE TABLE `tasks` (
  `id` int(11) NOT NULL,
  `name` varchar(100) NOT NULL,
  `statusId` int(11) NOT NULL,
  `createdAt` bigint(20) NOT NULL,
  `updatedAt` bigint(20) NOT NULL,
  `deletedAt` bigint(20) NOT NULL
) ENGINE=InnoDB DEFAULT CHARSET=utf8;

--
-- Dumping data for table `tasks`
--

INSERT INTO `tasks` (`id`, `name`, `statusId`, `createdAt`, `updatedAt`, `deletedAt`) VALUES
(1, 'Kepala Madrasah', 1, 1653104868, 1653104868, 0),
(2, 'Wakamad Kurikulum', 1, 1653104868, 1653104868, 0),
(3, 'Wakamad Kesiswaan', 1, 1653104868, 1653104868, 0),
(4, 'Wakamad Humas', 1, 1653104868, 1653104868, 0),
(5, 'Wakamad Sarpras', 1, 1653104868, 1653104868, 0),
(6, 'Kepala Perpustakaan', 1, 1653104868, 1653104868, 0),
(7, 'Kepala Laboratorium IPA', 1, 1653104868, 1653104868, 0),
(8, 'Kepala Laboratorium Komputer', 1, 1653104868, 1653104868, 0),
(9, 'Pembina UKS', 1, 1653104868, 1653104868, 0),
(10, 'Pembina Olah Raga', 1, 1653104868, 1653104868, 0),
(11, 'Pembina PIK KRR', 1, 1653104868, 1653104868, 0),
(12, 'Koord BK', 1, 1653104868, 1653104868, 0),
(13, 'Pembina Osim', 1, 1653104868, 1653104868, 0),
(14, 'Pembina Pramuka', 1, 1653104868, 1653104868, 0),
(15, 'Pembina Rohis', 1, 1653104868, 1653104868, 0),
(16, 'Bendahara Komite', 1, 1653104868, 1653104868, 0),
(17, 'Guru Madya', 1, 1653104868, 1653104868, 0),
(18, 'Piket', 1, 1653104868, 1653104868, 0),
(19, 'bandahara osim', 1, 1653104868, 1653104868, 0);

-- --------------------------------------------------------

--
-- Table structure for table `teachers`
--

CREATE TABLE `teachers` (
  `id` int(11) NOT NULL,
  `email` varchar(255) NOT NULL,
  `nip` varchar(60) DEFAULT NULL,
  `name` varchar(60) NOT NULL,
  `gender` varchar(1) NOT NULL,
  `dob` date DEFAULT NULL,
  `privilegeId` int(11) NOT NULL,
  `rankId` int(11) DEFAULT NULL,
  `rankTmt` int(11) DEFAULT NULL,
  `groupId` int(11) DEFAULT NULL,
  `educationlevelId` int(11) NOT NULL,
  `schoolId` int(11) DEFAULT NULL,
  `majorId` int(11) DEFAULT NULL,
  `finishEducationLevel` date DEFAULT NULL,
  `mutation` date DEFAULT NULL,
  `ipAddress` varchar(255) DEFAULT NULL,
  `about` varchar(255) DEFAULT NULL,
  `image` varchar(255) DEFAULT NULL,
  `statusId` int(11) NOT NULL,
  `employeeId` int(11) NOT NULL,
  `password` varchar(60) NOT NULL,
  `address` varchar(256) DEFAULT NULL,
  `phone` varchar(15) DEFAULT NULL,
  `createdAt` bigint(20) NOT NULL,
  `updatedAt` bigint(20) NOT NULL,
  `deletedAt` bigint(20) NOT NULL
) ENGINE=InnoDB DEFAULT CHARSET=utf8;

--
-- Dumping data for table `teachers`
--

INSERT INTO `teachers` (`id`, `email`, `nip`, `name`, `gender`, `dob`, `privilegeId`, `rankId`, `rankTmt`, `groupId`, `educationlevelId`, `schoolId`, `majorId`, `finishEducationLevel`, `mutation`, `ipAddress`, `about`, `image`, `statusId`, `employeeId`, `password`, `address`, `phone`, `createdAt`, `updatedAt`, `deletedAt`) VALUES
(1, 'renoldi@admin.com', 'zteg19i8m76', 'super admin', 'P', '2006-01-10', 1, NULL, NULL, NULL, 10, NULL, NULL, NULL, NULL, '127.0.0.1', 'created', 'assets/avatar.png', 1, 14, '$2y$10$zVrNWh6KPZZtbiPxALIRdOwezXxyAda/EKYxw6u1.MOp.lfJwwK6K', NULL, NULL, 1653104869, 1653104869, 0),
(2, 'drs.riswanbasriladdress@man.com', '196801221999051001', 'Drs. Riswan Basri', 'L', '1968-01-22', 2, 4, 2006, 1, 8, 81, 7, '0000-00-00', '2013-04-01', NULL, NULL, 'assets/avatar.png', 1, 21, '$2y$10$hO8rvzZ.7wy5uwspMC1D/OBZPTLJtIedANJUOGySUeXPdTaPnEdRG', 'address', '085814706801', 1653104914, 1653104914, 0),
(3, 'dra.salwahusnam.humpaddress@man.com', '197008021997032002', 'Dra. Salwa Husna M.Hum', 'P', '1969-08-16', 5, 4, 1999, 2, 9, 81, 1, '0000-00-00', '2018-10-01', NULL, NULL, 'assets/avatar.png', 1, 21, '$2y$10$XuPdp/ftDR0Nk17Ye/cN0.N3D.HeorNuGi5DE81zPhJ8aeuBo13Fm', 'address', '085814706801', 1653104914, 1653104914, 0),
(4, 'dra.sriwahyunipaddress@man.com', '196908161995032002', 'Dra. Sri Wahyuni', 'P', '1970-08-02', 5, 4, 1997, 2, 8, 81, 10, '0000-00-00', '2019-04-01', NULL, NULL, 'assets/avatar.png', 1, 21, '$2y$10$O.9KvgVuMFe8ilrzhi2Fu.UzUZFBCSbI1C0ndMxhQ7bXziuFRDp8S', 'address', '085814706801', 1653104914, 1653104914, 0),
(5, 'mustafas.pdladdress@man.com', '19671201200511005', 'Mustafa S.Pd', 'L', '1974-05-27', 5, 3, 2000, 2, 8, 81, 1, '0000-00-00', '2020-10-01', NULL, NULL, 'assets/avatar.png', 1, 21, '$2y$10$J1mOXNVAGHNXH5rz5dWYk.YGrdD4YJmPl9PIhufdtJN/IRn9cPfVS', 'address', '085814706801', 1653104914, 1653104914, 0),
(6, 'parwiraabdraufmapaddress@man.com', '196707051998031004', 'Parwira Abd Rauf MA', 'P', '1969-04-12', 5, 4, 2015, 1, 8, 81, 16, '0000-00-00', '2021-04-01', NULL, NULL, 'assets/avatar.png', 1, 21, '$2y$10$qit0nN6aID5X8LjMppdZOeqB6DUwtRDNtKUuIqcBf6m2E6jev1idG', 'address', '085814706801', 1653104914, 1653104914, 0),
(7, 'dra.maesahpaddress@man.com', '196603031999052001', 'Dra. Maesah', 'P', '1967-08-11', 5, 4, 2000, 1, 8, 81, 1, '0000-00-00', '2022-04-01', NULL, NULL, 'assets/avatar.png', 1, 21, '$2y$10$4JVZjZF3KJ7OTxbHZfMYBupCKbDTZ3rbgk6vrVl9E.qMAb6PoJBei', 'address', '085814706801', 1653104914, 1653104914, 0),
(8, 'radhapuspitas.pdpaddress@man.com', '197405271999052001', 'Radha Puspita S.Pd', 'P', '1969-06-08', 5, 4, 2001, 2, 8, 81, 16, '0000-00-00', '2022-10-01', NULL, NULL, 'assets/avatar.png', 1, 21, '$2y$10$VE5YQ1D/qPDCbAUKdqW8mONbjRMo3wQlsgqlKvWgIRdxJDKkZ/hKu', 'address', '085814706801', 1653104914, 1653104914, 0),
(9, 'erdanelis.pdpaddress@man.com', '197011211999052001', 'Erdaneli S.Pd', 'P', '1965-08-13', 5, 4, 2014, 1, 8, 81, 13, '0000-00-00', '2022-10-01', NULL, NULL, 'assets/avatar.png', 1, 21, '$2y$10$tUtJvUg4WyDcGZcANe0cEuLsebXlQ4R64PbHt8dLzcpm.0S2bB98m', 'address', '085814706801', 1653104914, 1653104914, 0),
(10, 'zarnidaars.agpaddress@man.com', '197106271999052001', 'Zarnida AR S.Ag', 'P', '1971-07-12', 5, 4, 2000, 1, 8, 81, 2, '0000-00-00', '2022-10-01', NULL, NULL, 'assets/avatar.png', 1, 21, '$2y$10$5nStNg1uQWO2LHqgbF5vAuoOJB1oToEb1qf/Mkz3vgKq.H9k.9yha', 'address', '085814706801', 1653104915, 1653104915, 0),
(11, 'sitihamidahs.agpaddress@man.com', '197601052000032001', 'Siti Hamidah S.Ag', 'P', '1970-06-14', 5, 4, 2008, 1, 8, 81, 16, '0000-00-00', '2023-10-01', NULL, NULL, 'assets/avatar.png', 1, 21, '$2y$10$nyDxKzB7yPBpBKsQ7Cx3uuQVWC.FuUiOtDMcjdzzVtSH1y8zzEN1C', 'address', '085814706801', 1653104915, 1653104915, 0),
(12, 'supriyanipaddress@man.com', NULL, 'Supriyani', 'P', '1967-07-05', 5, 3, 2019, 1, 8, 81, 14, '0000-00-00', '2010-04-01', NULL, NULL, 'assets/avatar.png', 1, 21, '$2y$10$WHysRQZi/cRLj9BezZ579euUJbn7ybGW1qh91OygCW/tOhGxoWmyG', 'address', '085814706801', 1653104915, 1653104915, 0),
(13, 'susiandrianis.pdpaddress@man.com', '197404222003122', 'Susi Andriani S.Pd', 'P', '1968-05-27', 5, 4, 2021, 1, 8, 81, 6, '0000-00-00', '2010-04-01', NULL, NULL, 'assets/avatar.png', 1, 21, '$2y$10$iUg14tZekQaXmpRExcd8/uKGWd2t.s1Jb8WXGtuT2mfEs5acyuDY2', 'address', '085814706801', 1653104915, 1653104915, 0),
(14, 'dra.maslinapaddress@man.com', '197006141999052001', 'Dra. Maslina ', 'P', '1963-06-08', 5, 4, 2000, 2, 8, 81, 3, '0000-00-00', '2012-04-01', NULL, NULL, 'assets/avatar.png', 1, 21, '$2y$10$jsj8870bLhtxR3yDV7FXT.ZEpxvjITehy2LJxqiiWpa5og9U1cC62', 'address', '085814706801', 1653104915, 1653104915, 0),
(15, 'nirwanis.pdpaddress@man.com', '196708111993032004', 'Nirwani S.Pd', 'P', '1966-03-03', 5, 4, 2000, 2, 8, 81, 4, '0000-00-00', '2012-04-01', NULL, NULL, 'assets/avatar.png', 1, 21, '$2y$10$LctK8V11TEUbGhsoyP5lqeVP.nQkQivENwKlBca.GTLdgXz6dh6Uu', 'address', '085814706801', 1653104915, 1653104915, 0),
(16, 'zulitanawarnis.pdpaddress@man.com', '197103301999052001', 'Zulitanawarni S.Pd', 'P', '1970-11-21', 5, 4, 2001, 1, 8, 81, 5, '0000-00-00', '2012-04-01', NULL, NULL, 'assets/avatar.png', 1, 21, '$2y$10$ZL1NSgw1RNwR7738PyurfOW21SGRTt/zpKUn7CdL.NBgHOxSRLtUy', 'address', '085814706801', 1653104915, 1653104915, 0),
(17, 'idesvianamanurungmapaddress@man.com', '197312102007012020', 'Idesviana Manurung MA', 'P', '1971-03-30', 5, 3, 2001, 4, 8, 81, 4, '0000-00-00', '2012-04-01', NULL, NULL, 'assets/avatar.png', 1, 21, '$2y$10$3JUyK4ZERiHF.MaiXGQzgOYknxLr3tFxb8Q16fWaeBTKU6/3IbPRi', 'address', '085814706801', 1653104915, 1653104915, 0),
(18, 'rahmirizzatis.pdladdress@man.com', '198804082019032014', 'Rahmi Rizzati S.Pd', 'L', '1971-06-27', 5, 3, 2005, 1, 8, 81, 11, '0000-00-00', '2012-04-01', NULL, NULL, 'assets/avatar.png', 1, 21, '$2y$10$iULHkA6LBM6u2im7AiSG/uhEpLo/quUP3nLbvvCxZ9PLPXPiGhu8G', 'address', '085814706801', 1653104915, 1653104915, 0),
(19, 'alhudas.pd.ipaddress@man.com', '1973061720031201004', 'Al Huda S.Pd.I', 'P', '1967-06-10', 5, 3, 2008, 4, 8, 81, 6, '0000-00-00', '2012-04-01', NULL, NULL, 'assets/avatar.png', 1, 21, '$2y$10$aXWq.KDSOXjZI97wh348Q.ODyB.x651TVXT0nhziZMv5SIBBQkt1G', 'address', '085814706801', 1653104915, 1653104915, 0),
(20, 'dra.mahyanapaddress@man.com', '196508131992032001', 'Dra. Mahyana', 'P', '1976-01-05', 5, 4, 2019, 2, 8, 81, 8, '0000-00-00', '2016-04-01', NULL, NULL, 'assets/avatar.png', 1, 21, '$2y$10$rx3ld4MgMjgR.NU1sZfDFO5jlwT1yIf15qAuPZKhEWSFoS0wHHIX2', 'address', '085814706801', 1653104915, 1653104915, 0),
(21, 'dra.asfiapaddress@man.com', '196412022014112001', 'Dra. Asfia', 'P', '1974-04-22', 5, 3, 2012, 1, 8, 81, 13, '0000-00-00', '2016-04-01', NULL, NULL, 'assets/avatar.png', 1, 21, '$2y$10$WQn6wC7A0NnHja2Nd2btGODt6Ct.W/4OyiNjbT22T0K8MVO3k3lRm', 'address', '085814706801', 1653104915, 1653104915, 0),
(22, 'hafinimapaddress@man.com', '197702222007012021', 'Hafini MA', 'P', '1976-08-27', 5, 3, 2005, 3, 8, 81, 9, '0000-00-00', '2018-04-01', NULL, NULL, 'assets/avatar.png', 1, 21, '$2y$10$719SxekvfrPphK9zBBq8Y.uEnOoW3URwrOaHfjyWgl8aqU1U9u3B6', 'address', '085814706801', 1653104915, 1653104915, 0),
(23, 'sitiyulianas.pdpaddress@man.com', '197107121999052001', 'Siti Yuliana S.Pd', 'P', '1980-09-09', 5, 4, 2020, 2, 8, 81, 16, '0000-00-00', '2023-10-01', NULL, NULL, 'assets/avatar.png', 1, 21, '$2y$10$a5YdRn6KRGgyOP.cJpcXneG.1YFQ6oRm76A7J5lLxXyYE8x6Nxk86', 'address', '085814706801', 1653104915, 1653104915, 0),
(24, 'drs.m.saminpaddress@man.com', '196306081999051001', 'Drs. M. Samin', 'P', '1979-11-06', 5, 4, 2013, 1, 8, 81, 10, '0000-00-00', '2014-10-01', NULL, NULL, 'assets/avatar.png', 1, 21, '$2y$10$3zbNzKOCUpU1csMM3rV9/.ax7q0f0xvuiV0pAJj64ieXG4udOuNUC', 'address', '085814706801', 1653104915, 1653104915, 0),
(25, 'rosmainis.pdpaddress@man.com', '196706101999052001', 'Rosmaini S.Pd', 'P', '1979-09-24', 5, 4, 2019, 1, 8, 81, 14, '0000-00-00', '2016-04-01', NULL, NULL, 'assets/avatar.png', 1, 21, '$2y$10$2DlyyZmv5Kek52iPW/bRqur5T1XDjMB4T6Ky50uCTH761SA/sGbRG', 'address', '085814706801', 1653104915, 1653104915, 0),
(26, 'ramlans.pdpaddress@man.com', '197608272005011009', 'Ramlan S.Pd', 'P', '0000-00-00', 5, 4, 2015, 1, 8, 81, 11, '0000-00-00', '2017-10-01', NULL, NULL, 'assets/avatar.png', 1, 21, '$2y$10$NltoRTiQ5f4pZLHdN7x6yOsWbtFn9hvNLPtkwKX1WiTqooe5NqZfm', 'address', '085814706801', 1653104915, 1653104915, 0),
(27, 'rosidas.pdpaddress@man.com', '197612012005011005', 'Rosida S.Pd', 'P', '1973-12-10', 5, 3, 2019, 3, 8, 81, 14, '0000-00-00', '2023-10-01', NULL, NULL, 'assets/avatar.png', 1, 21, '$2y$10$LuA5UbTtGJQvh89sr6vUv.hL4bfdh9fxq396vPf3dMMD8XqIGdR1i', 'address', '085814706801', 1653104915, 1653104915, 0),
(28, 'masdians.pdladdress@man.com', '198009092005011004', 'Masdian S.Pd', 'L', '1977-02-22', 5, 4, 2017, 1, 8, 81, 14, '0000-00-00', '2021-10-01', NULL, NULL, 'assets/avatar.png', 1, 21, '$2y$10$FyBgQpZi/qJQTsGrmrRivumN1EJDPILdTXH//BWb6IkagGHrSuOG.', 'address', '085814706801', 1653104915, 1653104915, 0),
(29, 'jonaerwentas.pdladdress@man.com', '199306062019031020', 'Jona Erwenta S.Pd', 'L', '1984-10-10', 5, 3, 2009, 1, 8, 81, 12, '0000-00-00', '2023-04-01', NULL, NULL, 'assets/avatar.png', 1, 21, '$2y$10$Eh3jJZpwFhHb5aJ89o8mIu56y1eqNPdMBeNsEiWn8Rw6D.xgxKtSC', 'address', '085814706801', 1653104915, 1653104915, 0),
(30, 'drs.mukhlisusmanladdress@man.com', '196912041995031001', 'Drs. Mukhlis Usman', 'L', '1967-12-01', 5, 4, 2010, 2, 8, 81, 5, '0000-00-00', '2017-04-01', NULL, NULL, 'assets/avatar.png', 1, 21, '$2y$10$AUUMvJndg0uiFhaPdcS8JOvByd/l/TOTLMoYYAPHRtybX4nxu5JQ2', 'address', '085814706801', 1653104915, 1653104915, 0),
(31, 'dra.dewisartikapaddress@man.com', '196906081996032002', 'Dra. Dewi Sartika', 'P', '1977-12-29', 5, 4, 2021, 2, 8, 81, 13, '0000-00-00', '2023-10-01', NULL, NULL, 'assets/avatar.png', 1, 21, '$2y$10$javbFC1r/Dr4ZPjmkQCPKed70hn6yY/lA82Qa49YhqBG2rp7hhDse', 'address', '085814706801', 1653104916, 1653104916, 0),
(32, 'novadianas.pd.ipaddress@man.com', '197911062003122002', 'Nova Diana S.Pd.I', 'P', '1964-12-02', 5, 3, 2017, 4, 8, 81, 14, '0000-00-00', '2025-10-01', NULL, NULL, 'assets/avatar.png', 1, 21, '$2y$10$zm6Lqd7uzU4kE9m7rqGvU.lKGp1LIZ6iIGi.X/KIihqCVfJODPkiq', 'address', '085814706801', 1653104916, 1653104916, 0),
(33, 'muslailatis.pdpaddress@man.com', NULL, 'Muslailati S.Pd', 'P', '1986-09-02', 5, 4, 2021, 1, 8, 81, 14, '0000-00-00', '2023-03-01', NULL, NULL, 'assets/avatar.png', 1, 21, '$2y$10$ZykuX62XfWnQMnps1ubJNuFfbe7e/gtoUXwms5SqlSjDdsZvCUaIO', 'address', '085814706801', 1653104916, 1653104916, 0),
(34, 'murikawatis.pdpaddress@man.com', NULL, 'Murikawati S.Pd', 'P', '1993-05-06', 5, NULL, NULL, NULL, 8, 81, 14, '0000-00-00', NULL, NULL, NULL, 'assets/avatar.png', 1, 7, '$2y$10$HZZXvK81TmNJ58EKaVETheHLkiPMGFc2179CgRUjhnqZRuy9UREYO', 'address', '085814706801', 1653104916, 1653104916, 0),
(35, 'sripuspitawatysepaddress@man.com', NULL, 'Sri Puspitawaty SE', 'P', '1986-06-18', 5, NULL, NULL, NULL, 8, 81, 14, '0000-00-00', NULL, NULL, NULL, 'assets/avatar.png', 1, 7, '$2y$10$SxD0nlxr6jdP6te3LxavfuMXmHBa8R2HzyRYT2kgJyuflH9FWRvpi', 'address', '085814706801', 1653104916, 1653104916, 0),
(36, 'musrifatuns.pd.ipaddress@man.com', NULL, 'Musrifatun S.Pd.I', 'P', '1980-02-07', 5, NULL, NULL, NULL, 8, 81, 14, '0000-00-00', NULL, NULL, NULL, 'assets/avatar.png', 1, 7, '$2y$10$qiWlxy5uVbe61Koj99bXC.4.kWgPiHkjDtcqgwsiDEkdn0sfX7oSS', 'address', '085814706801', 1653104916, 1653104916, 0),
(37, 'hasbunarawem.pdpaddress@man.com', NULL, 'Hasbuna Rawe M.Pd', 'P', '1968-07-08', 5, NULL, NULL, NULL, 8, 81, 14, '0000-00-00', NULL, NULL, NULL, 'assets/avatar.png', 1, 7, '$2y$10$pGdKFQodtCaYn6IXXSR4quENL3M6HNfK8UjdiJpkx6MmUnuySxHye', 'address', '085814706801', 1653104916, 1653104916, 0),
(38, 'ayurafitris.pdpaddress@man.com', NULL, 'Ayu Rafitri S.Pd', 'P', '1968-07-09', 5, NULL, NULL, NULL, 8, 81, 14, '0000-00-00', NULL, NULL, NULL, 'assets/avatar.png', 1, 7, '$2y$10$aucAQvwIlNkjHemqUIjqu.hFu3.JLulLuSIp3yJJc9VVrVwplNAl6', 'address', '085814706801', 1653104916, 1653104916, 0),
(39, 'yunitafitris.pdpaddress@man.com', NULL, 'Yunita Fitri S.Pd', 'P', '1968-07-10', 5, NULL, NULL, NULL, 8, 81, 14, '0000-00-00', NULL, NULL, NULL, 'assets/avatar.png', 1, 7, '$2y$10$rtuXASaGYjdtlbhnesGh9OKuWTsjPb2HEJpqN9s3GXUDkn8QskcVi', 'address', '085814706801', 1653104916, 1653104916, 0),
(40, 'suminas.pd.ipaddress@man.com', NULL, 'Sumina S.Pd.I', 'P', '1968-07-11', 5, NULL, NULL, NULL, 8, 81, 14, '0000-00-00', NULL, NULL, NULL, 'assets/avatar.png', 1, 7, '$2y$10$fOnbAQ0QcXJrymzomeDgk.QmBEnAsuK.Nej.Jw0v6OSaE9L.xodBG', 'address', '085814706801', 1653104916, 1653104916, 0),
(41, 'mawarnimartianatah.s.pdpaddress@man.com', NULL, 'Mawarni Martianata H.S.Pd', 'P', '1968-07-12', 5, NULL, NULL, NULL, 8, 81, 14, '0000-00-00', NULL, NULL, NULL, 'assets/avatar.png', 1, 7, '$2y$10$MFiHs96lU/3/FQb23DXHA.nJQLdq2tetzvPLpVsBP5iLsjCVa6o..', 'address', '085814706801', 1653104916, 1653104916, 0),
(42, 'ihfaruddins.pdpaddress@man.com', NULL, 'Ihfaruddin S.Pd', 'P', '1968-07-13', 5, NULL, NULL, NULL, 8, 81, 14, '0000-00-00', NULL, NULL, NULL, 'assets/avatar.png', 1, 7, '$2y$10$XeqB1Ww.t3.Qv6dmRGi6NuqF2MFBhyVG/sfwYb0NyFmCaphJVabV2', 'address', '085814706801', 1653104916, 1653104916, 0),
(43, 'liafitris.pdpaddress@man.com', NULL, 'Lia Fitri S.Pd', 'P', '1968-07-14', 5, NULL, NULL, NULL, 8, 81, 14, '0000-00-00', NULL, NULL, NULL, 'assets/avatar.png', 1, 7, '$2y$10$K6U3r.y64hRp4g8InBeuau4UKUnPZrwgr0lQug0Kig8qnTc9J9IDq', 'address', '085814706801', 1653104916, 1653104916, 0),
(44, 'maqpirahs.pdpaddress@man.com', NULL, 'Maqpirah S.Pd', 'P', '1968-07-15', 5, NULL, NULL, NULL, 8, 81, 14, '0000-00-00', NULL, NULL, NULL, 'assets/avatar.png', 1, 7, '$2y$10$v576JQ8JuP92bW/C5FJXi.dShdkSDtRNd4nrtCsdyEFNA38fB5Egi', 'address', '085814706801', 1653104916, 1653104916, 0),
(45, 'wantinurjadidahs.sospaddress@man.com', NULL, 'Wanti Nurjadidah S.Sos', 'P', '1968-07-16', 5, NULL, NULL, NULL, 8, 81, 14, '0000-00-00', NULL, NULL, NULL, 'assets/avatar.png', 1, 7, '$2y$10$G8GZdKYJfXfxNqX7323gyOVBeH/s.fbCrBHPKyiYpRFrd6.rqL5KG', 'address', '085814706801', 1653104916, 1653104916, 0),
(46, 'azmialfikris.pd.ipaddress@man.com', NULL, 'Azmi Alfikri S.Pd.I', 'P', '1968-07-17', 5, NULL, NULL, NULL, 8, 81, 14, '0000-00-00', NULL, NULL, NULL, 'assets/avatar.png', 1, 7, '$2y$10$vwytXWLyAmRUS0U/jgGM8eoE7oYSXAqc0.MOQflo37.5nHJANvCuK', 'address', '085814706801', 1653104916, 1653104916, 0),
(47, 'ariagemasihs.pdpaddress@man.com', NULL, 'Aria Gemasih S.Pd', 'P', '1968-07-18', 5, NULL, NULL, NULL, 8, 81, 14, '0000-00-00', NULL, NULL, NULL, 'assets/avatar.png', 1, 7, '$2y$10$YCOBEsqW3WOKiCw4SGqfTea5OgrxJGDNiG03dQbcSrIRtl56UvRAy', 'address', '085814706801', 1653104916, 1653104916, 0),
(48, 'hirdayanis.pdpaddress@man.com', NULL, 'Hirdayani S.Pd', 'P', '1968-07-19', 5, NULL, NULL, NULL, 8, 81, 14, '0000-00-00', NULL, NULL, NULL, 'assets/avatar.png', 1, 7, '$2y$10$o8PHruoL50HV74i5F3LqSO3AUhje26HnptnIYHEUmwR23oUTradCa', 'address', '085814706801', 1653104916, 1653104916, 0),
(49, 'nellarahmans.pdpaddress@man.com', NULL, 'Nella Rahman S.Pd', 'P', '1968-07-20', 5, NULL, NULL, NULL, 8, 81, 14, '0000-00-00', NULL, NULL, NULL, 'assets/avatar.png', 1, 7, '$2y$10$4NDEvfz6Ze2xF7j5YpfTF.XNxtLYpSJCm4qD3Iwe8BpYHcS0jua9i', 'address', '085814706801', 1653104916, 1653104916, 0),
(50, 'zahrahs.pdpaddress@man.com', NULL, 'Zahrah S.Pd', 'P', '1968-07-21', 5, NULL, NULL, NULL, 8, 81, 14, '0000-00-00', NULL, NULL, NULL, 'assets/avatar.png', 1, 7, '$2y$10$r.kvqA7V9ljBWfSysTYdd.RrlUoauO5fwRlIXqAMTRSLY0at56cf2', 'address', '085814706801', 1653104916, 1653104916, 0),
(51, 'nurmalianas.pdpaddress@man.com', NULL, 'Nurmaliana S.Pd', 'P', '1968-07-22', 5, NULL, NULL, NULL, 8, 81, 14, '0000-00-00', NULL, NULL, NULL, 'assets/avatar.png', 1, 7, '$2y$10$2Hl5TGyhp80C2PlDml0XqO/t1ByX3fTEoHdYma2qdM52a5GIsKoR2', 'address', '085814706801', 1653104916, 1653104916, 0),
(52, 'indasyahram.pdpaddress@man.com', NULL, 'Inda Syahra M.Pd', 'P', '1968-07-23', 4, NULL, NULL, NULL, 8, 81, 14, '0000-00-00', NULL, NULL, NULL, 'assets/avatar.png', 1, 7, '$2y$10$tYEYDzakmNYQNGeYISnMP.0nSVSH5VOhuSOvtK8dx0YHaDoAxb7tq', 'address', '085814706801', 1653104916, 1653104916, 0),
(53, 'helmirasyidans.pdpaddress@man.com', NULL, 'Helmi Rasyidan S.Pd', 'P', '1968-07-24', 5, NULL, NULL, NULL, 8, 81, 14, '0000-00-00', NULL, NULL, NULL, 'assets/avatar.png', 1, 7, '$2y$10$9LXHqLMSZrUkTakJ/th5LOaCjBFiq38FWKm/XlROgimzQ6m17vt7m', 'address', '085814706801', 1653104917, 1653104917, 0),
(54, 'basirahs.pdpaddress@man.com', NULL, 'Basirah S.Pd', 'P', '1968-07-25', 5, NULL, NULL, NULL, 8, 81, 14, '0000-00-00', NULL, NULL, NULL, 'assets/avatar.png', 1, 7, '$2y$10$.OvpbUhgP1lHbrdTlyBFUu2F04KPqGKOSOpHWn61/Gk2RsmFWzniW', 'address', '085814706801', 1653104917, 1653104917, 0),
(55, 'nidaulfasmis.pdpaddress@man.com', NULL, 'Nida Ulfasmi S.Pd', 'P', '1968-07-26', 5, NULL, NULL, NULL, 8, 81, 14, '0000-00-00', NULL, NULL, NULL, 'assets/avatar.png', 1, 7, '$2y$10$/uR5ES06QTfv3SEvHRw/WuxeihrBKyhSMtZQEAAqKWv63Lv3Vo5bi', 'address', '085814706801', 1653104917, 1653104917, 0),
(56, 'rahmayanas.pdpaddress@man.com', NULL, 'Rahmayana S.Pd', 'P', '1968-07-27', 5, NULL, NULL, NULL, 8, 81, 14, '0000-00-00', NULL, NULL, NULL, 'assets/avatar.png', 1, 7, '$2y$10$HqK9WlB4/W.yzCC5dbAwwe2ftrwwsx8JeNlX1bGuElW0RLUWep2R6', 'address', '085814706801', 1653104917, 1653104917, 0),
(57, 'enipenalamnis.sipaddress@man.com', NULL, 'Eni Penalamni S.Si', 'P', '1968-07-28', 5, NULL, NULL, NULL, 8, 81, 14, '0000-00-00', NULL, NULL, NULL, 'assets/avatar.png', 1, 7, '$2y$10$C3562kMby/pWirYnBUmMvuyEDnnPPZJBkOpQnOZ8MYrruJoBzaRVq', 'address', '085814706801', 1653104917, 1653104917, 0),
(58, 'kurniatibukits.pdpaddress@man.com', NULL, 'Kurniati Bukit S.Pd', 'P', '1968-07-29', 5, NULL, NULL, NULL, 8, 81, 14, '0000-00-00', NULL, NULL, NULL, 'assets/avatar.png', 1, 7, '$2y$10$c93HehS4r03SLw/KjHAep.oKF/bLPK6VZMFOBDYjf2uJkCEhzGUMG', 'address', '085814706801', 1653104917, 1653104917, 0),
(59, 'wildanmabruras.pdpaddress@man.com', NULL, 'Wildan Mabrura S.Pd', 'P', '1968-07-30', 5, NULL, NULL, NULL, 8, 81, 14, '0000-00-00', NULL, NULL, NULL, 'assets/avatar.png', 1, 7, '$2y$10$OuRcqxCnTpaRbzD9ZlHwgubqyI8HMfTdkrw6BhJgMA64x1V9t9l7.', 'address', '085814706801', 1653104917, 1653104917, 0),
(60, 'marfuahs.pdpaddress@man.com', NULL, 'Marfuah S.Pd', 'P', '1968-07-31', 5, NULL, NULL, NULL, 8, 81, 14, '0000-00-00', NULL, NULL, NULL, 'assets/avatar.png', 1, 7, '$2y$10$uSxa8q0DZBMP5WKj6yd4AefdHzZ0Qf12AwVWHJ/YcEL/6l0vrLpE.', 'address', '085814706801', 1653104917, 1653104917, 0),
(61, 'sadirahs.pd.ipaddress@man.com', NULL, 'Sadirah S.Pd.I', 'P', '1968-08-01', 5, NULL, NULL, NULL, 8, 81, 14, '0000-00-00', NULL, NULL, NULL, 'assets/avatar.png', 1, 7, '$2y$10$DHPDgdi4MjWT9DOw7frnneajttraf7czBNVk/6lVCzv/Xm4TNp/52', 'address', '085814706801', 1653104917, 1653104917, 0),
(62, 'saifunnurs.pdpaddress@man.com', NULL, 'Saifunnur S.Pd', 'P', '1968-08-02', 5, NULL, NULL, NULL, 8, 81, 14, '0000-00-00', NULL, NULL, NULL, 'assets/avatar.png', 1, 7, '$2y$10$vpC5rG5JoYO3AtY4poaqAuwqndWnIp43PmjVdoUHfMcII8hFSS8E.', 'address', '085814706801', 1653104917, 1653104917, 0),
(63, 'rahimatullahs.pd.ipaddress@man.com', NULL, 'Rahimatullah S.Pd.I', 'P', '1968-08-03', 5, NULL, NULL, NULL, 8, 81, 14, '0000-00-00', NULL, NULL, NULL, 'assets/avatar.png', 1, 7, '$2y$10$2qamZblj5JvvjyyduF8sbeSr4czVvSB.u.BSX7ptlQ.z3r.gF9SHK', 'address', '085814706801', 1653104917, 1653104917, 0),
(64, 'fitriramadhanis.pdpaddress@man.com', NULL, 'Fitri Ramadhani S.Pd', 'P', '1968-08-04', 5, NULL, NULL, NULL, 8, 81, 14, '0000-00-00', NULL, NULL, NULL, 'assets/avatar.png', 1, 7, '$2y$10$5VghKp9rr.3V.9dqjN2wge/E1CMYy9slZLu5O2qaxUd/fQ.8/uIHi', 'address', '085814706801', 1653104917, 1653104917, 0),
(65, 'marliantis.pdpaddress@man.com', NULL, 'Marlianti S.Pd', 'P', '1968-08-05', 5, NULL, NULL, NULL, 8, 81, 14, '0000-00-00', NULL, NULL, NULL, 'assets/avatar.png', 1, 7, '$2y$10$dZI6gR4eLndgC4S5gTmR1udqvtOij.wNileiuv0eXs8QTm1O5Wr9a', 'address', '085814706801', 1653104917, 1653104917, 0);

-- --------------------------------------------------------

--
-- Table structure for table `teachertasks`
--

CREATE TABLE `teachertasks` (
  `id` int(11) NOT NULL,
  `teacherId` int(11) NOT NULL,
  `taskId` int(11) NOT NULL,
  `tmtTask` date DEFAULT NULL,
  `duration` int(3) NOT NULL,
  `createdAt` bigint(20) NOT NULL,
  `updatedAt` bigint(20) NOT NULL,
  `deletedAt` bigint(20) NOT NULL
) ENGINE=InnoDB DEFAULT CHARSET=utf8;

--
-- Dumping data for table `teachertasks`
--

INSERT INTO `teachertasks` (`id`, `teacherId`, `taskId`, `tmtTask`, `duration`, `createdAt`, `updatedAt`, `deletedAt`) VALUES
(1, 2, 1, NULL, 24, 1653104933, 1653104933, 0),
(2, 3, 2, NULL, 12, 1653104933, 1653104933, 0),
(3, 4, 3, NULL, 12, 1653104933, 1653104933, 0),
(4, 5, 4, NULL, 12, 1653104933, 1653104933, 0),
(5, 6, 5, NULL, 12, 1653104933, 1653104933, 0),
(6, 7, 6, NULL, 0, 1653104933, 1653104933, 0),
(7, 7, 18, NULL, 1, 1653104933, 1653104933, 0),
(8, 8, 7, NULL, 12, 1653104933, 1653104933, 0),
(9, 8, 18, NULL, 1, 1653104933, 1653104933, 0),
(10, 9, 18, NULL, 1, 1653104933, 1653104933, 0),
(11, 10, 18, NULL, 1, 1653104933, 1653104933, 0),
(12, 11, 18, NULL, 1, 1653104933, 1653104933, 0),
(13, 12, 18, NULL, 1, 1653104933, 1653104933, 0),
(14, 13, 18, NULL, 1, 1653104933, 1653104933, 0),
(15, 14, 18, NULL, 1, 1653104933, 1653104933, 0),
(16, 15, 18, NULL, 1, 1653104933, 1653104933, 0),
(17, 16, 18, NULL, 1, 1653104933, 1653104933, 0),
(18, 17, 18, NULL, 1, 1653104933, 1653104933, 0),
(19, 18, 18, NULL, 1, 1653104933, 1653104933, 0),
(20, 19, 18, NULL, 1, 1653104933, 1653104933, 0),
(21, 20, 18, NULL, 1, 1653104933, 1653104933, 0),
(22, 21, 18, NULL, 1, 1653104933, 1653104933, 0),
(23, 22, 18, NULL, 1, 1653104933, 1653104933, 0),
(24, 23, 18, NULL, 1, 1653104933, 1653104933, 0),
(25, 24, 18, NULL, 1, 1653104933, 1653104933, 0),
(26, 25, 18, NULL, 1, 1653104933, 1653104933, 0),
(27, 25, 9, NULL, 6, 1653104933, 1653104933, 0),
(28, 26, 10, NULL, 6, 1653104933, 1653104933, 0),
(29, 26, 18, NULL, 1, 1653104933, 1653104933, 0),
(30, 27, 10, NULL, 5, 1653104933, 1653104933, 0),
(31, 27, 11, NULL, 5, 1653104933, 1653104933, 0),
(32, 29, 13, NULL, 6, 1653104933, 1653104933, 0),
(33, 30, 18, NULL, 1, 1653104933, 1653104933, 0),
(34, 31, 18, NULL, 1, 1653104933, 1653104933, 0),
(35, 32, 18, NULL, 1, 1653104933, 1653104933, 0),
(36, 33, 14, NULL, 7, 1653104933, 1653104933, 0),
(37, 33, 18, NULL, 1, 1653104933, 1653104933, 0),
(38, 34, 15, NULL, 6, 1653104933, 1653104933, 0),
(39, 36, 18, NULL, 1, 1653104933, 1653104933, 0),
(40, 37, 18, NULL, 1, 1653104933, 1653104933, 0),
(41, 38, 18, NULL, 1, 1653104933, 1653104933, 0),
(42, 39, 18, NULL, 1, 1653104933, 1653104933, 0),
(43, 40, 18, NULL, 1, 1653104933, 1653104933, 0),
(44, 41, 18, NULL, 1, 1653104933, 1653104933, 0),
(45, 42, 18, NULL, 1, 1653104933, 1653104933, 0),
(46, 43, 16, NULL, 0, 1653104933, 1653104933, 0),
(47, 44, 18, NULL, 1, 1653104933, 1653104933, 0),
(48, 45, 19, NULL, 0, 1653104933, 1653104933, 0),
(49, 46, 18, NULL, 1, 1653104933, 1653104933, 0),
(50, 47, 18, NULL, 1, 1653104933, 1653104933, 0),
(51, 48, 18, NULL, 1, 1653104933, 1653104933, 0),
(52, 49, 18, NULL, 1, 1653104933, 1653104933, 0),
(53, 50, 18, NULL, 1, 1653104933, 1653104933, 0),
(54, 51, 18, NULL, 1, 1653104933, 1653104933, 0),
(55, 52, 18, NULL, 1, 1653104933, 1653104933, 0),
(56, 53, 18, NULL, 1, 1653104933, 1653104933, 0),
(57, 54, 18, NULL, 1, 1653104933, 1653104933, 0),
(58, 55, 18, NULL, 1, 1653104933, 1653104933, 0),
(59, 56, 18, NULL, 1, 1653104933, 1653104933, 0),
(60, 57, 13, NULL, 1, 1653104933, 1653104933, 0),
(61, 57, 18, NULL, 1, 1653104933, 1653104933, 0),
(62, 58, 18, NULL, 1, 1653104933, 1653104933, 0),
(63, 59, 18, NULL, 1, 1653104933, 1653104933, 0),
(64, 60, 18, NULL, 1, 1653104933, 1653104933, 0),
(65, 61, 18, NULL, 1, 1653104933, 1653104933, 0),
(66, 62, 8, NULL, 12, 1653104933, 1653104933, 0),
(67, 63, 18, NULL, 1, 1653104933, 1653104933, 0),
(68, 64, 18, NULL, 1, 1653104933, 1653104933, 0),
(69, 65, 18, NULL, 1, 1653104933, 1653104933, 0);

--
-- Indexes for dumped tables
--

--
-- Indexes for table `classes`
--
ALTER TABLE `classes`
  ADD PRIMARY KEY (`id`),
  ADD UNIQUE KEY `name` (`name`),
  ADD KEY `Classes_statusId_foreign` (`statusId`);

--
-- Indexes for table `departments`
--
ALTER TABLE `departments`
  ADD PRIMARY KEY (`id`),
  ADD UNIQUE KEY `name` (`name`),
  ADD KEY `departments_statusId_foreign` (`statusId`);

--
-- Indexes for table `educationlevels`
--
ALTER TABLE `educationlevels`
  ADD PRIMARY KEY (`id`),
  ADD UNIQUE KEY `name` (`name`),
  ADD KEY `EducationLevels_statusId_foreign` (`statusId`);

--
-- Indexes for table `employees`
--
ALTER TABLE `employees`
  ADD PRIMARY KEY (`id`),
  ADD UNIQUE KEY `name` (`name`),
  ADD KEY `employees_statusId_foreign` (`statusId`);

--
-- Indexes for table `exams`
--
ALTER TABLE `exams`
  ADD PRIMARY KEY (`id`),
  ADD KEY `exams_semesterId_foreign` (`semesterId`),
  ADD KEY `exams_statusId_foreign` (`statusId`),
  ADD KEY `exams_subjectId_foreign` (`subjectId`),
  ADD KEY `exams_classId_foreign` (`classId`);

--
-- Indexes for table `groups`
--
ALTER TABLE `groups`
  ADD PRIMARY KEY (`id`),
  ADD UNIQUE KEY `name` (`name`),
  ADD KEY `groups_statusId_foreign` (`statusId`);

--
-- Indexes for table `hoomrooms`
--
ALTER TABLE `hoomrooms`
  ADD PRIMARY KEY (`id`),
  ADD KEY `hoomrooms_statusId_foreign` (`statusId`),
  ADD KEY `hoomrooms_roomId_foreign` (`roomId`),
  ADD KEY `hoomrooms_classId_foreign` (`classId`),
  ADD KEY `hoomrooms_teacherId_foreign` (`teacherId`);

--
-- Indexes for table `majors`
--
ALTER TABLE `majors`
  ADD PRIMARY KEY (`id`),
  ADD UNIQUE KEY `name` (`name`),
  ADD KEY `majors_statusId_foreign` (`statusId`);

--
-- Indexes for table `migrations`
--
ALTER TABLE `migrations`
  ADD PRIMARY KEY (`id`);

--
-- Indexes for table `privileges`
--
ALTER TABLE `privileges`
  ADD PRIMARY KEY (`id`),
  ADD UNIQUE KEY `name` (`name`),
  ADD KEY `privileges_statusId_foreign` (`statusId`);

--
-- Indexes for table `ranks`
--
ALTER TABLE `ranks`
  ADD PRIMARY KEY (`id`),
  ADD UNIQUE KEY `name` (`name`),
  ADD KEY `ranks_statusId_foreign` (`statusId`);

--
-- Indexes for table `reportstudents`
--
ALTER TABLE `reportstudents`
  ADD PRIMARY KEY (`id`),
  ADD KEY `reportstudents_roomId_foreign` (`roomId`),
  ADD KEY `reportstudents_classId_foreign` (`classId`),
  ADD KEY `reportstudents_semesterId_foreign` (`semesterId`),
  ADD KEY `reportstudents_subjectId_foreign` (`subjectId`);

--
-- Indexes for table `resultexams`
--
ALTER TABLE `resultexams`
  ADD PRIMARY KEY (`id`),
  ADD KEY `resultexams_statusId_foreign` (`statusId`),
  ADD KEY `resultexams_semesterId_foreign` (`semesterId`),
  ADD KEY `resultexams_studentId_foreign` (`studentId`),
  ADD KEY `resultexams_examId_foreign` (`examId`);

--
-- Indexes for table `rooms`
--
ALTER TABLE `rooms`
  ADD PRIMARY KEY (`id`),
  ADD UNIQUE KEY `name` (`name`),
  ADD KEY `rooms_statusId_foreign` (`statusId`),
  ADD KEY `rooms_departmentId_foreign` (`departmentId`);

--
-- Indexes for table `scheduleexams`
--
ALTER TABLE `scheduleexams`
  ADD PRIMARY KEY (`id`),
  ADD KEY `scheduleexams_statusId_foreign` (`statusId`),
  ADD KEY `scheduleexams_subjectId_foreign` (`subjectId`),
  ADD KEY `scheduleexams_semesterId_foreign` (`semesterId`),
  ADD KEY `scheduleexams_classId_foreign` (`classId`);

--
-- Indexes for table `schools`
--
ALTER TABLE `schools`
  ADD PRIMARY KEY (`id`),
  ADD UNIQUE KEY `name` (`name`),
  ADD KEY `schools_statusId_foreign` (`statusId`);

--
-- Indexes for table `semesters`
--
ALTER TABLE `semesters`
  ADD PRIMARY KEY (`id`),
  ADD UNIQUE KEY `name` (`name`),
  ADD KEY `semesters_statusId_foreign` (`statusId`);

--
-- Indexes for table `statuss`
--
ALTER TABLE `statuss`
  ADD PRIMARY KEY (`id`),
  ADD UNIQUE KEY `name` (`name`);

--
-- Indexes for table `students`
--
ALTER TABLE `students`
  ADD PRIMARY KEY (`id`),
  ADD UNIQUE KEY `email` (`email`),
  ADD KEY `students_statusId_foreign` (`statusId`),
  ADD KEY `students_schoolId_foreign` (`schoolId`),
  ADD KEY `students_fatherSchoolId_foreign` (`fatherSchoolId`),
  ADD KEY `students_motherSchoolId_foreign` (`motherSchoolId`),
  ADD KEY `students_motherEmployeeId_foreign` (`motherEmployeeId`),
  ADD KEY `students_fatherEmployeeId_foreign` (`fatherEmployeeId`),
  ADD KEY `students_roomId_foreign` (`roomId`),
  ADD KEY `students_classId_foreign` (`classId`),
  ADD KEY `students_privilegeId_foreign` (`privilegeId`);

--
-- Indexes for table `subjectdepartements`
--
ALTER TABLE `subjectdepartements`
  ADD PRIMARY KEY (`id`),
  ADD KEY `subjectDepartements_departmentId_foreign` (`departmentId`),
  ADD KEY `subjectDepartements_subjectId_foreign` (`subjectId`);

--
-- Indexes for table `subjects`
--
ALTER TABLE `subjects`
  ADD PRIMARY KEY (`id`),
  ADD KEY `subjects_statusId_foreign` (`statusId`);

--
-- Indexes for table `subjectteachers`
--
ALTER TABLE `subjectteachers`
  ADD PRIMARY KEY (`id`),
  ADD KEY `SubjectTeachers_teacherId_foreign` (`teacherId`),
  ADD KEY `SubjectTeachers_subjectId_foreign` (`subjectId`),
  ADD KEY `SubjectTeachers_classId_foreign` (`classId`);

--
-- Indexes for table `tasks`
--
ALTER TABLE `tasks`
  ADD PRIMARY KEY (`id`),
  ADD UNIQUE KEY `name` (`name`),
  ADD KEY `tasks_statusId_foreign` (`statusId`);

--
-- Indexes for table `teachers`
--
ALTER TABLE `teachers`
  ADD PRIMARY KEY (`id`),
  ADD UNIQUE KEY `email` (`email`),
  ADD KEY `teachers_employeeId_foreign` (`employeeId`),
  ADD KEY `teachers_statusId_foreign` (`statusId`),
  ADD KEY `teachers_privilegeId_foreign` (`privilegeId`),
  ADD KEY `teachers_educationlevelId_foreign` (`educationlevelId`),
  ADD KEY `teachers_rankId_foreign` (`rankId`),
  ADD KEY `teachers_groupId_foreign` (`groupId`),
  ADD KEY `teachers_schoolId_foreign` (`schoolId`),
  ADD KEY `teachers_majorId_foreign` (`majorId`);

--
-- Indexes for table `teachertasks`
--
ALTER TABLE `teachertasks`
  ADD PRIMARY KEY (`id`),
  ADD KEY `TeacherTasks_teacherId_foreign` (`teacherId`),
  ADD KEY `TeacherTasks_taskId_foreign` (`taskId`);

--
-- AUTO_INCREMENT for dumped tables
--

--
-- AUTO_INCREMENT for table `classes`
--
ALTER TABLE `classes`
  MODIFY `id` int(11) NOT NULL AUTO_INCREMENT, AUTO_INCREMENT=4;

--
-- AUTO_INCREMENT for table `departments`
--
ALTER TABLE `departments`
  MODIFY `id` int(11) NOT NULL AUTO_INCREMENT, AUTO_INCREMENT=3;

--
-- AUTO_INCREMENT for table `educationlevels`
--
ALTER TABLE `educationlevels`
  MODIFY `id` int(11) NOT NULL AUTO_INCREMENT, AUTO_INCREMENT=11;

--
-- AUTO_INCREMENT for table `employees`
--
ALTER TABLE `employees`
  MODIFY `id` int(11) NOT NULL AUTO_INCREMENT, AUTO_INCREMENT=27;

--
-- AUTO_INCREMENT for table `exams`
--
ALTER TABLE `exams`
  MODIFY `id` int(11) NOT NULL AUTO_INCREMENT;

--
-- AUTO_INCREMENT for table `groups`
--
ALTER TABLE `groups`
  MODIFY `id` int(11) NOT NULL AUTO_INCREMENT, AUTO_INCREMENT=5;

--
-- AUTO_INCREMENT for table `hoomrooms`
--
ALTER TABLE `hoomrooms`
  MODIFY `id` int(11) NOT NULL AUTO_INCREMENT, AUTO_INCREMENT=22;

--
-- AUTO_INCREMENT for table `majors`
--
ALTER TABLE `majors`
  MODIFY `id` int(11) NOT NULL AUTO_INCREMENT, AUTO_INCREMENT=19;

--
-- AUTO_INCREMENT for table `migrations`
--
ALTER TABLE `migrations`
  MODIFY `id` bigint(20) UNSIGNED NOT NULL AUTO_INCREMENT, AUTO_INCREMENT=97;

--
-- AUTO_INCREMENT for table `privileges`
--
ALTER TABLE `privileges`
  MODIFY `id` int(11) NOT NULL AUTO_INCREMENT, AUTO_INCREMENT=9;

--
-- AUTO_INCREMENT for table `ranks`
--
ALTER TABLE `ranks`
  MODIFY `id` int(11) NOT NULL AUTO_INCREMENT, AUTO_INCREMENT=5;

--
-- AUTO_INCREMENT for table `reportstudents`
--
ALTER TABLE `reportstudents`
  MODIFY `id` int(11) NOT NULL AUTO_INCREMENT;

--
-- AUTO_INCREMENT for table `resultexams`
--
ALTER TABLE `resultexams`
  MODIFY `id` int(11) NOT NULL AUTO_INCREMENT;

--
-- AUTO_INCREMENT for table `rooms`
--
ALTER TABLE `rooms`
  MODIFY `id` int(11) NOT NULL AUTO_INCREMENT, AUTO_INCREMENT=8;

--
-- AUTO_INCREMENT for table `scheduleexams`
--
ALTER TABLE `scheduleexams`
  MODIFY `id` bigint(11) NOT NULL AUTO_INCREMENT;

--
-- AUTO_INCREMENT for table `schools`
--
ALTER TABLE `schools`
  MODIFY `id` int(11) NOT NULL AUTO_INCREMENT, AUTO_INCREMENT=217;

--
-- AUTO_INCREMENT for table `semesters`
--
ALTER TABLE `semesters`
  MODIFY `id` int(11) NOT NULL AUTO_INCREMENT, AUTO_INCREMENT=5;

--
-- AUTO_INCREMENT for table `statuss`
--
ALTER TABLE `statuss`
  MODIFY `id` int(11) NOT NULL AUTO_INCREMENT, AUTO_INCREMENT=3;

--
-- AUTO_INCREMENT for table `students`
--
ALTER TABLE `students`
  MODIFY `id` int(11) NOT NULL AUTO_INCREMENT, AUTO_INCREMENT=644;

--
-- AUTO_INCREMENT for table `subjectdepartements`
--
ALTER TABLE `subjectdepartements`
  MODIFY `id` int(11) NOT NULL AUTO_INCREMENT, AUTO_INCREMENT=40;

--
-- AUTO_INCREMENT for table `subjects`
--
ALTER TABLE `subjects`
  MODIFY `id` int(11) NOT NULL AUTO_INCREMENT, AUTO_INCREMENT=31;

--
-- AUTO_INCREMENT for table `subjectteachers`
--
ALTER TABLE `subjectteachers`
  MODIFY `id` int(11) NOT NULL AUTO_INCREMENT, AUTO_INCREMENT=115;

--
-- AUTO_INCREMENT for table `tasks`
--
ALTER TABLE `tasks`
  MODIFY `id` int(11) NOT NULL AUTO_INCREMENT, AUTO_INCREMENT=20;

--
-- AUTO_INCREMENT for table `teachers`
--
ALTER TABLE `teachers`
  MODIFY `id` int(11) NOT NULL AUTO_INCREMENT, AUTO_INCREMENT=66;

--
-- AUTO_INCREMENT for table `teachertasks`
--
ALTER TABLE `teachertasks`
  MODIFY `id` int(11) NOT NULL AUTO_INCREMENT, AUTO_INCREMENT=70;

--
-- Constraints for dumped tables
--

--
-- Constraints for table `classes`
--
ALTER TABLE `classes`
  ADD CONSTRAINT `Classes_statusId_foreign` FOREIGN KEY (`statusId`) REFERENCES `statuss` (`id`);

--
-- Constraints for table `departments`
--
ALTER TABLE `departments`
  ADD CONSTRAINT `departments_statusId_foreign` FOREIGN KEY (`statusId`) REFERENCES `statuss` (`id`);

--
-- Constraints for table `educationlevels`
--
ALTER TABLE `educationlevels`
  ADD CONSTRAINT `EducationLevels_statusId_foreign` FOREIGN KEY (`statusId`) REFERENCES `statuss` (`id`);

--
-- Constraints for table `employees`
--
ALTER TABLE `employees`
  ADD CONSTRAINT `employees_statusId_foreign` FOREIGN KEY (`statusId`) REFERENCES `statuss` (`id`);

--
-- Constraints for table `exams`
--
ALTER TABLE `exams`
  ADD CONSTRAINT `exams_classId_foreign` FOREIGN KEY (`classId`) REFERENCES `classes` (`id`),
  ADD CONSTRAINT `exams_semesterId_foreign` FOREIGN KEY (`semesterId`) REFERENCES `semesters` (`id`),
  ADD CONSTRAINT `exams_statusId_foreign` FOREIGN KEY (`statusId`) REFERENCES `statuss` (`id`),
  ADD CONSTRAINT `exams_subjectId_foreign` FOREIGN KEY (`subjectId`) REFERENCES `subjects` (`id`);

--
-- Constraints for table `groups`
--
ALTER TABLE `groups`
  ADD CONSTRAINT `groups_statusId_foreign` FOREIGN KEY (`statusId`) REFERENCES `statuss` (`id`);

--
-- Constraints for table `hoomrooms`
--
ALTER TABLE `hoomrooms`
  ADD CONSTRAINT `hoomrooms_classId_foreign` FOREIGN KEY (`classId`) REFERENCES `classes` (`id`),
  ADD CONSTRAINT `hoomrooms_roomId_foreign` FOREIGN KEY (`roomId`) REFERENCES `rooms` (`id`),
  ADD CONSTRAINT `hoomrooms_statusId_foreign` FOREIGN KEY (`statusId`) REFERENCES `statuss` (`id`),
  ADD CONSTRAINT `hoomrooms_teacherId_foreign` FOREIGN KEY (`teacherId`) REFERENCES `teachers` (`id`);

--
-- Constraints for table `majors`
--
ALTER TABLE `majors`
  ADD CONSTRAINT `majors_statusId_foreign` FOREIGN KEY (`statusId`) REFERENCES `statuss` (`id`);

--
-- Constraints for table `privileges`
--
ALTER TABLE `privileges`
  ADD CONSTRAINT `privileges_statusId_foreign` FOREIGN KEY (`statusId`) REFERENCES `statuss` (`id`);

--
-- Constraints for table `ranks`
--
ALTER TABLE `ranks`
  ADD CONSTRAINT `ranks_statusId_foreign` FOREIGN KEY (`statusId`) REFERENCES `statuss` (`id`);

--
-- Constraints for table `reportstudents`
--
ALTER TABLE `reportstudents`
  ADD CONSTRAINT `reportstudents_classId_foreign` FOREIGN KEY (`classId`) REFERENCES `classes` (`id`),
  ADD CONSTRAINT `reportstudents_roomId_foreign` FOREIGN KEY (`roomId`) REFERENCES `rooms` (`id`),
  ADD CONSTRAINT `reportstudents_semesterId_foreign` FOREIGN KEY (`semesterId`) REFERENCES `semesters` (`id`),
  ADD CONSTRAINT `reportstudents_subjectId_foreign` FOREIGN KEY (`subjectId`) REFERENCES `subjects` (`id`);

--
-- Constraints for table `resultexams`
--
ALTER TABLE `resultexams`
  ADD CONSTRAINT `resultexams_examId_foreign` FOREIGN KEY (`examId`) REFERENCES `exams` (`id`),
  ADD CONSTRAINT `resultexams_semesterId_foreign` FOREIGN KEY (`semesterId`) REFERENCES `semesters` (`id`),
  ADD CONSTRAINT `resultexams_statusId_foreign` FOREIGN KEY (`statusId`) REFERENCES `statuss` (`id`),
  ADD CONSTRAINT `resultexams_studentId_foreign` FOREIGN KEY (`studentId`) REFERENCES `students` (`id`);

--
-- Constraints for table `rooms`
--
ALTER TABLE `rooms`
  ADD CONSTRAINT `rooms_departmentId_foreign` FOREIGN KEY (`departmentId`) REFERENCES `departments` (`id`),
  ADD CONSTRAINT `rooms_statusId_foreign` FOREIGN KEY (`statusId`) REFERENCES `statuss` (`id`);

--
-- Constraints for table `scheduleexams`
--
ALTER TABLE `scheduleexams`
  ADD CONSTRAINT `scheduleexams_classId_foreign` FOREIGN KEY (`classId`) REFERENCES `classes` (`id`),
  ADD CONSTRAINT `scheduleexams_semesterId_foreign` FOREIGN KEY (`semesterId`) REFERENCES `semesters` (`id`),
  ADD CONSTRAINT `scheduleexams_statusId_foreign` FOREIGN KEY (`statusId`) REFERENCES `statuss` (`id`),
  ADD CONSTRAINT `scheduleexams_subjectId_foreign` FOREIGN KEY (`subjectId`) REFERENCES `subjects` (`id`);

--
-- Constraints for table `schools`
--
ALTER TABLE `schools`
  ADD CONSTRAINT `schools_statusId_foreign` FOREIGN KEY (`statusId`) REFERENCES `statuss` (`id`);

--
-- Constraints for table `semesters`
--
ALTER TABLE `semesters`
  ADD CONSTRAINT `semesters_statusId_foreign` FOREIGN KEY (`statusId`) REFERENCES `statuss` (`id`);

--
-- Constraints for table `students`
--
ALTER TABLE `students`
  ADD CONSTRAINT `students_classId_foreign` FOREIGN KEY (`classId`) REFERENCES `classes` (`id`),
  ADD CONSTRAINT `students_fatherEmployeeId_foreign` FOREIGN KEY (`fatherEmployeeId`) REFERENCES `employees` (`id`),
  ADD CONSTRAINT `students_fatherSchoolId_foreign` FOREIGN KEY (`fatherSchoolId`) REFERENCES `schools` (`id`),
  ADD CONSTRAINT `students_motherEmployeeId_foreign` FOREIGN KEY (`motherEmployeeId`) REFERENCES `employees` (`id`),
  ADD CONSTRAINT `students_motherSchoolId_foreign` FOREIGN KEY (`motherSchoolId`) REFERENCES `schools` (`id`),
  ADD CONSTRAINT `students_privilegeId_foreign` FOREIGN KEY (`privilegeId`) REFERENCES `privileges` (`id`),
  ADD CONSTRAINT `students_roomId_foreign` FOREIGN KEY (`roomId`) REFERENCES `rooms` (`id`),
  ADD CONSTRAINT `students_schoolId_foreign` FOREIGN KEY (`schoolId`) REFERENCES `schools` (`id`),
  ADD CONSTRAINT `students_statusId_foreign` FOREIGN KEY (`statusId`) REFERENCES `statuss` (`id`);

--
-- Constraints for table `subjectdepartements`
--
ALTER TABLE `subjectdepartements`
  ADD CONSTRAINT `subjectDepartements_departmentId_foreign` FOREIGN KEY (`departmentId`) REFERENCES `departments` (`id`),
  ADD CONSTRAINT `subjectDepartements_subjectId_foreign` FOREIGN KEY (`subjectId`) REFERENCES `subjects` (`id`);

--
-- Constraints for table `subjects`
--
ALTER TABLE `subjects`
  ADD CONSTRAINT `subjects_statusId_foreign` FOREIGN KEY (`statusId`) REFERENCES `statuss` (`id`);

--
-- Constraints for table `subjectteachers`
--
ALTER TABLE `subjectteachers`
  ADD CONSTRAINT `SubjectTeachers_classId_foreign` FOREIGN KEY (`classId`) REFERENCES `classes` (`id`),
  ADD CONSTRAINT `SubjectTeachers_subjectId_foreign` FOREIGN KEY (`subjectId`) REFERENCES `subjects` (`id`),
  ADD CONSTRAINT `SubjectTeachers_teacherId_foreign` FOREIGN KEY (`teacherId`) REFERENCES `teachers` (`id`);

--
-- Constraints for table `tasks`
--
ALTER TABLE `tasks`
  ADD CONSTRAINT `tasks_statusId_foreign` FOREIGN KEY (`statusId`) REFERENCES `statuss` (`id`);

--
-- Constraints for table `teachers`
--
ALTER TABLE `teachers`
  ADD CONSTRAINT `teachers_educationlevelId_foreign` FOREIGN KEY (`educationlevelId`) REFERENCES `educationlevels` (`id`),
  ADD CONSTRAINT `teachers_employeeId_foreign` FOREIGN KEY (`employeeId`) REFERENCES `employees` (`id`),
  ADD CONSTRAINT `teachers_groupId_foreign` FOREIGN KEY (`groupId`) REFERENCES `groups` (`id`),
  ADD CONSTRAINT `teachers_majorId_foreign` FOREIGN KEY (`majorId`) REFERENCES `majors` (`id`),
  ADD CONSTRAINT `teachers_privilegeId_foreign` FOREIGN KEY (`privilegeId`) REFERENCES `privileges` (`id`),
  ADD CONSTRAINT `teachers_rankId_foreign` FOREIGN KEY (`rankId`) REFERENCES `ranks` (`id`),
  ADD CONSTRAINT `teachers_schoolId_foreign` FOREIGN KEY (`schoolId`) REFERENCES `schools` (`id`),
  ADD CONSTRAINT `teachers_statusId_foreign` FOREIGN KEY (`statusId`) REFERENCES `statuss` (`id`);

--
-- Constraints for table `teachertasks`
--
ALTER TABLE `teachertasks`
  ADD CONSTRAINT `TeacherTasks_taskId_foreign` FOREIGN KEY (`taskId`) REFERENCES `tasks` (`id`),
  ADD CONSTRAINT `TeacherTasks_teacherId_foreign` FOREIGN KEY (`teacherId`) REFERENCES `teachers` (`id`);
COMMIT;

/*!40101 SET CHARACTER_SET_CLIENT=@OLD_CHARACTER_SET_CLIENT */;
/*!40101 SET CHARACTER_SET_RESULTS=@OLD_CHARACTER_SET_RESULTS */;
/*!40101 SET COLLATION_CONNECTION=@OLD_COLLATION_CONNECTION */;
